x0,y0,c0,x1,y1,c1,x2,y2,c2,x3,y3,c3,x4,y4,c4,x5,y5,c5
100.251,219.515,0.879,149.581,200.999,0.942,203.536,170.420,0.909,245.075,147.108,0.864,288.500,123.374,0.896,329.579,93.666,0.963
102.883,216.977,0.934,154.021,196.885,0.933,204.225,173.227,0.918,249.438,148.210,0.935,291.230,116.498,0.887,326.002,91.895,0.909
107.541,220.939,0.897,157.632,197.382,0.920,205.290,170.945,0.941,249.663,138.898,0.965,290.317,115.616,0.935,322.518,92.170,0.947
109.515,218.555,0.906,160.334,195.474,0.934,204.729,167.859,0.906,250.805,145.073,0.859,288.096,117.827,0.902,325.475,88.931,0.882
111.177,218.640,0.957,161.014,195.711,0.919,203.428,171.931,0.909,253.548,138.618,0.898,289.120,112.791,0.933,325.895,85.023,0.893
115.781,219.699,0.911,164.192,197.270,0.936,208.128,165.026,0.908,248.455,142.030,0.900,288.019,112.474,0.908,323.611,84.671,0.940
120.311,217.951,0.950,162.817,191.226,0.907,209.617,163.985,0.870,250.616,138.929,0.915,286.950,112.396,0.886,320.731,83.907,0.912
122.050,215.325,0.905,163.203,190.088,0.913,204.660,166.193,0.914,249.550,139.789,0.927,287.706,111.658,0.908,320.871,84.612,0.936
120.980,211.683,0.930,167.195,188.095,0.905,212.589,162.443,0.884,252.460,137.483,0.940,284.665,111.045,0.911,320.521,80.979,0.896
121.844,210.163,0.895,167.584,187.574,0.891,205.092,159.788,0.906,250.637,137.493,0.904,285.112,109.938,0.908,321.226,82.959,0.883
124.851,207.518,0.864,169.786,181.610,0.946,209.411,158.607,0.926,248.450,136.459,0.906,285.665,106.571,0.929,311.500,84.538,0.941
127.617,207.153,0.894,169.803,181.664,0.911,207.491,156.764,0.916,246.232,135.289,0.873,282.281,103.155,0.880,314.093,84.162,0.968
124.021,209.876,0.905,170.148,177.260,0.912,206.845,155.526,0.864,248.991,131.179,0.919,282.840,106.101,0.944,312.902,82.911,0.884
129.058,204.118,0.923,168.594,181.514,0.960,207.981,153.244,0.895,244.855,129.825,0.945,276.846,107.583,0.950,311.927,81.063,0.927
127.507,202.191,0.924,168.593,177.974,0.926,209.172,153.474,0.886,244.413,128.144,0.908,275.046,107.930,0.887,309.883,83.288,0.951
128.710,200.311,0.941,164.622,175.295,0.935,207.658,151.442,0.942,239.795,126.906,0.880,276.684,104.272,0.980,310.244,81.718,0.964
128.933,199.249,0.900,168.954,176.435,0.912,203.311,151.112,0.911,242.293,126.675,0.925,274.143,101.898,0.901,304.972,79.820,0.950
128.910,198.421,0.919,175.083,172.508,0.933,202.069,148.495,0.813,238.285,123.439,0.946,271.269,103.543,0.941,303.344,79.378,0.931
129.564,193.611,0.907,166.241,173.646,0.975,204.319,147.440,0.919,239.285,122.717,0.941,272.030,105.755,0.930,302.681,81.510,0.959
129.712,193.698,0.948,166.302,167.673,0.934,203.751,147.361,0.944,237.292,124.517,0.928,269.763,99.358,0.912,303.987,78.329,0.901
125.956,196.441,0.930,162.347,165.517,0.977,196.786,143.531,0.976,237.868,123.625,0.902,266.147,103.910,0.943,299.137,77.398,0.910
127.248,183.458,0.949,161.233,165.585,0.935,204.849,141.947,0.923,235.213,121.807,0.900,266.659,100.716,0.932,294.904,81.983,0.915
121.220,186.263,0.882,161.469,165.962,0.946,196.473,143.711,0.943,229.953,121.946,0.914,260.736,96.218,0.938,296.180,79.958,0.940
121.044,185.259,0.945,162.306,162.756,0.891,195.819,141.420,0.945,227.000,117.600,0.940,260.269,98.409,0.904,291.527,79.589,0.928
119.720,184.167,0.911,155.750,163.359,0.934,194.529,140.106,0.903,224.232,121.737,0.886,257.578,103.333,0.904,289.203,82.745,0.914
115.479,183.363,0.940,153.976,164.636,0.935,191.649,139.623,0.913,226.610,116.679,0.944,258.460,104.003,0.951,288.482,78.874,0.910
111.017,180.718,0.897,154.551,161.706,0.948,182.334,139.993,0.888,219.798,119.679,0.950,257.203,98.439,0.878,286.085,81.497,0.916
107.741,187.583,0.933,149.632,165.052,0.859,185.305,142.731,0.908,219.729,121.198,0.970,256.403,101.571,0.900,287.929,80.398,0.923
105.647,180.158,0.914,144.574,161.217,0.887,184.040,138.806,0.902,216.165,119.152,0.913,250.514,102.033,0.960,287.587,81.418,0.919
103.913,180.897,0.898,145.255,163.741,0.930,183.209,138.498,0.914,215.828,122.219,0.892,252.678,102.494,0.902,285.221,87.553,0.945
98.330,179.906,0.885,142.266,160.824,0.946,180.152,142.373,0.949,213.810,119.950,0.928,248.586,101.885,0.920,281.922,81.484,0.946
96.806,181.537,0.967,134.561,155.057,0.929,173.311,142.030,0.939,211.984,119.655,0.943,244.585,104.520,0.933,281.820,80.809,0.920
93.816,181.871,0.926,135.565,160.128,0.830,172.816,140.968,0.913,206.541,122.515,0.896,243.212,98.438,0.896,276.206,85.537,0.916
92.195,181.982,0.933,131.847,156.080,0.907,168.338,142.782,0.902,205.732,123.139,0.842,242.611,106.731,0.912,277.736,86.327,0.915
88.622,184.954,0.848,129.166,159.760,0.931,169.478,143.048,0.876,206.610,121.876,0.902,240.306,110.372,0.894,280.045,86.845,0.925
86.118,182.806,0.897,127.539,162.350,0.951,162.633,140.553,0.923,205.390,124.871,0.913,241.579,105.304,0.919,275.699,86.553,0.885
81.477,186.258,0.935,126.727,164.146,0.920,164.372,143.005,0.889,204.312,125.594,0.915,238.539,106.020,0.928,275.356,90.281,0.945
80.097,182.623,0.900,121.550,165.849,0.929,162.197,143.514,0.925,196.222,124.007,0.925,235.083,110.431,0.916,276.021,93.559,0.889
79.715,189.097,0.898,120.651,168.624,0.897,162.109,142.558,0.923,199.950,125.032,0.947,234.031,110.283,0.905,272.680,87.809,0.897
79.170,189.778,0.923,118.764,166.783,0.907,159.751,149.393,0.960,196.849,124.922,0.904,235.053,111.608,0.952,269.295,92.667,0.921
71.966,191.619,0.894,116.388,165.311,0.939,159.793,148.819,0.903,196.467,129.662,0.926,238.691,112.785,0.927,273.256,93.720,0.888
76.098,192.622,0.898,113.542,171.982,0.931,157.769,151.607,0.893,193.678,133.547,0.933,233.960,111.230,0.896,270.045,95.046,0.916
74.648,193.655,0.893,115.724,171.387,0.939,148.847,148.186,0.955,195.229,131.468,0.863,231.120,115.706,0.909,269.490,95.752,0.956
72.718,191.652,0.928,109.899,171.677,0.934,152.223,152.078,0.865,193.274,132.240,0.911,235.458,117.355,0.921,270.287,96.898,0.855
71.204,197.287,0.899,109.870,175.188,0.904,154.941,153.621,0.889,194.239,136.286,0.892,232.583,111.882,0.912,271.049,96.045,0.959
69.895,200.020,0.954,110.091,178.236,0.947,149.064,156.711,0.923,188.638,133.542,0.905,227.369,118.566,0.895,266.665,99.873,0.848
73.615,201.088,0.875,112.111,178.490,0.913,152.905,158.044,0.899,195.573,135.826,0.884,234.336,121.513,0.936,272.058,100.849,0.917
75.122,205.536,0.932,109.413,176.808,0.934,149.262,157.699,0.946,187.542,137.878,0.915,233.113,120.729,0.932,271.086,103.534,0.915
75.629,205.996,0.937,113.213,181.520,0.906,149.574,160.568,0.900,191.436,137.324,0.930,229.613,121.072,0.898,273.874,103.905,0.860
75.793,209.780,0.869,110.458,186.763,0.958,151.619,161.718,0.980,189.027,141.901,0.894,228.981,125.820,0.940,272.004,97.927,0.876
75.314,209.397,0.913,109.721,187.976,0.900,150.666,163.227,0.907,190.707,142.116,0.933,229.948,125.682,0.887,272.635,106.178,0.902
73.905,213.267,0.894,114.072,189.617,0.922,151.898,165.341,0.914,187.690,143.402,0.904,234.177,127.296,0.846,275.038,108.241,0.943
78.300,214.158,0.892,113.404,189.033,0.946,153.719,166.443,0.890,192.743,147.170,0.886,231.933,130.324,0.900,272.869,109.096,0.907
81.854,215.158,0.957,115.328,181.457,0.958,151.072,167.396,0.927,194.424,145.755,0.865,233.985,124.793,0.876,270.593,110.133,0.950
80.416,214.565,0.929,116.634,192.621,0.937,154.216,169.514,0.914,188.708,148.432,0.948,233.411,126.189,0.918,274.653,113.075,0.977
86.428,220.560,0.897,118.658,192.798,0.956,154.232,173.190,0.901,192.464,148.940,0.934,230.941,130.627,0.960,273.428,113.625,0.913
89.307,218.173,0.888,116.419,196.399,0.943,154.967,172.961,0.928,193.982,150.454,0.971,237.108,130.913,0.872,277.144,114.466,0.903
92.783,217.222,0.935,118.523,197.023,0.910,160.400,174.887,0.877,195.462,153.121,0.888,234.846,135.610,0.945,278.828,111.153,0.899
92.067,222.912,0.904,123.863,198.020,0.944,157.120,174.696,0.945,198.011,154.030,0.959,236.416,134.049,0.986,278.092,113.497,0.909
96.225,218.883,0.933,128.680,198.292,0.923,158.973,179.529,0.912,197.585,153.552,0.909,238.240,134.407,0.900,284.224,110.592,0.931
99.823,218.915,0.950,131.067,199.394,0.886,163.034,171.937,0.871,199.555,158.777,0.917,241.995,134.892,0.876,285.719,117.935,0.891
101.504,220.921,0.924,130.174,199.429,0.900,164.765,179.059,0.950,202.015,155.244,0.884,242.417,133.797,0.933,285.014,113.368,0.964
110.435,217.417,0.906,132.289,198.252,0.933,167.912,178.274,0.895,202.130,153.824,0.872,242.866,136.590,0.927,284.044,118.332,0.916
109.009,218.423,0.882,134.656,196.449,0.896,171.613,178.283,0.925,202.669,158.424,0.913,241.530,134.594,0.941,284.204,118.526,0.923
113.602,215.412,0.929,137.237,198.624,0.965,172.951,178.519,0.916,207.298,159.661,0.938,247.936,138.316,0.953,288.546,120.085,0.879
115.236,214.276,0.944,142.167,201.473,0.897,174.626,176.848,0.949,212.215,159.290,0.861,248.653,140.261,0.924,288.801,120.297,0.896
121.565,216.921,0.837,142.570,201.235,0.885,176.932,180.096,0.917,215.355,156.922,0.956,247.588,137.590,0.920,292.481,121.273,0.917
123.491,215.218,0.919,148.862,200.805,0.938,174.674,181.279,0.914,214.598,158.915,0.935,249.160,139.273,0.912,294.507,115.850,0.911
124.349,216.679,0.930,149.746,200.314,0.902,180.550,180.867,0.852,214.771,164.305,0.939,253.878,139.264,0.939,290.820,123.063,0.895
120.663,216.164,0.841,154.362,202.060,1.000,185.439,177.880,0.917,219.071,162.752,0.913,256.047,142.221,0.915,293.241,121.116,0.941
126.896,211.358,0.928,154.078,200.716,0.910,184.608,178.867,0.954,220.389,159.238,0.967,255.405,140.275,0.940,296.918,121.202,0.896
129.596,209.781,0.881,156.594,192.910,0.956,187.671,181.428,0.942,221.990,156.694,0.925,261.282,140.903,0.903,300.594,120.049,0.905
131.373,204.638,0.935,159.865,194.476,0.944,187.747,179.959,0.934,224.877,159.071,0.922,262.505,141.082,0.894,302.760,120.757,0.938
128.954,204.094,0.968,164.346,195.977,0.911,194.233,177.680,0.933,226.262,162.653,0.918,264.933,139.995,0.917,303.789,119.246,0.902
134.336,203.144,0.881,163.815,196.040,0.893,193.450,179.242,0.931,227.386,158.614,0.934,264.080,142.448,0.894,303.589,118.468,0.894
128.227,202.833,0.890,165.774,193.417,0.928,196.332,181.146,0.940,233.822,159.138,0.970,266.402,141.444,0.937,306.789,117.995,0.902
129.392,200.011,0.911,169.241,190.780,0.896,198.441,174.949,0.940,226.948,157.803,0.890,270.334,141.763,0.912,317.016,116.533,0.892
132.106,196.395,0.903,169.729,189.672,0.919,201.333,172.138,0.884,233.678,154.191,0.898,274.136,143.972,0.909,306.707,119.220,0.911
129.532,194.348,0.874,166.515,187.853,0.899,201.248,172.740,0.893,235.792,161.809,0.953,273.818,136.715,0.957,310.519,124.454,0.931
132.325,191.141,0.922,171.052,184.852,0.921,205.987,171.792,0.888,242.533,156.103,0.913,270.373,138.577,0.912,315.956,120.725,0.883
127.283,188.103,0.885,174.639,182.465,0.910,206.897,169.185,0.945,239.352,154.706,0.963,276.776,140.774,0.894,315.512,116.522,0.885
123.941,187.367,0.927,171.203,182.816,1.000,206.029,169.872,0.910,246.218,159.558,0.933,278.930,137.206,0.946,316.526,114.007,0.946
122.488,187.434,0.879,171.972,186.144,0.908,206.955,173.406,0.867,244.805,154.901,0.975,281.480,138.576,0.941,319.621,117.746,0.867
118.851,186.540,0.951,171.586,178.876,0.912,209.296,171.114,0.912,245.030,157.014,0.902,285.729,134.768,0.881,319.541,113.793,0.983
116.049,184.352,0.915,166.277,177.133,0.925,210.234,167.135,0.944,245.901,149.506,0.901,285.887,134.574,0.979,320.385,116.488,0.972
117.243,184.240,0.874,169.638,180.019,0.916,209.938,165.680,0.947,247.944,152.269,0.927,283.882,134.958,0.920,323.183,116.422,0.941
114.358,186.339,0.896,166.898,176.003,0.904,208.735,167.214,0.975,249.008,144.704,0.922,287.064,132.333,0.920,323.017,112.965,0.896
112.865,182.416,0.937,165.507,169.147,0.875,213.684,159.634,0.889,248.996,148.592,0.934,283.741,132.841,0.939,323.065,115.259,0.915
105.745,180.841,0.914,170.692,170.547,0.918,211.244,159.214,0.950,247.296,147.745,0.893,288.866,132.811,0.926,326.032,113.484,0.864
107.542,180.915,0.957,166.279,165.600,0.912,210.842,158.810,0.934,251.518,141.677,0.924,287.615,128.637,1.000,325.686,110.921,0.870
100.465,177.009,0.938,161.855,167.200,0.912,209.460,157.379,0.917,246.146,144.458,0.912,287.373,131.001,0.906,332.362,110.067,0.977
101.064,182.274,0.900,163.170,165.486,0.898,210.159,158.975,0.892,245.929,143.727,0.926,289.442,127.491,0.901,327.674,110.091,0.948
93.959,181.958,0.960,155.824,163.007,0.941,206.504,151.693,0.948,249.125,138.954,0.944,288.098,127.271,0.966,332.581,107.044,0.936
90.332,182.541,0.891,154.336,167.538,0.885,208.802,153.625,0.905,249.477,139.276,0.894,292.751,125.103,0.936,331.956,105.796,0.947
89.383,181.035,0.902,156.468,164.879,0.976,208.117,152.402,0.918,253.931,140.226,0.858,290.538,124.202,0.950,329.413,105.879,0.904
88.159,182.160,0.938,150.649,161.400,0.923,206.384,150.528,0.938,249.171,134.329,0.907,292.296,124.259,0.908,331.745,103.238,0.937
83.796,182.105,0.962,150.153,159.976,0.990,204.507,145.588,0.942,256.294,136.821,0.921,294.165,121.172,0.916,333.438,105.075,0.949
79.874,186.340,0.907,146.311,161.290,0.968,203.450,146.634,0.910,249.744,134.636,0.960,291.483,117.396,0.941,334.355,99.667,0.918
76.154,193.432,0.900,143.807,158.919,0.989,200.175,143.235,0.847,247.058,132.188,0.892,288.303,118.987,0.881,330.013,101.647,0.893
74.068,190.277,0.938,143.047,160.425,0.902,198.156,146.722,0.908,245.021,133.167,0.976,290.682,116.372,0.928,331.103,96.289,0.908
76.178,195.236,0.912,138.869,162.553,0.916,196.369,143.053,0.873,244.885,129.758,0.912,288.996,115.340,0.937,329.388,97.200,1.000
75.737,191.421,0.922,134.767,161.667,0.940,198.068,141.492,0.875,246.846,130.021,0.969,289.800,113.434,0.950,328.396,98.056,0.917
72.315,195.295,0.943,135.748,161.850,0.931,194.787,143.958,0.876,245.354,127.653,0.922,287.965,110.969,0.952,328.123,97.303,0.879
69.694,199.078,0.889,132.466,163.946,0.876,192.815,137.687,0.884,244.353,125.492,0.900,287.618,112.713,0.894,327.671,95.204,0.916
73.109,201.522,0.902,127.399,159.737,0.939,186.413,141.997,0.919,239.672,124.542,0.920,283.519,108.479,0.877,328.258,91.692,0.938
68.649,197.683,0.922,127.156,164.835,0.946,183.894,143.908,0.932,235.399,128.009,0.925,285.330,108.736,0.877,329.404,94.219,0.907
69.959,202.348,0.950,126.977,164.702,0.902,185.241,143.581,0.917,235.367,125.067,0.898,285.060,107.781,0.903,325.798,91.917,0.930
73.130,207.349,0.917,118.434,166.525,0.899,179.643,143.534,0.914,234.659,128.439,0.900,284.477,106.785,0.901,327.882,94.413,0.879
68.211,210.715,0.885,119.312,163.742,0.927,180.533,139.097,0.855,231.925,121.864,0.969,280.760,108.649,0.914,324.606,90.813,0.955
74.621,208.012,0.916,113.395,166.364,0.908,170.052,145.436,0.958,232.080,122.514,0.878,281.578,106.975,0.915,325.733,89.341,0.932
74.122,209.658,0.917,118.449,170.091,0.912,175.556,144.238,0.873,227.119,122.392,0.864,275.163,103.414,0.871,325.622,89.511,0.921
77.225,210.162,0.874,116.533,177.084,0.904,171.244,141.624,0.893,227.972,125.891,0.964,276.859,100.320,0.937,324.523,86.395,0.934
78.843,214.348,0.935,111.666,170.564,0.902,166.391,141.946,0.841,224.981,125.005,0.939,278.090,104.070,0.925,316.963,86.586,0.924
81.630,214.669,0.852,108.809,174.309,0.863,165.139,143.466,0.986,220.339,122.679,0.894,276.556,102.554,0.934,318.582,86.731,0.914
85.066,220.895,0.940,110.911,183.579,0.871,164.625,144.810,0.869,219.505,122.026,0.938,279.401,101.546,0.923,320.217,83.147,0.921
84.805,221.460,0.897,109.023,179.268,0.942,164.320,143.264,0.912,217.256,121.925,0.855,267.808,99.393,0.991,316.632,87.233,0.921
91.973,219.983,0.862,114.572,182.699,0.975,161.231,146.841,0.868,220.471,120.984,0.878,270.566,100.316,0.951,317.526,81.101,0.939
93.526,223.052,0.947,113.728,182.066,0.917,159.680,149.222,0.948,217.106,121.242,0.901,268.361,99.072,0.919,317.483,82.719,0.965
96.806,222.419,0.909,110.475,187.895,0.851,155.388,145.805,0.953,214.111,122.701,0.968,263.739,103.047,0.947,312.031,80.330,0.972
100.561,221.361,0.888,112.571,187.073,0.909,159.135,151.975,0.940,210.561,121.330,0.912,258.916,98.582,0.954,311.436,80.792,0.888
102.953,222.837,0.914,110.049,188.839,0.933,155.702,150.085,0.888,209.638,123.048,0.919,261.190,98.532,0.934,305.739,83.112,0.917
106.213,222.758,0.901,114.557,191.946,0.889,155.184,155.064,0.923,207.870,123.175,0.935,259.635,103.282,0.907,308.509,85.304,0.925
107.789,221.014,0.887,114.866,190.224,0.928,149.038,153.858,0.881,202.563,125.301,0.880,255.391,104.836,0.885,304.970,80.611,0.946
107.829,219.176,0.944,117.768,192.544,0.965,148.244,151.419,0.934,201.206,124.509,0.907,257.605,103.470,0.918,301.556,82.339,0.957
113.355,219.248,0.900,117.879,192.030,0.905,152.443,156.055,0.930,202.971,124.833,0.905,257.524,105.343,0.890,302.303,80.821,0.911
114.895,219.183,0.933,120.566,198.360,0.872,150.821,160.885,0.941,195.199,123.565,0.969,250.804,102.231,0.919,298.064,79.651,0.920
116.233,220.313,0.928,119.866,192.160,0.865,151.712,161.546,0.893,197.691,126.076,0.909,247.735,101.032,0.877,296.450,83.961,0.984
122.047,215.064,0.912,123.385,197.574,0.921,149.894,160.020,0.926,198.323,130.841,0.978,245.747,103.791,0.854,296.071,84.323,0.903
122.625,214.533,0.912,125.541,197.064,0.926,152.325,162.191,0.901,198.898,129.146,0.958,244.676,102.650,0.967,292.966,84.843,0.909
123.689,215.628,0.876,131.697,199.278,0.878,148.267,166.499,0.905,197.377,131.210,0.921,243.566,104.408,0.954,292.998,80.658,0.918
125.384,210.488,0.902,136.328,201.528,0.912,153.983,165.702,0.929,196.625,134.427,0.894,243.868,102.594,0.882,290.443,84.807,0.932
129.444,211.526,0.907,134.236,202.218,0.939,152.450,165.698,0.959,189.195,133.364,0.888,240.263,105.748,0.963,291.193,81.198,0.926
130.761,205.636,0.946,137.736,203.127,0.939,156.138,168.321,0.900,191.791,136.398,0.915,241.213,107.984,0.966,291.546,83.867,0.967
133.512,204.988,0.942,137.783,198.282,0.934,154.680,171.331,0.924,187.652,134.330,0.931,237.082,111.168,0.930,286.077,82.479,0.938
131.342,203.143,0.943,142.685,198.818,0.928,157.608,174.774,0.932,193.106,141.303,0.950,238.303,112.963,1.000,284.274,84.212,0.980
133.629,204.427,0.903,144.853,203.044,0.908,155.627,173.401,0.887,189.254,138.365,0.907,236.960,111.868,0.897,283.728,84.764,0.950
134.196,199.644,0.914,147.833,200.318,0.991,161.833,175.615,0.902,190.757,141.884,0.933,237.903,110.342,0.877,280.942,89.283,0.929
133.212,194.905,0.923,146.109,201.584,0.898,159.751,176.232,0.886,193.049,140.769,0.946,238.042,113.723,0.891,282.910,85.786,0.867
125.379,192.893,0.953,155.387,199.837,0.930,164.604,180.153,0.923,194.719,141.685,0.944,235.204,116.834,0.920,276.027,87.378,0.969
131.453,197.390,0.906,157.619,202.885,0.932,164.134,181.157,0.994,191.939,147.386,0.849,235.392,114.028,0.916,279.622,86.780,1.000
128.260,192.680,0.943,160.519,196.985,0.886,168.877,181.902,0.930,194.367,147.959,0.906,234.857,116.636,0.908,275.357,92.225,0.916
126.729,188.949,0.984,157.848,199.418,0.909,169.574,179.952,0.916,196.285,149.766,0.945,231.157,118.875,0.944,277.064,91.283,0.917
124.659,189.919,0.868,158.081,194.489,0.937,170.096,183.416,0.908,196.482,151.234,0.911,232.815,120.706,0.937,275.233,91.665,0.969
122.473,185.414,0.938,163.197,195.715,0.887,176.498,180.598,0.972,196.041,150.928,0.955,230.549,118.417,0.923,275.415,93.712,0.941
119.917,186.229,0.943,167.001,195.208,0.902,178.592,182.313,0.943,194.795,151.000,0.912,231.196,118.171,0.918,273.530,94.593,0.864
115.937,183.068,0.894,166.327,191.866,0.887,178.489,183.553,0.939,199.800,152.713,0.924,233.863,122.475,0.878,276.191,95.669,0.936
110.065,183.654,0.918,169.309,188.396,0.909,183.320,186.868,0.984,202.412,156.508,0.960,232.400,126.316,0.913,274.080,98.558,0.898
110.730,180.283,0.893,172.121,187.078,0.924,186.775,179.054,0.912,203.182,157.316,0.906,236.727,126.351,0.963,270.261,98.858,0.890
106.318,182.898,0.925,171.366,186.320,0.978,187.700,179.317,0.945,203.599,158.690,0.897,236.425,127.169,0.907,272.638,100.124,0.893
106.995,183.912,0.917,172.877,182.608,0.863,192.316,185.985,0.922,203.619,158.309,0.996,235.819,131.484,0.962,274.098,99.671,0.861
101.133,181.348,0.906,172.068,183.285,0.923,191.135,181.694,0.892,205.059,160.913,0.948,232.947,128.770,0.914,271.074,98.502,0.891
98.752,183.012,0.927,170.126,181.557,0.936,195.207,182.232,0.971,208.024,160.643,0.928,232.454,131.837,0.929,275.913,98.106,0.868
93.795,180.648,0.949,171.400,178.882,0.873,195.467,182.386,0.918,211.045,158.620,0.937,237.445,133.119,0.912,272.731,98.402,0.870
91.451,182.207,0.931,170.190,179.858,0.918,196.150,176.650,0.998,216.087,157.934,0.906,234.191,136.359,0.948,271.925,103.438,0.924
89.529,183.879,0.930,169.554,173.224,0.887,197.000,177.541,0.975,213.846,160.692,0.996,236.746,133.716,0.901,273.418,108.920,0.953
83.794,186.114,0.950,170.729,174.018,0.940,202.696,181.227,0.895,215.404,161.339,0.900,242.223,136.072,0.936,270.040,110.599,0.923
84.743,185.733,0.878,170.541,173.568,0.896,201.705,176.429,0.899,217.477,157.939,0.932,242.032,132.133,0.919,276.956,109.253,0.987
81.500,185.929,0.929,167.461,167.733,0.969,202.260,174.888,0.916,220.619,158.870,0.925,241.651,136.236,0.903,276.242,110.160,0.931
77.131,186.121,0.898,166.154,172.265,0.956,201.568,175.790,0.933,223.004,161.420,0.919,244.336,139.819,0.915,275.655,112.136,0.934
72.741,189.777,0.912,160.826,165.554,0.908,211.976,172.373,0.948,218.429,161.293,0.960,244.678,137.009,0.883,272.761,110.812,0.913
76.864,189.498,0.928,162.451,168.130,0.951,210.816,170.232,0.920,226.536,158.844,0.887,245.512,139.266,0.979,277.128,115.246,0.908
73.828,195.302,0.959,160.153,164.916,0.965,208.646,169.934,0.932,231.878,158.166,0.916,250.758,136.147,0.917,278.883,116.017,0.952
72.249,192.091,0.828,157.758,164.234,0.905,212.432,166.877,0.938,232.395,161.859,0.869,248.636,139.283,0.894,277.586,111.933,0.919
72.035,198.153,0.938,156.027,165.291,0.923,209.215,169.092,0.852,232.495,159.545,0.929,253.665,144.757,0.889,279.788,116.646,0.935
75.660,199.275,0.885,155.158,159.134,0.925,212.608,161.030,0.912,237.178,159.793,0.912,253.853,141.971,0.942,280.524,117.330,0.943
71.773,201.292,0.925,147.963,162.892,0.899,214.269,161.866,0.961,234.932,155.252,0.956,255.356,141.908,0.912,286.348,116.836,0.944
72.221,203.918,0.949,147.233,165.284,0.981,209.596,159.739,0.927,240.988,163.381,0.903,260.414,142.080,0.894,283.335,118.576,0.837
69.576,207.323,0.876,144.724,155.625,0.898,213.880,156.844,0.859,240.433,155.509,0.935,259.931,139.720,0.945,283.283,121.950,0.927
76.668,208.705,0.904,146.453,160.581,0.893,208.742,159.409,0.914,241.649,158.227,0.969,263.847,139.201,0.924,287.526,121.353,0.932
76.345,207.365,0.933,139.233,164.652,0.963,210.666,155.197,0.915,245.462,155.814,0.918,264.370,142.782,0.919,288.302,118.963,0.874
78.080,214.032,0.905,135.399,161.137,0.907,209.353,154.606,0.917,240.909,151.668,0.913,267.110,139.489,0.937,292.565,122.842,0.885
77.762,211.641,0.880,137.441,162.439,0.898,208.802,151.309,0.875,247.903,152.795,0.953,268.017,143.902,0.987,290.896,122.474,0.918
81.487,214.859,0.921,134.038,163.279,0.917,208.763,153.449,0.940,247.880,148.587,0.956,270.153,140.245,0.938,295.649,121.114,0.906
82.627,217.976,0.888,126.092,163.679,0.932,208.321,148.052,0.927,247.618,147.989,0.899,267.567,140.721,0.935,296.533,123.065,0.960
85.563,217.908,0.927,126.972,167.641,0.915,205.250,149.907,0.933,253.355,153.327,0.911,273.001,137.380,0.884,296.766,122.279,0.932
86.676,217.470,0.926,127.438,168.294,0.966,203.640,147.914,0.953,247.931,149.778,0.964,274.840,138.371,0.900,295.894,118.940,0.924
86.841,218.782,0.892,119.867,171.126,0.959,201.930,148.600,0.946,255.366,146.402,0.966,276.640,143.981,0.986,301.136,121.385,0.966
94.789,220.059,0.930,119.797,167.286,0.922,202.759,147.898,0.895,252.512,145.792,0.944,280.700,138.317,0.916,302.285,123.506,0.953
91.905,224.491,0.907,116.011,168.029,0.916,200.135,144.572,0.904,254.021,140.384,0.960,282.633,140.328,0.892,302.691,122.411,0.917
98.407,219.238,0.939,116.479,169.954,0.868,193.250,145.582,0.908,252.071,143.704,0.884,280.500,136.577,0.903,303.896,120.616,0.971
101.625,224.132,0.909,112.846,171.621,0.893,193.739,140.797,0.905,251.955,142.280,0.891,283.116,136.063,0.974,305.876,120.016,0.905
103.094,219.270,0.909,111.163,179.165,0.881,190.011,148.874,0.914,253.761,136.308,0.881,287.353,138.712,0.910,310.332,123.115,0.879
109.519,220.561,0.930,114.299,177.011,0.942,190.498,141.515,0.868,251.209,136.290,0.964,287.782,134.249,0.959,310.511,123.285,0.956
110.935,222.064,0.969,112.884,176.780,0.887,190.395,142.829,0.910,246.902,136.842,0.935,285.461,134.907,0.947,313.689,123.232,0.909
113.404,218.776,0.927,110.878,176.600,0.847,182.707,143.868,0.948,250.970,135.884,0.912,291.644,130.216,0.969,316.463,116.175,0.907
118.126,219.215,0.966,111.700,182.720,0.935,182.757,141.211,0.912,249.416,133.809,0.953,292.227,129.348,0.942,315.804,119.421,0.958
118.778,217.677,0.909,109.230,180.499,0.972,181.560,142.579,0.913,248.740,133.763,0.890,286.157,130.454,0.977,321.877,118.621,0.910
124.960,215.054,0.944,111.393,187.489,0.952,175.894,142.676,0.953,249.252,132.297,0.913,293.665,130.804,0.859,324.032,119.629,0.869
125.116,218.788,0.946,111.541,186.043,0.954,174.926,141.746,0.932,246.159,131.651,0.940,292.015,127.200,0.932,324.072,116.936,0.942
125.451,213.536,0.929,115.494,190.933,0.934,172.186,142.142,0.896,242.446,129.287,0.897,294.493,124.453,0.883,319.607,116.320,0.902
124.232,215.216,0.952,117.369,190.502,0.891,171.814,142.064,0.957,242.760,126.894,0.922,290.834,124.622,0.919,323.894,116.283,0.918
126.941,206.039,0.928,111.853,193.096,0.896,172.610,142.694,0.953,241.681,126.968,0.868,293.263,120.317,0.929,327.272,112.661,0.878
132.866,210.505,0.944,116.497,196.912,0.952,165.178,148.001,0.934,241.109,127.376,0.979,289.672,120.893,0.940,327.539,114.810,0.961
131.414,206.292,0.925,118.002,194.442,0.895,162.070,146.291,0.959,234.818,123.137,0.944,292.244,119.287,0.900,324.301,114.016,0.925
131.451,204.009,0.889,123.540,195.842,0.913,163.394,146.070,0.892,233.919,126.166,0.911,290.328,120.899,0.924,329.524,112.817,0.902
135.478,204.424,0.919,122.566,197.165,0.951,160.609,151.154,0.939,236.365,121.274,0.947,293.520,118.439,0.900,326.965,113.165,0.908
129.473,201.932,0.898,123.413,197.053,0.906,161.069,152.280,0.924,230.283,127.575,0.888,290.145,116.491,0.950,329.026,110.036,0.917
130.386,200.544,0.862,125.398,200.133,0.880,154.869,150.226,0.943,230.002,123.621,0.943,291.836,117.764,0.894,330.788,111.113,0.898
129.810,197.696,0.955,127.968,200.192,0.899,156.929,150.341,0.949,225.985,121.073,0.899,289.617,114.740,0.896,332.605,106.616,0.929
130.813,193.597,0.908,130.956,198.835,0.887,154.265,153.082,0.926,224.116,125.442,0.909,291.655,112.230,0.945,332.069,107.346,0.932
126.898,191.351,0.911,133.065,198.834,0.990,153.805,153.417,0.871,223.430,118.823,0.960,288.412,110.655,0.921,333.878,105.835,0.911
125.298,189.462,0.905,138.063,201.172,0.933,152.336,157.215,0.917,221.539,124.141,0.909,289.110,109.052,0.977,334.946,103.719,0.898
121.349,186.553,0.875,140.642,204.153,0.963,152.691,159.295,0.936,221.215,122.458,0.916,283.770,110.667,0.903,333.078,104.732,0.970
123.808,189.432,0.902,142.024,205.222,0.954,151.677,160.049,0.997,218.745,122.204,0.977,282.751,107.995,0.933,332.573,102.981,0.899
121.531,187.706,0.957,147.130,203.172,0.949,153.147,161.428,0.905,215.736,123.883,0.940,281.837,107.445,0.889,329.373,101.978,0.909
116.343,185.629,0.894,147.190,204.320,0.924,154.240,166.515,0.882,210.902,124.196,0.944,280.996,107.540,0.912,335.359,97.402,0.884
114.835,183.220,0.923,150.116,204.546,0.888,148.598,169.963,0.945,213.226,125.663,0.863,279.966,106.687,0.925,330.901,100.301,0.929
109.002,181.711,0.902,151.182,197.439,0.924,153.886,164.289,0.930,211.254,125.125,0.904,274.233,107.019,0.922,331.201,95.556,0.940
107.621,181.949,0.927,158.059,200.978,0.918,152.932,163.557,0.928,209.333,124.912,0.918,277.342,103.752,0.911,328.813,96.964,0.932
108.229,182.001,0.935,158.850,200.515,0.962,157.718,167.281,0.932,205.288,124.989,0.906,273.616,104.939,0.929,332.081,95.549,0.903
102.619,183.376,0.975,162.634,196.509,0.937,153.637,170.005,0.907,203.591,127.195,0.921,273.564,100.969,0.935,329.139,96.637,0.904
103.842,183.755,0.913,165.333,196.707,0.934,155.142,175.696,0.956,204.068,126.082,0.976,270.893,104.462,0.871,329.249,92.020,0.920
94.556,179.663,0.945,162.593,200.626,0.916,155.180,173.878,0.911,203.045,126.373,0.872,268.325,107.088,0.930,328.272,95.672,0.949
94.268,183.529,0.881,167.277,194.616,0.972,158.744,173.963,0.926,200.454,132.054,0.956,272.028,104.298,0.981,329.130,87.546,0.913
89.795,184.426,0.928,166.688,189.854,0.926,159.774,178.652,0.950,199.263,132.733,0.948,266.864,104.765,0.978,325.336,88.127,0.951
88.530,185.689,0.943,168.767,190.673,0.870,163.004,172.542,0.935,199.777,128.570,0.941,264.732,102.013,0.941,323.455,89.214,0.869
84.761,184.117,0.972,169.423,185.636,0.935,163.375,178.551,0.907,194.867,133.389,0.890,263.731,101.146,0.842,324.563,88.939,0.933
81.223,188.036,0.903,174.309,188.820,0.925,166.056,179.519,0.917,193.061,137.573,0.982,261.043,104.487,0.886,321.061,86.647,0.892
78.400,188.395,0.894,171.392,190.555,0.890,166.283,178.055,0.933,193.785,134.376,0.939,258.490,101.467,0.937,319.546,88.605,0.951
84.301,191.700,0.883,169.774,184.401,0.904,172.480,180.156,0.870,192.490,135.691,0.883,257.344,105.453,0.891,319.832,88.040,0.972
76.314,193.168,0.877,173.155,183.351,0.907,167.591,177.383,0.934,194.461,136.563,0.922,254.083,105.001,0.875,315.571,87.358,0.888
71.020,195.710,0.902,175.553,179.593,0.921,176.199,183.882,0.936,193.844,139.107,0.942,252.466,100.371,0.904,312.172,81.927,0.957
72.641,199.260,0.888,172.077,178.090,0.966,177.421,182.370,0.881,195.704,143.788,0.936,251.673,103.523,0.928,315.432,82.099,0.917
74.491,199.281,0.907,174.007,178.502,0.966,182.005,184.166,0.966,192.979,142.412,0.890,247.169,102.432,0.941,316.407,84.022,0.901
71.654,201.548,0.876,167.656,174.629,0.936,185.948,179.838,0.872,190.660,148.202,0.900,246.776,107.371,0.931,312.906,85.802,0.880
75.221,204.375,0.958,170.946,172.403,0.883,185.538,180.424,0.828,191.675,149.083,0.893,240.682,108.291,0.904,310.014,79.685,0.916
74.679,202.946,0.932,173.843,171.183,0.907,184.633,184.638,0.931,192.069,148.824,0.889,244.696,109.814,0.913,307.409,82.218,0.851
72.871,205.672,0.955,166.785,169.158,0.918,189.985,181.804,0.892,191.517,145.891,0.899,241.908,104.540,0.885,304.649,81.176,0.918
73.054,208.652,0.921,161.752,171.163,0.859,189.105,185.880,0.924,192.853,149.789,0.930,241.316,108.776,0.918,306.690,81.830,0.884
73.124,210.029,0.924,163.481,166.687,0.914,195.215,182.725,0.905,194.106,152.608,0.954,242.941,113.360,0.889,308.553,82.797,0.914
75.170,215.770,0.866,158.977,166.077,0.889,197.534,178.495,0.934,194.548,153.756,0.911,237.178,113.401,0.955,298.415,82.565,0.936
75.343,214.415,0.902,158.582,167.387,0.940,199.495,179.344,0.955,195.581,154.198,0.906,236.024,111.146,0.920,298.219,80.187,0.951
82.685,213.509,0.867,157.239,166.539,0.947,198.556,175.597,1.000,197.072,152.407,0.880,240.475,111.255,0.922,293.957,83.268,0.868
85.688,214.135,0.880,152.741,165.815,0.951,203.996,179.253,0.913,196.212,158.226,0.891,236.178,111.280,0.923,295.667,84.352,0.981
82.444,224.089,0.925,150.724,162.342,0.961,202.713,179.854,0.934,203.028,157.237,0.946,236.084,114.561,0.932,293.353,86.571,0.879
85.237,219.898,0.912,146.575,163.761,0.988,203.994,174.718,0.954,206.516,158.056,0.893,234.420,121.697,0.939,286.057,85.890,0.896
86.871,222.885,0.927,146.905,160.525,0.916,205.592,175.840,0.904,206.668,160.462,0.943,233.673,118.417,0.974,292.393,84.568,0.865
91.422,222.974,0.930,142.777,160.379,0.906,208.089,172.620,0.939,206.258,161.045,0.939,235.418,120.489,0.938,287.051,86.969,0.930
90.180,225.740,0.914,142.854,160.559,0.914,209.859,171.383,0.919,207.360,160.553,0.891,233.295,122.710,0.941,286.784,86.249,0.872
97.219,222.421,1.000,133.948,166.999,0.925,210.551,170.319,0.964,211.120,160.855,0.944,237.375,120.545,0.871,285.876,86.366,0.960
105.243,217.893,0.907,135.204,160.580,0.892,214.103,164.533,0.838,209.854,162.550,0.869,230.465,125.083,0.909,283.766,85.474,0.900
105.104,220.043,0.951,130.470,163.508,0.921,214.248,167.741,0.904,218.173,164.233,0.878,236.642,120.113,0.896,284.613,87.338,0.947
110.616,221.813,0.918,129.698,164.060,0.898,212.898,162.998,0.932,217.716,164.008,0.940,232.692,127.316,0.909,280.649,87.155,0.904
110.972,220.536,0.917,130.344,166.799,0.895,210.467,164.285,0.923,215.690,162.383,0.926,233.002,133.346,0.914,274.567,90.723,0.946
118.412,222.199,0.952,127.963,165.830,0.943,209.986,167.021,0.923,224.563,165.343,0.954,234.801,129.807,0.916,281.431,90.449,0.903
118.097,219.059,0.954,123.402,167.147,0.947,214.761,157.791,0.959,220.946,162.055,0.919,233.730,129.133,0.859,276.819,90.310,0.905
119.578,222.661,0.900,118.985,170.740,0.909,214.091,156.823,0.959,226.139,161.560,0.932,236.252,131.974,0.904,279.848,90.807,0.896
127.897,216.328,0.914,120.338,172.952,0.945,211.015,156.460,0.876,230.684,162.697,0.943,237.564,132.605,0.974,276.630,96.994,0.907
124.373,216.926,0.943,117.671,174.314,0.905,210.777,156.120,0.894,232.099,159.364,0.930,239.505,130.007,0.962,276.037,95.251,0.898
124.566,211.477,0.926,115.772,175.558,0.971,207.722,152.843,0.900,232.663,159.879,0.891,236.402,137.988,0.950,274.636,92.561,0.977
129.132,214.751,0.879,113.940,176.189,0.931,209.759,149.450,0.902,231.245,161.075,0.928,239.504,132.506,0.920,273.541,97.284,0.878
130.086,207.722,0.912,115.778,175.185,0.896,202.498,151.009,0.928,238.017,160.395,0.962,240.908,134.716,0.909,273.938,97.865,0.927
133.431,209.164,0.915,111.553,177.098,0.948,212.356,150.394,0.867,240.579,160.485,0.940,241.737,132.528,0.869,275.211,96.949,0.918
130.278,206.602,0.903,111.210,177.340,0.946,206.046,149.071,0.940,239.756,163.772,0.992,243.363,139.447,0.924,269.010,101.615,0.949
134.231,202.304,0.938,112.697,181.596,0.896,203.672,152.079,0.928,243.615,159.528,0.856,242.346,140.096,0.927,273.125,100.568,0.921
134.501,201.044,0.885,110.721,181.296,0.934,203.196,145.483,0.900,245.129,158.130,0.961,248.490,137.782,0.976,272.099,104.881,0.880
131.306,201.546,0.925,112.800,185.557,0.923,197.945,143.115,0.927,245.432,156.632,0.902,248.379,138.216,0.949,272.253,101.573,0.916
132.486,197.313,0.982,109.906,188.750,0.961,197.201,147.828,0.864,251.502,157.527,0.877,246.540,142.077,0.965,273.518,106.403,0.915
129.695,197.785,0.942,114.433,189.740,0.896,195.900,145.415,0.888,248.505,151.795,0.851,258.420,140.115,0.927,272.999,107.878,0.959
134.932,193.742,0.885,114.640,193.477,0.962,192.958,145.045,0.926,247.017,153.851,0.931,252.977,146.462,0.881,274.431,106.808,0.874
127.416,193.402,0.892,117.318,190.773,0.938,190.267,144.886,0.918,251.708,153.448,0.929,257.334,139.342,0.905,270.569,108.227,0.955
126.218,189.863,0.915,120.340,194.016,0.899,185.661,141.696,0.911,251.071,150.827,0.884,260.522,144.176,0.874,272.886,108.135,0.947
123.026,191.070,0.926,123.103,194.794,0.899,187.778,146.063,0.932,251.956,146.248,0.901,255.951,144.228,0.892,276.238,107.899,0.938
122.254,187.138,0.936,123.238,197.002,0.928,182.814,144.551,0.893,252.965,145.439,0.928,261.815,143.203,0.919,278.484,112.092,0.878
120.504,184.266,0.935,126.662,200.008,0.919,178.278,137.834,0.901,253.986,147.272,0.910,262.109,142.107,0.884,282.492,111.727,0.928
119.427,186.137,0.926,126.798,199.548,0.915,178.783,143.411,0.860,252.332,147.861,0.866,265.308,142.609,0.906,279.356,114.578,0.900
113.882,186.639,0.910,127.879,202.291,0.977,176.274,144.125,0.954,253.442,145.032,0.895,268.910,145.158,0.939,278.658,112.283,0.912
111.810,182.538,0.876,130.203,202.251,0.926,173.324,144.453,0.885,249.746,141.544,0.931,267.571,144.026,0.904,279.414,115.513,0.868
106.324,183.144,0.935,132.769,204.245,0.916,170.792,141.136,0.954,254.301,140.473,0.912,271.279,142.589,0.927,277.301,116.297,0.870
104.411,182.320,0.952,136.637,203.061,0.843,167.146,145.827,0.890,253.149,136.939,0.928,274.408,141.817,0.904,281.913,114.209,0.903
108.451,184.872,0.936,138.931,201.890,0.943,167.653,148.507,0.906,254.432,138.361,0.877,271.526,143.313,0.972,285.494,115.860,0.933
101.895,181.719,0.981,144.726,200.788,0.966,163.185,145.852,0.895,252.548,132.216,0.906,278.548,140.014,0.915,285.573,121.546,0.922
95.158,181.745,0.972,142.374,206.831,0.912,166.218,149.817,0.900,251.138,133.845,0.884,277.300,139.534,0.892,284.856,118.577,0.959
91.022,182.535,0.946,148.183,204.007,0.891,162.789,150.538,0.927,247.442,131.225,0.909,279.742,141.222,0.946,288.499,118.930,0.878
88.823,186.318,0.869,147.645,199.577,0.968,160.010,153.263,0.894,246.560,129.317,0.901,281.256,138.020,0.927,290.953,119.509,0.883
87.942,185.296,0.913,149.163,199.235,0.959,160.288,151.731,0.958,245.237,126.031,0.907,283.037,136.955,0.865,289.589,121.258,0.882
85.431,188.567,0.951,154.250,201.209,0.936,157.228,153.607,0.882,247.586,130.916,0.958,285.027,134.546,0.894,290.283,120.972,0.925
81.442,187.709,0.907,156.325,199.972,0.856,154.646,154.773,0.911,244.511,125.310,0.887,285.682,137.141,0.936,293.534,121.430,0.892
78.146,189.655,0.949,159.278,201.016,0.906,154.911,157.455,0.848,240.444,128.756,0.934,287.830,137.290,0.894,292.484,122.503,0.973
81.597,189.456,0.933,164.185,197.574,0.881,157.541,154.577,0.913,236.607,128.164,0.914,287.135,134.376,0.935,297.585,123.094,0.918
77.955,192.793,0.932,164.731,199.225,0.941,151.222,158.185,0.901,238.901,125.692,0.884,288.857,132.549,0.886,298.829,122.097,0.907
74.886,191.806,0.911,164.134,195.968,0.889,150.684,159.930,0.960,234.632,125.130,0.872,291.334,129.715,0.946,304.228,120.918,0.875
74.078,197.118,0.932,170.161,190.170,0.927,150.993,164.091,0.992,234.467,122.919,0.913,290.969,129.235,0.972,302.131,120.817,0.892
72.656,196.879,0.977,171.674,190.331,0.949,151.542,163.787,0.890,230.451,129.822,0.885,291.405,130.474,0.911,306.854,125.667,0.947
67.361,201.043,0.946,171.583,192.793,0.913,152.050,165.829,0.926,231.324,126.536,0.842,288.914,128.695,0.900,307.500,126.028,0.930
73.310,203.353,0.939,167.235,189.770,0.947,153.462,167.353,0.911,230.359,128.703,0.932,295.596,123.954,0.887,310.129,122.047,0.899
71.111,206.300,0.959,174.462,185.289,0.905,153.314,162.383,0.923,225.966,122.784,0.880,291.045,126.807,0.961,311.881,125.260,0.897
71.747,207.061,0.909,172.706,188.590,0.881,154.055,170.944,0.900,226.965,121.215,0.924,293.667,124.059,0.897,315.075,119.543,0.929
73.294,208.370,0.924,175.740,187.229,0.966,160.296,174.109,0.887,223.712,121.090,0.864,292.150,121.845,0.904,314.064,120.876,0.967
77.173,215.685,0.935,173.022,185.193,0.973,157.180,175.487,0.941,220.317,122.624,0.859,290.729,116.102,0.914,314.962,117.172,0.951
74.802,215.764,0.912,173.279,183.163,0.931,154.660,175.969,0.951,214.708,123.239,0.947,291.729,120.740,0.871,315.419,119.762,0.867
75.994,215.654,0.941,172.090,179.851,0.872,157.893,176.481,0.892,216.221,124.412,0.912,290.937,118.669,0.921,318.264,113.708,0.880
82.127,214.480,0.866,169.467,178.600,0.872,163.660,174.541,0.923,213.987,125.436,0.915,293.377,116.047,0.885,318.697,120.348,0.912
84.586,218.990,0.873,169.367,176.001,0.962,163.764,180.927,0.867,214.370,124.090,0.920,295.118,117.134,0.926,320.427,119.867,0.939
83.609,217.538,0.917,170.956,171.595,0.936,165.181,180.310,0.935,210.080,123.816,0.897,293.525,119.744,0.935,322.079,121.889,0.893
89.294,222.347,0.911,168.692,170.793,0.915,168.295,180.053,0.952,209.958,126.460,0.927,287.748,114.973,0.968,324.680,118.025,0.938
90.393,220.861,0.914,167.952,170.337,0.931,166.065,180.233,1.000,206.399,125.274,0.870,289.505,113.119,0.925,328.891,119.488,0.980
94.519,221.952,0.937,166.242,167.952,0.981,171.376,183.873,0.930,206.497,126.769,0.899,291.293,111.883,0.920,327.356,117.015,0.926
94.437,226.214,0.945,161.560,167.321,0.901,172.255,179.879,0.908,201.013,129.975,0.916,287.573,107.544,0.922,331.089,116.531,0.954
101.735,225.682,0.942,166.452,166.722,0.916,174.318,185.376,0.898,204.376,133.399,0.953,285.293,114.345,0.875,325.964,109.974,0.986
105.620,224.171,0.932,159.041,166.681,0.896,176.371,183.351,0.929,205.058,130.845,0.894,282.458,110.314,0.905,329.904,115.019,0.923
107.633,222.641,0.930,155.014,162.978,0.964,182.341,183.987,0.922,199.681,133.071,0.909,282.993,108.337,0.896,334.635,108.700,0.948
110.586,220.405,0.875,153.889,163.559,0.934,185.041,182.904,0.954,196.716,132.036,0.944,278.017,106.041,0.915,334.799,109.234,0.868
104.967,224.186,0.896,151.733,166.129,0.951,186.151,180.301,0.910,194.375,130.687,0.940,281.775,107.066,0.915,335.161,111.328,0.897
115.973,221.427,0.927,150.347,160.991,0.926,189.600,185.131,0.952,193.339,131.885,0.958,278.130,106.555,0.958,331.696,107.504,0.919
118.207,220.489,0.943,143.455,162.948,0.859,187.189,180.419,0.929,199.474,133.969,0.927,274.158,106.164,0.936,332.402,101.607,0.928
120.607,215.363,0.898,146.587,163.295,0.897,192.076,185.253,0.934,191.385,136.337,0.910,276.025,102.593,0.966,334.630,108.004,0.945
122.089,215.946,0.926,137.416,161.558,0.892,196.900,183.771,0.876,194.591,141.719,0.913,276.578,102.019,0.887,332.667,102.044,0.935
125.690,212.677,0.969,139.048,162.082,0.896,198.737,181.614,0.917,192.689,139.076,0.927,273.032,102.462,0.912,331.698,106.732,0.900
128.388,215.184,0.984,134.349,162.253,0.926,198.436,175.707,0.908,191.435,144.671,0.876,268.364,104.983,0.923,332.746,103.863,0.959
128.755,213.065,0.942,134.162,164.375,0.909,200.553,174.332,0.893,191.353,143.762,0.936,264.119,102.238,0.951,329.309,97.430,0.954
129.791,207.785,0.891,131.912,165.589,0.951,203.248,179.416,0.968,195.966,142.817,0.931,263.209,102.408,0.896,334.970,99.682,0.951
134.311,209.382,0.938,131.849,167.580,0.921,209.476,177.380,0.854,191.997,147.436,0.927,262.806,103.698,0.894,333.154,96.329,0.916
130.462,205.696,0.890,127.974,164.024,0.914,204.537,176.134,0.864,192.903,149.163,0.893,263.437,103.453,0.879,331.591,99.998,0.958
135.233,200.548,0.959,121.622,170.899,0.964,208.648,173.508,0.911,192.528,151.592,0.919,255.267,106.840,0.937,326.506,98.015,0.907
133.699,204.382,0.921,121.159,171.358,0.898,207.529,173.050,0.940,197.303,147.312,0.897,255.082,103.610,0.896,325.434,92.318,0.891
131.581,205.080,0.938,125.544,172.227,0.887,207.455,177.975,0.930,200.073,153.251,0.924,251.738,106.012,0.917,329.388,92.727,0.950
132.127,197.904,0.923,117.912,171.524,0.970,211.843,172.529,0.884,198.909,153.309,0.907,250.754,106.695,0.947,329.812,93.632,0.941
130.063,198.438,0.923,119.912,173.577,0.955,210.960,167.523,0.901,197.523,157.363,0.942,253.968,106.147,0.912,324.115,91.779,0.932
132.137,195.178,0.967,116.338,178.067,0.899,211.109,164.751,0.957,196.859,152.689,0.902,250.729,103.855,0.884,330.865,91.638,0.916
130.065,192.571,0.889,116.589,177.160,0.917,211.832,164.679,0.926,203.803,157.854,0.915,249.799,107.445,0.924,326.245,90.242,0.921
126.554,195.906,0.923,112.177,177.875,0.895,216.224,163.697,0.915,204.017,157.324,0.890,243.801,106.071,0.915,324.795,86.567,0.916
123.496,187.665,0.954,109.991,177.560,0.917,213.161,166.288,0.879,209.351,164.430,0.886,243.389,108.003,0.926,324.416,92.653,0.874
124.092,189.877,0.959,109.525,181.555,0.883,215.811,161.608,0.911,205.335,162.376,0.931,243.267,109.489,0.977,323.327,84.049,0.950
122.971,184.645,0.920,112.057,180.694,0.912,217.099,163.102,0.891,209.728,161.301,0.939,237.742,107.064,0.913,319.902,86.153,0.919
118.204,183.905,0.893,116.035,184.541,0.967,210.876,158.099,0.904,208.434,158.630,0.903,238.342,111.802,0.954,320.308,89.049,0.896
116.478,186.600,0.897,115.652,188.793,0.881,211.705,156.556,0.897,210.273,162.907,0.894,239.313,111.745,0.921,317.786,84.539,0.967
111.967,182.437,0.929,116.458,191.801,0.927,210.395,155.609,0.908,213.653,161.321,0.919,237.500,109.996,0.901,315.443,88.459,0.935
109.829,183.860,0.925,113.914,192.113,0.945,211.184,152.333,0.911,216.908,165.590,0.940,236.465,115.476,0.941,313.340,85.847,0.950
106.018,182.489,0.917,120.535,190.822,0.905,210.927,151.990,0.912,216.538,163.476,0.893,232.371,114.599,0.932,313.987,80.940,0.937
104.061,183.909,0.952,121.772,197.205,0.948,207.758,151.508,0.976,220.863,166.491,0.930,236.334,117.299,0.895,315.025,85.220,0.896
97.326,182.141,0.916,119.916,193.641,0.904,203.940,148.211,0.937,222.432,164.754,0.894,233.592,117.587,0.942,309.216,85.524,0.935
98.541,184.890,0.888,126.374,198.470,0.956,203.340,148.944,0.921,224.613,163.623,0.908,232.194,120.855,0.885,303.913,86.216,0.902
93.768,182.624,0.894,123.192,197.257,0.945,202.772,148.690,0.946,229.913,165.706,0.912,234.346,119.792,0.936,300.333,82.298,0.920
92.022,185.167,0.892,126.204,200.783,0.893,198.788,146.462,0.913,232.501,159.932,0.925,234.223,118.605,0.939,303.573,83.380,0.939
87.834,185.481,0.902,131.428,204.671,0.953,197.052,145.044,0.910,232.519,160.542,0.933,232.701,121.613,0.897,302.522,82.300,0.960
86.530,185.077,0.925,130.621,200.620,0.928,193.970,146.038,0.880,231.804,164.075,0.939,236.127,125.416,1.000,300.497,84.110,0.955
81.312,185.923,0.898,132.928,202.043,0.898,192.252,144.598,0.895,235.978,166.106,0.863,233.393,124.864,0.929,299.170,86.190,0.924
83.624,188.907,0.900,138.081,204.140,0.894,187.712,142.186,0.880,238.461,165.209,0.914,237.067,127.422,0.862,297.880,83.606,0.888
75.870,187.039,0.918,137.328,202.681,0.922,188.070,145.686,0.893,239.964,158.704,0.951,236.779,126.768,0.882,295.691,81.974,0.892
75.497,198.176,0.890,141.668,201.947,0.934,188.973,144.089,0.913,240.421,160.314,0.943,236.856,127.615,0.940,290.563,88.229,0.938
76.629,197.257,0.996,142.512,205.937,0.874,185.024,144.387,0.894,243.688,158.586,0.956,236.551,127.542,0.912,288.849,89.076,0.912
77.966,198.247,0.934,146.271,201.990,0.881,182.396,146.404,0.989,242.366,159.383,0.910,238.094,133.256,0.959,289.713,85.659,0.901
74.792,202.843,0.965,149.010,202.760,0.872,180.731,143.033,0.928,246.977,157.579,0.899,238.687,135.674,0.942,290.050,87.778,0.917
73.257,197.066,0.891,156.063,203.052,0.915,174.153,141.807,0.835,246.748,157.552,0.921,238.554,132.660,0.914,286.156,84.980,0.941
70.747,204.998,0.930,154.752,201.089,0.887,177.350,143.950,0.869,247.586,153.952,0.887,242.704,136.650,0.961,287.256,91.173,0.926
73.387,202.541,0.931,153.933,200.849,0.882,170.492,141.670,0.908,251.039,152.654,0.891,239.315,135.507,0.917,286.264,91.279,0.875
74.229,208.435,0.953,156.626,201.354,0.935,171.006,147.253,0.926,249.173,151.645,0.888,238.828,137.707,0.939,284.256,86.277,0.906
78.470,209.675,0.919,157.755,197.344,0.948,170.535,146.019,0.971,252.885,149.493,0.920,245.260,142.556,0.957,284.507,86.195,0.949
77.467,208.507,0.863,164.199,197.429,0.911,163.408,143.789,0.875,253.491,149.108,0.962,244.075,142.922,0.951,280.758,89.022,0.910
74.598,214.964,0.919,164.816,193.832,0.899,162.796,146.645,0.899,251.247,146.369,0.945,249.224,141.720,0.928,277.757,94.693,0.895
83.428,217.663,0.910,166.188,198.423,0.880,160.141,147.165,0.924,252.654,145.440,0.925,248.073,140.234,0.899,276.767,87.932,0.875
80.568,217.578,0.894,171.059,193.123,0.942,160.286,152.475,0.928,251.199,146.081,0.934,251.644,140.140,0.906,277.957,93.397,0.931
81.828,218.880,0.874,171.330,194.953,0.923,163.807,153.066,0.900,251.573,140.640,0.908,250.680,143.682,0.912,274.353,96.266,0.877
88.985,220.177,0.957,173.509,193.348,0.885,155.856,153.442,0.922,252.596,141.925,0.911,254.022,143.054,0.899,275.972,100.106,0.921
88.577,218.326,0.932,174.103,185.569,0.884,159.964,158.563,0.863,253.078,139.652,0.910,256.868,143.021,0.895,275.709,97.008,0.864
90.748,221.843,0.924,174.857,186.437,0.888,153.571,151.450,0.934,255.045,137.863,0.921,257.759,145.928,0.938,274.304,100.021,0.917
94.859,224.130,0.902,171.638,186.396,0.960,155.521,155.931,0.885,253.900,135.662,0.960,257.173,143.833,0.952,273.139,102.161,0.897
99.153,223.866,0.922,170.619,188.036,0.887,156.001,161.464,0.920,251.270,137.702,0.940,257.278,144.328,0.919,275.539,96.878,0.914
102.559,226.719,0.972,173.912,184.352,0.884,149.501,161.282,0.945,250.923,135.706,0.976,265.242,141.552,0.885,274.582,102.981,0.926
100.965,224.104,0.974,175.038,179.974,0.953,153.013,161.462,0.920,250.111,133.503,0.910,267.330,144.024,0.934,274.363,99.594,0.918
110.856,221.802,0.918,171.124,181.022,0.918,154.570,164.944,0.936,251.848,134.649,0.903,265.966,141.666,0.911,271.864,107.869,0.931
111.862,224.119,0.883,172.394,173.825,0.870,155.021,162.321,0.914,247.954,128.064,0.934,270.360,144.740,0.909,272.349,107.394,0.898
112.251,224.064,0.890,168.928,175.405,0.951,155.772,168.317,0.925,247.328,133.105,0.934,271.203,146.771,0.956,275.219,105.819,0.892
114.311,221.079,0.927,168.914,170.767,0.938,152.395,171.913,0.933,245.233,129.152,0.939,271.161,144.050,0.912,272.839,110.783,0.958
116.816,222.276,0.937,165.038,169.546,0.877,155.894,169.955,0.911,244.047,128.745,0.946,273.579,142.093,0.919,276.126,109.407,0.924
121.642,221.580,0.938,165.360,172.765,0.933,154.107,174.416,0.898,241.709,127.161,0.905,275.601,141.446,0.885,275.145,109.096,0.843
122.548,217.462,0.964,160.744,168.372,0.896,162.360,173.787,0.944,243.363,125.282,0.893,278.761,144.364,0.942,273.660,109.302,0.927
124.542,218.773,0.924,162.335,168.354,0.938,160.027,178.518,0.943,238.466,119.113,0.929,276.706,141.587,0.897,276.936,111.525,0.867
129.678,217.570,0.942,160.676,165.333,0.945,161.710,174.059,0.930,237.939,124.562,0.913,277.854,135.667,0.924,279.276,113.199,0.907
130.502,211.420,0.905,155.298,164.966,0.931,160.003,177.941,0.914,235.557,124.946,0.963,283.649,140.452,1.000,279.736,115.594,0.913
130.417,211.879,0.940,153.901,163.413,0.912,162.355,179.955,0.899,232.835,125.452,0.908,282.078,137.285,0.913,281.324,115.083,0.932
133.808,211.536,0.927,154.506,163.485,0.913,163.520,177.722,0.931,233.557,127.765,0.902,287.420,136.213,0.884,282.007,117.377,0.935
135.894,208.173,0.960,153.244,164.994,0.906,163.063,179.018,0.939,230.182,124.712,0.870,284.986,130.699,0.917,281.039,115.987,0.893
131.469,207.483,0.912,146.165,166.477,0.983,169.088,177.643,0.863,227.868,124.656,0.928,288.412,135.058,0.941,286.208,118.437,0.842
132.624,202.932,0.884,138.119,164.280,0.940,171.666,184.999,0.889,226.155,123.682,0.941,290.568,135.131,0.864,286.033,117.615,0.886
135.559,199.253,0.946,139.337,161.808,0.932,179.148,181.910,0.900,219.023,120.680,0.939,286.488,134.024,0.934,286.723,120.345,0.873
134.627,199.942,0.843,133.896,161.778,0.987,176.975,180.985,0.937,220.029,124.746,0.894,289.649,131.502,0.945,284.350,121.999,0.866
132.838,193.728,0.920,132.878,167.523,0.915,179.549,185.820,0.868,216.913,123.364,0.908,292.572,129.656,0.895,290.276,119.778,0.870
133.591,196.275,0.948,131.572,167.596,0.900,181.644,184.699,0.916,213.193,124.183,0.944,297.581,126.688,0.943,292.261,121.397,0.964
127.672,196.855,0.880,135.338,167.430,0.937,187.430,184.846,0.894,212.416,126.530,0.914,294.789,129.100,0.888,290.392,121.003,0.885
125.187,192.894,0.901,125.864,164.594,0.877,185.053,184.004,0.874,209.910,127.248,0.901,291.534,126.003,0.928,298.188,123.673,0.937
124.443,189.672,1.000,127.536,169.869,0.904,187.314,181.765,0.933,211.205,126.481,0.969,295.344,129.561,0.868,295.407,124.186,0.910
124.208,187.799,0.909,125.814,168.287,0.948,187.883,182.979,0.948,208.558,130.098,0.895,292.962,120.324,0.906,298.837,124.822,0.934
119.938,187.646,0.936,121.033,174.637,0.931,194.649,182.692,0.944,204.003,124.733,0.921,295.445,122.013,0.900,298.511,125.002,0.931
117.930,190.716,0.938,121.113,174.322,0.952,195.972,180.508,0.945,203.406,127.187,0.949,296.121,122.298,0.904,304.412,124.225,0.931
114.163,187.218,0.905,120.102,176.894,0.962,194.865,179.696,0.953,203.091,130.056,0.932,293.660,120.967,0.905,303.953,122.513,0.944
111.948,184.671,0.920,120.349,175.000,0.940,199.277,181.593,0.920,203.663,130.633,0.941,293.910,120.481,0.932,306.573,119.722,0.923
108.153,183.648,0.927,113.903,175.351,0.889,197.975,186.061,0.890,203.226,132.473,0.943,293.125,114.859,0.944,306.545,123.222,0.925
107.804,184.450,0.964,113.169,179.885,0.860,204.609,177.106,0.961,198.345,131.524,0.912,291.955,120.133,0.940,312.439,121.555,0.909
105.530,187.645,0.875,112.894,184.426,0.907,206.328,176.098,0.945,200.307,132.884,0.923,292.567,114.065,1.000,309.923,124.116,0.898
99.850,182.035,0.936,114.942,180.060,0.872,205.925,174.474,0.933,192.714,134.285,0.934,290.618,113.511,0.947,311.988,122.798,0.925
97.302,183.008,0.902,118.521,184.005,0.911,208.459,179.231,0.884,195.148,138.863,0.909,292.542,114.070,0.968,312.939,123.131,0.883
93.529,183.876,0.953,112.238,185.344,0.900,211.801,170.772,0.952,196.241,137.440,0.932,290.512,111.804,0.916,312.440,124.637,0.921
92.829,185.572,0.907,115.626,183.388,0.858,209.213,173.784,0.911,198.394,137.575,0.861,287.185,112.071,0.909,320.920,123.716,0.952
89.154,187.317,0.901,114.638,187.894,0.902,211.237,174.347,0.935,193.933,143.071,0.909,287.289,107.326,0.941,314.707,121.640,0.928
89.537,191.693,0.912,112.642,190.797,0.926,211.938,170.003,0.934,192.318,142.343,0.911,285.934,106.070,0.969,323.623,122.646,0.910
81.725,190.517,0.913,119.260,191.653,0.930,214.643,166.731,0.899,195.386,140.137,0.913,282.605,112.243,0.906,317.935,122.356,0.857
82.427,187.325,0.948,121.390,194.960,0.899,212.374,166.724,0.911,194.945,146.488,0.871,283.600,108.990,0.938,318.422,120.001,0.928
80.621,189.479,0.914,117.894,195.293,0.938,215.716,166.154,0.913,195.210,149.241,0.890,279.741,103.777,0.887,323.867,121.149,0.947
77.309,193.521,0.911,120.915,195.805,0.918,215.074,163.812,0.893,188.639,146.609,0.939,278.935,107.246,0.905,322.938,117.400,0.915
77.778,195.988,0.893,121.841,196.027,0.928,216.475,160.203,0.956,195.770,151.146,0.921,276.936,107.829,0.891,325.517,113.189,0.920
72.616,198.611,0.929,126.874,197.688,0.949,214.585,161.812,0.925,196.124,155.478,0.940,275.572,105.949,0.903,326.108,116.467,0.930
78.925,198.545,0.906,129.883,198.374,0.888,211.773,157.304,0.914,198.873,152.786,0.948,277.401,103.900,0.912,330.194,116.141,0.913
71.518,201.439,0.941,129.410,204.191,0.921,213.093,154.696,0.913,198.240,152.646,0.878,270.789,105.447,0.921,328.897,116.513,0.927
75.885,201.733,0.910,133.028,203.720,0.933,210.451,156.508,0.937,201.293,156.250,0.938,267.460,105.799,0.965,329.626,111.068,0.928
71.974,204.103,0.918,135.615,204.162,0.883,208.320,156.063,0.852,200.760,158.084,0.914,262.545,100.288,0.934,332.799,114.171,0.938
77.016,208.069,0.919,138.854,201.054,0.916,210.125,153.324,0.931,201.228,159.363,0.961,269.215,104.777,0.982,332.700,113.989,0.870
74.764,212.226,0.956,141.344,205.235,0.966,206.819,151.846,0.929,201.161,156.969,0.871,261.598,104.413,0.944,330.015,113.363,0.902
76.983,209.622,0.844,141.220,200.588,0.925,208.702,152.756,0.874,202.256,158.910,0.914,261.982,99.631,0.983,333.368,109.048,0.922
78.205,216.228,0.939,145.456,204.720,0.915,201.074,150.096,0.904,204.592,161.898,0.981,259.895,103.637,0.936,333.542,106.519,0.893
82.017,215.324,0.947,150.621,201.213,0.914,200.970,148.365,0.894,207.829,159.493,0.908,255.038,102.363,0.980,329.843,102.413,0.957
81.155,215.735,0.926,152.109,201.221,0.917,201.978,148.571,0.917,209.383,166.777,0.920,251.776,106.418,0.904,335.752,103.710,0.937
78.091,220.403,0.901,151.734,204.788,0.926,197.863,147.076,0.937,213.868,160.723,0.835,252.535,103.674,0.930,333.696,104.725,0.914
84.952,219.703,0.908,155.390,203.946,0.873,195.505,145.650,1.000,215.274,162.151,0.964,255.293,107.047,0.872,334.982,102.548,0.895
89.480,221.799,0.910,158.627,202.285,0.918,192.014,143.305,0.917,213.903,163.550,0.916,249.149,107.820,0.958,328.756,98.389,0.909
91.036,222.007,0.896,160.868,203.958,0.908,194.253,146.353,0.908,219.770,162.766,0.932,251.111,106.316,0.943,334.589,98.056,0.860
96.395,222.794,0.908,162.578,198.529,0.908,190.161,142.178,0.938,222.740,161.057,0.915,248.526,110.647,0.900,334.113,97.762,0.945
99.925,223.317,0.898,166.769,200.393,0.905,185.432,142.142,0.945,224.828,161.726,0.930,242.044,108.427,0.914,331.211,97.923,0.887
100.707,225.085,0.920,168.205,197.127,0.940,184.328,143.271,0.922,226.350,165.532,0.910,247.063,110.568,0.864,333.764,97.428,0.947
101.166,222.489,0.931,168.487,194.906,0.996,182.209,145.725,0.877,230.982,165.564,0.954,240.862,111.983,0.955,331.814,97.647,0.929
110.056,226.594,0.888,169.932,195.536,0.952,176.920,147.900,0.916,232.986,161.778,0.927,244.853,107.976,0.948,331.530,94.022,0.959
112.562,225.519,0.863,174.115,194.391,0.919,178.506,143.780,0.966,228.031,161.473,0.962,241.967,112.010,0.929,330.016,93.142,0.946
112.837,224.618,0.949,172.616,189.332,0.939,174.681,140.254,0.906,230.062,160.226,0.971,238.674,110.126,0.884,329.658,87.769,0.902
120.590,223.240,0.907,173.491,194.282,0.899,173.247,146.013,0.923,238.285,160.606,0.972,240.524,111.091,0.876,326.314,92.703,0.888
118.480,221.940,0.937,173.455,189.011,0.927,165.096,146.969,0.897,238.741,159.789,0.953,234.657,113.262,0.980,325.140,90.074,0.922
119.543,222.861,0.912,173.388,185.741,0.944,171.112,149.056,0.937,242.424,162.832,0.891,235.103,114.357,0.942,326.762,86.643,0.916
123.952,220.776,0.890,174.498,182.260,0.949,162.616,152.128,0.903,238.969,161.731,0.894,234.959,120.271,0.906,324.081,86.755,0.903
128.647,218.107,0.932,171.989,181.294,0.900,164.607,150.812,0.896,242.893,161.493,0.907,237.299,119.324,0.883,322.566,86.208,0.895
126.598,216.753,0.900,175.183,181.568,0.886,164.111,149.009,0.973,245.431,160.383,0.969,236.366,120.195,0.848,323.017,87.906,0.891
134.092,217.379,0.906,173.432,175.846,0.927,162.269,152.364,0.889,245.371,156.838,0.932,235.031,122.991,0.920,316.589,89.394,0.901
129.829,215.624,0.860,174.758,172.444,0.919,156.496,156.215,0.930,248.181,160.990,0.924,236.240,127.222,0.876,316.440,87.731,0.906
134.662,213.320,0.860,170.101,172.906,0.951,160.517,154.667,0.938,249.098,153.403,1.000,234.500,127.500,0.964,317.352,86.223,0.933
134.661,208.061,0.956,173.256,179.852,0.927,157.448,155.046,0.896,251.994,157.504,0.915,235.386,127.488,0.913,312.628,84.956,0.920
133.762,209.278,0.897,167.287,172.133,0.922,160.625,153.190,0.934,250.339,153.850,0.931,232.049,132.990,0.908,313.603,85.862,0.935
136.401,203.767,0.901,165.324,172.359,0.959,153.737,160.556,0.917,252.567,152.008,0.896,238.141,127.255,0.883,310.911,84.788,0.944
131.082,203.953,0.907,164.806,168.721,0.942,155.397,159.886,0.856,254.163,154.852,0.864,234.713,131.603,0.943,310.716,85.526,0.998
136.312,201.321,0.929,164.499,171.681,0.869,153.338,162.728,0.932,255.289,147.766,0.894,238.992,129.379,0.904,307.926,87.758,0.955
132.663,198.012,0.834,159.248,163.310,0.937,154.397,164.728,0.923,249.818,148.310,0.892,236.333,131.891,0.856,308.887,84.132,0.863
130.586,197.502,1.000,159.024,163.820,0.950,154.213,164.471,0.918,253.751,146.320,0.891,238.665,135.047,0.936,305.762,82.631,0.924
131.750,195.880,0.927,154.498,164.777,0.885,156.008,163.342,0.851,254.799,141.734,0.951,239.799,134.915,0.907,304.849,82.214,0.892
130.667,192.041,0.972,153.519,163.379,0.918,152.239,166.908,0.939,251.983,140.955,0.974,239.570,131.829,0.934,300.579,81.272,0.913
128.117,191.200,0.857,148.695,164.839,0.924,155.853,177.908,0.844,253.928,142.437,0.969,240.304,136.853,0.951,297.861,84.075,0.858
128.362,187.551,0.913,147.322,163.920,0.892,158.899,169.437,0.864,253.807,139.352,0.895,239.262,134.203,0.947,298.524,86.710,0.912
124.090,193.208,0.893,146.853,160.495,0.873,155.073,174.334,0.884,254.856,142.679,0.959,246.017,139.228,0.896,294.174,87.714,0.935
121.868,185.451,0.935,141.500,164.583,0.910,158.158,173.922,0.964,251.486,138.801,0.944,247.734,139.719,0.878,295.436,88.355,0.950
115.429,186.986,0.934,139.063,166.824,0.931,160.370,174.427,0.906,250.700,134.971,0.941,246.523,139.237,0.955,292.612,89.007,0.895
113.796,185.553,0.897,133.504,162.946,0.925,158.450,179.589,0.990,251.558,133.718,0.883,248.840,143.660,0.879,291.748,88.968,0.917
111.682,186.836,0.914,129.912,163.563,0.939,166.280,176.346,0.906,246.301,133.455,0.917,249.827,141.048,0.905,290.139,88.490,0.938
107.425,183.447,0.906,130.952,168.865,0.919,162.710,177.936,0.935,249.264,136.173,0.929,251.725,145.201,0.918,288.500,84.662,0.100
104.933,186.343,0.966,130.027,165.226,0.940,168.417,180.617,0.871,245.779,130.650,0.861,254.023,142.518,0.931,287.690,88.665,0.100
102.052,187.214,0.942,125.526,167.288,0.913,169.909,182.880,0.938,244.314,129.820,0.900,256.400,145.137,0.936,279.622,88.178,0.100
99.793,185.468,0.953,127.470,164.748,0.957,168.373,183.304,0.898,246.517,129.405,0.877,256.163,141.068,0.921,285.959,91.525,0.100
94.874,184.678,0.912,123.273,171.542,0.950,174.185,185.314,0.993,244.536,128.567,0.966,258.921,140.283,0.870,280.046,93.233,0.100
91.452,187.334,0.947,120.345,170.856,0.940,175.123,185.391,0.883,240.963,127.155,0.947,264.486,141.421,0.979,278.094,89.046,0.100
87.702,184.738,0.955,121.264,174.660,0.954,180.181,183.046,0.913,240.982,128.190,1.000,265.283,142.783,0.900,279.720,91.575,0.100
84.948,188.516,0.893,116.180,174.855,0.894,178.187,183.946,0.912,238.496,126.363,0.894,264.726,143.725,0.912,277.645,94.768,0.100
86.641,192.143,0.947,116.012,174.148,0.923,181.347,183.536,0.861,237.486,124.076,0.948,266.313,144.773,0.922,271.223,92.804,0.100
81.913,191.421,0.928,113.491,178.560,0.885,185.407,184.782,0.958,233.445,124.674,0.939,269.248,144.203,0.924,276.631,98.726,0.100
81.685,188.152,0.978,114.464,177.965,0.928,188.257,187.089,0.896,229.579,121.184,0.929,273.663,142.176,0.927,276.716,98.921,0.100
75.812,192.951,0.921,113.584,183.412,0.925,185.726,179.692,0.936,229.246,124.091,0.880,272.671,140.542,0.859,277.503,97.485,0.100
73.110,196.177,0.916,115.014,186.344,0.925,190.069,184.606,0.951,229.602,123.670,0.928,274.845,143.562,0.906,277.907,100.574,0.100
73.768,197.399,0.895,113.015,184.334,0.944,195.061,181.742,0.883,222.388,122.728,0.956,277.997,143.358,0.890,271.390,100.410,0.100
77.353,196.438,0.951,115.181,187.057,0.907,195.145,184.081,0.941,222.322,126.576,0.933,278.320,142.603,0.913,273.830,97.486,0.100
76.710,199.851,0.885,113.079,187.569,0.935,197.882,182.993,0.867,219.341,121.563,0.914,281.861,142.273,0.883,272.648,100.144,0.100
75.079,206.002,0.913,117.961,191.746,0.913,204.277,185.426,0.934,217.901,124.771,0.931,286.042,139.047,0.890,274.278,103.270,0.100
72.980,206.608,0.893,115.818,193.322,0.905,199.145,179.511,0.975,216.991,128.368,0.904,282.892,138.476,0.942,275.559,103.832,0.100
74.820,203.314,0.857,120.474,193.817,0.899,200.392,180.676,0.912,214.476,126.603,0.955,286.463,140.561,0.890,274.785,106.963,0.920
75.304,212.581,0.929,121.452,194.622,0.931,207.639,180.247,0.909,212.273,127.175,0.927,286.315,134.687,0.919,274.893,101.724,0.914
76.340,212.108,0.933,120.134,199.808,0.936,205.435,177.035,0.922,212.067,126.675,0.922,288.023,136.505,0.940,273.491,110.150,0.900
73.449,214.216,0.907,122.259,199.437,0.962,207.601,176.969,0.948,208.484,129.093,0.909,288.753,138.363,0.936,275.162,111.527,0.928
78.461,213.603,0.954,122.489,200.073,0.895,212.629,172.257,0.877,206.504,128.727,0.904,292.101,135.318,0.946,278.813,106.553,0.907
81.778,218.770,0.901,125.575,201.330,0.927,211.009,174.201,0.896,203.979,131.336,0.967,292.457,132.536,0.938,275.761,112.403,0.916
87.417,217.873,0.973,132.973,202.315,0.911,208.845,169.103,0.993,204.347,130.397,0.926,290.430,130.111,0.895,275.829,110.584,0.883
87.151,219.986,0.952,132.833,202.630,0.875,217.194,169.409,0.886,202.342,132.915,0.878,293.597,131.006,0.951,278.496,113.284,0.942
92.270,219.479,0.902,136.720,202.255,0.948,213.383,167.980,0.893,200.866,131.178,0.915,295.983,129.918,0.936,279.669,115.887,0.925
91.484,218.387,0.842,138.326,207.246,0.899,211.674,167.186,0.950,197.768,132.781,0.978,294.546,127.618,0.906,281.250,112.663,0.899
94.703,226.124,0.911,145.030,202.221,0.937,215.656,166.477,0.923,196.989,135.193,0.894,293.335,130.143,0.920,280.547,116.266,0.942
90.448,221.858,0.948,145.862,202.120,0.858,218.140,162.862,0.919,198.176,137.040,0.874,293.564,127.090,0.986,282.488,118.392,0.933
102.280,222.802,0.956,146.132,203.113,0.920,214.427,163.582,0.884,195.437,139.494,0.920,293.824,124.673,0.915,283.750,117.238,0.884
105.588,224.361,0.985,151.455,204.824,0.913,214.395,160.251,0.913,199.240,139.841,0.879,292.688,122.599,0.936,284.856,123.353,0.934
111.162,225.799,0.938,150.106,205.288,0.968,212.593,163.120,0.945,193.858,145.761,0.963,290.069,124.050,0.923,287.527,118.464,0.880
109.768,222.902,0.958,155.203,202.667,0.904,212.107,157.654,0.950,194.654,143.044,0.953,291.873,121.854,0.916,287.364,121.573,0.959
113.968,224.513,0.915,158.396,202.968,0.951,213.117,154.930,0.897,196.187,143.572,0.980,292.975,116.436,0.961,288.557,119.749,0.948
115.305,226.432,0.873,156.341,201.483,0.926,207.171,158.552,0.986,195.789,140.848,0.946,292.853,119.355,0.934,293.678,123.199,0.897
117.167,222.641,0.912,158.888,202.002,0.963,209.518,155.215,0.895,193.932,146.162,0.887,289.041,113.682,0.845,292.122,124.761,0.910
120.731,219.391,0.938,163.310,196.662,0.910,206.530,152.517,0.895,193.610,144.814,0.908,295.339,115.451,0.895,294.258,123.634,0.929
123.913,221.694,0.914,167.382,202.732,0.925,205.420,153.226,0.929,193.014,150.584,0.949,292.908,115.622,0.894,300.562,125.717,0.923
129.539,216.170,0.882,170.022,198.209,0.938,205.862,147.104,0.928,198.183,151.098,0.942,290.864,117.891,0.948,295.519,123.533,0.935
128.814,215.435,0.928,167.652,195.705,0.900,205.816,148.633,0.977,195.676,156.378,0.928,287.727,110.491,0.926,298.927,123.272,0.916
128.943,215.646,0.935,170.632,192.427,0.938,198.356,148.196,0.925,197.172,156.329,0.931,287.932,110.440,0.918,305.124,126.646,0.929
132.239,213.538,0.913,172.893,195.246,0.892,195.956,146.545,0.910,196.298,155.502,0.950,288.897,113.560,0.913,302.839,122.324,0.918
133.520,207.618,0.938,172.452,192.146,0.859,197.299,146.772,0.937,198.114,157.197,0.961,285.317,111.817,0.951,304.750,124.897,0.899
132.550,212.804,0.911,172.027,188.220,0.931,193.269,144.539,0.882,203.183,155.957,0.909,285.447,109.475,0.933,306.244,122.876,0.889
136.685,207.885,0.899,171.127,189.176,0.946,191.395,147.151,0.942,205.769,157.090,0.905,281.038,109.078,0.942,304.231,122.729,0.908
130.791,207.208,0.953,169.795,188.011,0.887,188.808,145.489,0.969,206.218,157.357,0.936,279.734,108.192,0.903,311.225,125.639,0.917
133.981,202.496,0.944,174.744,187.917,0.962,188.510,142.747,0.914,206.929,165.243,0.911,281.317,109.723,0.933,312.818,120.300,0.952
135.252,203.398,0.912,174.324,183.556,0.925,188.767,140.791,0.826,210.745,160.073,0.933,277.799,107.441,0.946,309.618,124.661,0.939
130.437,197.245,0.925,172.374,179.474,0.965,184.067,146.546,0.908,205.891,160.864,0.895,272.624,105.677,0.907,315.789,121.440,0.916
132.715,196.340,0.974,175.791,180.933,0.951,179.670,145.267,0.928,211.098,163.041,0.881,278.259,105.522,0.873,315.637,119.462,0.890
133.158,194.515,0.952,172.356,177.501,0.959,177.911,143.698,0.939,216.260,163.291,0.924,274.178,107.261,0.888,320.580,122.304,0.897
129.774,194.355,0.859,171.532,177.008,0.939,173.990,144.972,0.939,217.621,163.948,0.901,268.759,103.732,0.950,319.251,125.121,0.909
123.514,188.479,0.919,171.387,172.277,0.950,175.536,143.847,0.881,219.367,168.581,0.974,267.548,105.408,0.973,323.905,119.151,0.944
123.222,191.486,0.904,168.048,172.472,0.875,170.957,146.896,0.963,220.499,161.657,0.961,264.053,105.549,0.966,325.129,119.166,0.879
124.707,187.735,0.865,166.201,167.903,0.878,170.729,145.154,0.857,219.946,166.366,0.926,262.949,101.143,0.891,321.964,118.300,0.894
120.210,186.136,0.865,162.873,172.373,0.925,164.540,148.335,0.943,224.189,164.416,0.942,263.530,104.309,0.978,324.719,122.985,0.918
116.801,186.927,0.909,163.722,166.678,0.953,163.477,147.045,0.906,224.175,166.693,0.940,258.688,105.474,0.957,325.502,114.883,0.904
114.776,181.681,0.883,158.881,167.543,0.881,162.024,152.604,0.950,232.446,163.468,0.907,257.297,102.821,0.905,326.874,113.404,0.947
112.307,186.259,0.892,158.243,164.729,0.948,162.519,151.785,0.929,231.040,164.634,0.941,257.640,103.135,0.882,326.009,117.722,0.969
106.350,183.063,0.940,157.418,168.843,0.911,156.743,149.824,0.900,234.260,164.535,0.952,253.967,106.570,0.955,332.978,113.146,0.917
104.055,185.458,0.917,153.099,163.679,0.964,160.337,153.534,0.938,231.090,162.755,0.876,249.828,103.916,0.915,331.250,110.557,0.919
101.790,185.786,0.911,151.491,167.248,0.933,162.216,157.899,0.899,239.276,164.691,0.920,251.179,106.592,0.930,331.548,110.840,0.886
97.319,191.358,0.940,149.602,167.634,0.915,158.573,154.148,0.883,237.340,162.467,0.866,247.340,108.649,0.913,333.833,111.883,0.958
95.111,180.300,0.900,143.722,167.321,0.914,158.508,160.774,0.889,241.010,160.875,0.918,250.186,111.107,0.842,333.647,108.525,0.928
95.047,184.568,0.922,144.061,163.412,0.898,156.815,161.906,0.899,241.531,161.820,0.915,245.902,109.753,0.976,336.777,109.857,1.000
87.722,191.241,0.953,138.314,165.421,0.946,156.369,165.247,0.918,242.419,162.224,0.933,243.432,111.547,0.896,334.481,112.395,0.944
90.881,186.526,0.935,136.750,168.911,0.911,156.499,164.321,0.885,242.091,160.442,0.907,242.960,111.992,0.933,333.033,104.538,0.932
88.351,189.410,0.898,136.592,166.385,0.940,154.002,165.633,0.947,248.718,159.793,0.910,241.872,113.116,0.893,336.054,109.147,0.940
78.949,190.763,0.897,131.851,167.841,0.913,153.045,166.650,0.912,248.349,157.374,0.952,236.731,112.263,0.946,335.260,104.591,0.893
80.122,191.655,0.899,130.437,166.151,0.924,154.967,166.578,0.882,249.438,153.419,0.955,240.521,114.115,0.909,333.389,103.983,0.893
79.383,198.602,0.905,126.947,167.919,0.952,153.764,165.813,0.864,248.196,158.411,0.917,236.818,118.767,0.948,332.236,100.233,0.939
75.754,196.547,0.972,126.887,169.962,0.965,158.852,172.569,0.871,249.510,150.882,0.923,235.937,115.869,0.923,330.421,101.635,0.948
74.673,197.630,0.960,124.785,168.818,0.968,160.395,175.796,0.905,255.177,153.137,0.917,235.776,118.695,0.964,333.127,98.920,0.879
74.871,203.283,0.937,124.868,171.883,0.944,160.683,173.725,0.885,253.453,149.276,0.898,233.648,119.839,0.957,337.386,98.915,0.924
76.337,201.642,0.939,120.444,172.332,0.916,157.746,177.026,0.912,253.304,151.725,0.917,238.423,117.698,0.902,333.406,99.571,0.917
73.676,204.458,0.959,119.928,175.625,0.929,163.335,175.745,0.937,252.596,147.578,0.914,233.943,125.355,0.956,333.442,94.117,0.886
78.520,206.406,0.932,123.267,173.184,0.900,164.366,179.787,0.935,258.325,148.711,0.930,235.012,121.031,0.942,330.231,100.076,0.920
75.942,212.533,0.879,116.105,180.137,0.903,166.497,177.813,0.954,253.701,144.794,0.936,231.882,123.533,0.942,332.166,91.440,0.899
75.973,210.004,0.944,113.305,184.645,0.927,166.375,180.366,0.944,254.396,143.781,0.952,237.983,125.477,0.953,332.403,91.919,0.100
80.206,210.193,0.894,115.680,185.422,0.906,169.419,180.001,0.927,258.809,144.373,0.897,234.067,121.971,0.873,326.773,93.510,0.100
79.990,216.031,0.941,115.035,185.157,0.975,170.276,182.545,0.913,254.141,144.021,0.915,235.643,129.977,0.902,325.743,94.628,0.100
81.190,214.457,0.942,114.437,184.566,0.938,174.010,186.099,0.900,254.203,141.867,0.923,235.215,129.229,0.872,326.349,91.096,0.100
81.769,216.729,0.963,115.703,189.732,0.934,170.346,182.863,0.886,248.894,137.079,0.902,238.684,133.653,0.892,324.626,92.837,0.100
88.284,220.186,0.910,117.627,187.941,0.868,178.204,185.687,0.983,252.456,136.330,0.930,236.765,134.743,0.886,319.475,89.669,0.100
88.723,220.225,0.895,115.441,192.413,0.872,178.021,185.362,0.911,247.488,136.419,0.940,236.869,129.421,0.944,322.892,88.361,0.100
89.330,219.553,0.928,116.456,196.235,0.935,183.836,183.762,0.920,248.974,130.342,0.900,238.811,138.261,0.948,319.441,86.142,0.100
89.384,222.961,0.963,116.467,191.854,0.914,185.352,185.945,0.915,247.095,134.946,0.898,237.413,134.273,0.983,318.235,89.894,0.100
96.220,221.491,0.864,122.676,195.553,0.981,187.368,185.248,0.891,248.534,131.463,0.847,238.202,134.006,0.966,316.131,86.273,0.100
96.223,224.572,0.904,125.668,193.863,0.920,189.323,183.131,0.833,242.986,128.162,0.921,239.112,139.606,0.915,313.586,83.611,0.100
98.184,222.292,0.939,121.281,197.046,0.944,191.128,183.509,0.919,242.887,131.017,0.951,248.792,138.724,0.895,312.235,86.250,0.100
104.197,224.016,0.933,119.712,202.378,0.922,194.085,183.716,0.929,244.017,127.433,0.851,246.154,139.079,0.891,311.011,82.875,0.100
108.458,228.223,0.927,126.461,202.072,0.922,198.280,182.131,0.938,240.303,128.842,0.979,247.658,140.056,0.920,310.719,87.107,0.100
113.565,222.598,0.922,130.633,203.150,0.926,199.230,179.104,0.929,235.996,127.997,0.906,246.440,142.181,0.899,310.303,84.641,0.100
114.601,223.825,0.932,133.731,199.277,0.942,203.759,183.642,0.927,238.769,126.868,0.922,246.875,139.172,0.956,307.429,82.923,0.100
118.584,225.152,0.905,137.568,201.803,0.924,202.575,181.780,0.934,236.454,124.371,0.931,251.144,141.530,0.927,302.249,82.908,0.100
117.321,224.302,0.934,135.428,203.706,0.926,207.926,176.683,0.912,231.448,125.563,0.919,249.073,139.322,0.928,306.299,84.064,0.100
122.365,222.261,0.898,138.714,205.425,0.935,202.936,178.629,0.917,232.094,125.403,0.903,252.285,143.619,0.923,301.802,86.618,0.909
125.102,219.558,0.924,140.835,205.261,0.920,212.063,176.159,0.922,231.366,126.087,0.935,257.700,146.607,0.916,300.816,88.268,0.900
128.802,220.506,0.876,146.161,204.333,0.843,213.356,177.441,0.902,229.169,123.807,0.912,260.742,144.940,0.976,297.765,89.017,0.920
129.289,215.734,0.890,149.400,206.437,0.950,208.239,178.229,0.945,225.557,124.400,0.917,259.030,146.876,0.874,294.814,84.115,0.935
132.379,218.909,0.918,154.346,204.103,0.865,211.716,175.109,0.929,222.894,124.327,0.920,261.899,144.713,0.961,293.810,85.023,0.957
131.191,213.349,0.910,155.426,205.712,0.913,215.584,174.857,0.926,223.856,125.289,0.883,263.887,145.243,0.892,292.009,87.763,0.963
134.044,207.846,0.895,156.767,202.674,0.885,214.815,168.325,0.975,216.688,126.493,0.927,266.728,141.383,0.928,291.221,88.245,0.935
134.974,213.887,0.924,159.791,198.617,0.931,214.779,167.515,0.948,218.881,122.755,0.916,264.920,142.830,0.940,288.964,89.652,0.895
132.139,205.977,0.942,161.251,205.516,0.909,213.543,167.394,0.879,210.284,125.972,0.923,268.088,144.595,0.894,288.680,84.065,0.885
135.157,205.693,0.899,163.889,199.267,0.912,214.244,167.073,0.951,211.430,128.215,0.939,270.218,147.603,0.925,288.651,87.523,0.926
134.004,204.566,0.948,161.848,200.417,0.920,212.738,159.975,0.932,211.139,127.496,0.940,271.257,147.035,0.881,286.142,87.912,0.925
130.349,202.726,0.931,168.282,199.120,0.900,214.580,160.740,0.903,212.486,125.903,0.917,278.209,144.971,0.923,281.573,88.935,0.888
135.264,197.157,0.959,168.606,196.396,0.945,212.764,163.413,0.900,205.434,127.929,0.921,275.172,144.866,0.973,282.492,92.874,0.871
131.502,195.626,0.100,172.654,193.802,0.915,216.170,158.506,0.922,204.753,131.236,0.880,280.437,140.985,0.920,282.022,92.722,0.920
129.098,194.994,0.100,174.328,190.762,0.948,214.178,160.889,0.874,204.235,132.638,0.927,284.412,141.520,0.963,282.877,95.110,0.925
128.341,199.036,0.100,170.843,192.917,0.888,211.725,153.312,0.874,199.256,134.006,0.909,282.950,138.198,0.941,278.599,97.212,0.916
127.399,192.387,0.100,170.194,189.061,0.980,210.613,150.565,0.902,197.393,132.762,0.875,281.294,141.006,0.948,281.406,94.977,0.924
127.921,189.886,0.100,174.063,189.124,0.908,209.479,150.832,0.895,199.320,137.006,0.963,284.463,140.636,0.904,275.276,96.487,0.924
122.136,189.145,0.100,173.987,187.627,0.950,205.390,151.125,0.924,196.615,134.397,0.874,286.637,136.651,0.882,279.499,103.510,0.922
120.782,189.432,0.100,173.624,185.600,0.932,209.285,149.591,0.887,198.195,139.630,0.964,287.018,137.304,0.929,279.898,100.907,0.912
119.789,190.142,0.100,174.198,181.315,0.927,207.907,149.349,0.909,197.167,138.077,0.871,285.849,133.732,0.923,275.489,99.628,0.949
115.181,185.581,0.100,173.262,179.204,0.933,203.672,150.530,0.904,191.477,138.285,0.975,288.466,136.481,0.905,271.734,100.445,0.940
113.220,184.053,0.100,176.132,179.134,0.928,201.514,144.264,0.887,194.531,140.056,0.888,291.475,135.972,0.903,277.657,101.279,0.887
107.031,183.771,0.100,171.563,178.822,0.870,201.041,145.792,0.957,193.479,140.113,0.952,289.927,134.183,0.890,280.738,102.357,0.911
106.394,183.685,0.100,171.065,176.759,0.941,197.716,146.440,0.934,196.013,143.627,0.945,292.896,127.868,0.908,277.930,102.520,0.896
101.602,186.745,0.100,168.767,173.501,0.914,196.051,146.651,0.888,195.701,145.368,0.918,293.315,129.416,0.948,274.454,106.175,0.904
100.769,186.290,0.100,169.505,171.736,0.934,189.293,146.835,0.951,194.692,149.473,0.971,295.080,129.252,0.907,274.768,108.620,0.875
93.582,187.265,0.100,164.711,170.147,0.968,183.975,142.086,0.910,193.548,148.117,0.875,291.548,127.062,0.907,273.855,109.890,0.943
91.101,190.095,0.100,164.181,170.596,0.903,187.702,144.716,0.905,194.142,149.380,0.951,295.541,126.375,0.931,277.695,111.383,0.948
92.403,187.098,0.100,163.635,170.743,0.906,183.972,141.538,0.940,194.629,149.508,0.967,294.815,128.281,0.907,277.498,111.293,0.952
86.842,190.885,0.100,158.234,170.141,0.907,181.897,146.454,0.966,196.586,148.784,0.922,292.815,121.796,0.894,277.241,111.652,0.900
84.079,190.936,0.890,157.392,163.532,0.966,179.420,141.719,0.946,199.533,156.185,0.933,291.193,124.700,0.916,276.429,111.247,0.942
82.734,190.587,0.918,154.887,167.522,0.902,178.170,145.947,0.919,198.427,156.063,0.893,294.302,122.958,0.886,278.470,119.281,0.931
79.226,192.149,0.918,152.009,162.754,0.950,174.774,143.584,0.944,202.793,153.466,0.958,297.618,123.898,0.891,279.159,116.011,0.912
81.561,194.247,0.948,147.440,166.488,0.906,176.236,143.334,0.900,198.642,158.962,0.918,291.321,120.073,0.916,280.061,114.960,0.926
74.976,196.939,0.928,146.915,162.381,0.944,171.301,146.785,0.915,202.527,158.717,0.922,294.776,121.275,0.956,283.869,118.915,0.912
76.050,200.602,0.918,146.601,166.140,0.918,172.273,144.980,0.930,205.465,159.939,0.922,292.226,115.720,0.946,280.849,119.066,0.950
76.235,202.786,0.900,144.933,168.268,0.938,165.307,149.743,0.940,206.203,158.678,0.906,292.894,116.000,0.872,281.327,118.150,0.955
74.844,203.435,0.939,141.519,160.561,0.888,167.498,150.649,0.902,208.264,161.569,0.914,287.320,114.122,0.990,286.435,120.819,0.907
73.286,207.006,0.921,138.239,167.219,0.948,161.082,150.354,0.930,210.433,165.353,0.992,288.927,115.559,0.922,284.561,122.522,0.891
73.321,207.520,0.941,134.398,169.696,0.950,159.331,150.930,0.922,208.312,164.088,0.886,289.402,110.964,0.898,285.326,123.469,0.948
76.402,209.755,0.904,129.495,164.627,0.889,162.431,155.599,0.918,209.997,163.530,0.943,286.596,111.094,0.895,285.641,119.441,0.872
74.305,210.832,0.941,131.434,169.245,0.879,159.888,158.211,0.941,218.808,162.771,0.924,287.891,110.103,0.938,290.736,118.576,0.874
78.786,217.040,0.963,125.027,169.266,0.923,154.206,154.944,0.965,219.844,163.947,0.873,287.062,112.170,0.939,289.906,123.020,0.927
75.873,218.170,0.917,124.029,173.016,0.915,155.790,159.673,0.872,221.363,167.668,0.971,282.910,109.864,0.943,293.863,122.241,0.922
79.524,215.678,0.884,122.915,171.731,0.965,154.492,159.778,0.925,222.347,163.129,0.901,279.796,109.589,0.906,292.537,126.721,0.981
82.685,220.032,0.950,119.349,169.978,0.946,155.933,161.551,0.886,225.432,165.605,0.982,278.317,103.730,0.922,298.963,121.547,0.889
82.331,220.253,0.921,119.271,173.256,0.943,159.850,158.101,0.932,223.667,162.928,0.920,274.008,104.331,0.872,294.653,124.923,0.909
88.582,220.638,0.905,120.745,176.585,0.882,156.022,163.523,0.930,228.754,163.644,0.866,277.838,105.264,0.929,297.936,124.153,0.937
89.877,223.714,0.920,115.942,175.917,0.895,153.721,163.890,0.983,234.424,167.258,0.897,272.771,107.330,0.916,303.228,126.526,0.925
90.641,223.548,0.900,116.112,178.897,0.947,156.271,166.443,0.928,234.099,163.518,0.918,270.952,103.182,0.900,304.564,124.838,0.949
92.610,224.259,0.835,115.568,179.157,0.932,156.540,171.137,0.992,229.893,164.375,0.906,270.056,106.687,0.875,303.852,123.286,0.896
95.551,224.030,0.978,117.857,183.337,0.925,154.970,171.104,0.960,237.623,168.010,0.918,270.047,104.025,0.909,306.408,122.201,0.926
101.888,224.625,0.978,115.919,182.569,0.900,160.956,168.594,0.952,237.882,163.566,0.969,265.217,103.024,0.934,310.762,122.996,0.846
102.610,222.220,0.964,114.164,184.571,0.916,156.367,174.358,0.917,240.379,164.171,0.960,266.303,102.624,0.909,310.221,123.004,0.935
105.332,223.491,0.944,117.044,186.657,0.931,160.210,174.600,0.859,242.039,162.699,0.939,264.987,106.673,0.912,311.871,124.714,0.945
110.703,224.327,0.922,116.913,189.509,0.952,159.411,175.325,0.916,243.933,161.355,0.966,257.131,105.514,0.893,314.098,120.973,0.910
118.755,225.710,0.946,114.626,195.142,0.902,159.935,179.412,0.922,247.121,159.271,0.945,261.486,101.629,0.939,318.619,122.854,0.944
117.689,226.411,0.920,115.771,195.738,0.884,166.668,175.628,0.928,246.732,158.055,0.907,259.050,102.529,0.949,315.718,121.711,0.941
121.460,222.974,0.935,116.874,193.873,0.918,165.525,178.623,0.897,250.303,156.524,0.910,256.183,105.306,0.971,315.542,121.239,0.908
122.995,218.744,0.917,118.354,196.627,0.910,169.154,179.187,0.953,249.781,154.305,0.937,250.242,110.135,0.940,321.546,123.975,0.901
126.577,218.340,0.873,124.401,194.696,0.905,171.376,179.844,0.911,254.531,153.809,0.930,253.363,105.653,0.964,321.465,117.929,0.914
124.548,219.179,0.916,124.031,200.175,0.919,169.680,186.188,0.954,249.778,153.803,0.940,253.632,111.140,0.907,325.842,120.223,0.902
128.351,215.709,0.824,125.564,203.445,0.965,174.163,183.512,0.996,254.200,151.118,0.892,249.756,110.727,0.915,322.878,123.084,0.941
131.446,212.743,0.970,128.204,200.327,0.932,174.002,186.316,0.930,250.307,151.823,0.916,246.149,108.405,0.921,328.984,116.146,0.903
132.315,212.464,0.950,130.101,205.605,0.885,174.426,184.896,0.926,254.345,150.663,0.965,246.801,109.625,0.942,330.432,116.573,0.911
133.094,211.098,0.922,132.844,202.234,0.933,181.695,181.465,0.944,254.423,147.274,0.959,241.509,110.340,0.895,329.205,118.747,0.961
132.961,209.928,0.878,137.065,203.288,0.971,182.057,181.911,0.945,255.488,145.664,0.891,242.513,111.936,0.897,330.947,114.381,0.910
134.269,205.190,0.924,141.770,201.764,0.916,187.730,187.161,0.929,257.353,144.444,0.901,240.048,114.218,0.939,330.729,116.369,0.966
133.403,204.669,0.900,140.528,203.182,0.948,188.102,185.384,0.921,255.606,142.046,0.874,240.674,113.167,0.952,334.904,116.165,0.912
129.945,204.132,0.898,142.380,205.170,0.930,190.491,187.654,0.928,255.399,143.404,0.922,237.936,113.963,0.915,332.334,112.247,0.897
131.910,202.177,0.851,141.437,206.162,0.942,193.634,185.255,0.955,253.744,141.846,0.901,237.540,114.410,0.923,334.137,113.947,0.892
134.439,201.047,0.956,149.008,203.165,0.936,191.061,184.159,0.894,252.883,141.359,0.901,234.049,116.348,0.900,334.586,109.060,0.947
135.478,197.876,0.916,149.565,207.590,0.977,195.768,183.010,0.895,252.494,138.241,0.938,236.192,119.274,0.900,333.984,112.176,0.885
134.567,195.184,0.927,156.695,204.015,1.000,198.205,186.355,0.970,256.011,140.242,0.859,236.235,120.469,0.895,335.667,108.708,0.913
129.425,197.489,0.916,158.000,205.903,0.910,202.045,187.550,0.916,250.646,132.458,0.850,236.582,121.146,0.942,333.017,109.797,0.862
129.043,191.484,0.920,159.541,203.911,0.939,204.244,183.628,0.907,245.560,131.870,0.886,235.075,121.502,0.961,335.163,107.319,0.925
126.853,193.394,0.946,160.773,203.643,0.920,206.875,183.889,0.890,250.675,130.792,0.912,235.614,125.854,0.897,334.239,104.866,0.909
121.214,187.744,0.946,165.068,203.260,0.965,205.819,180.141,0.861,245.798,133.395,0.934,236.777,126.935,0.958,333.900,102.771,0.910
116.570,189.964,0.868,164.622,200.942,0.923,208.205,178.425,0.929,243.002,129.340,0.936,235.309,126.445,0.925,334.438,101.444,0.929
117.231,183.794,0.938,168.109,200.640,0.910,209.074,176.131,0.931,244.601,129.808,0.905,233.204,129.951,0.901,331.750,102.442,0.951
110.715,187.452,0.932,166.833,197.572,0.998,208.413,170.784,0.907,244.107,135.342,0.939,236.877,131.870,0.878,335.413,102.670,0.964
110.568,184.108,0.891,172.604,197.450,0.943,212.878,176.068,0.900,239.720,126.730,0.932,232.925,130.768,0.915,333.788,97.322,0.918
109.323,184.449,0.903,172.648,194.425,0.890,209.702,173.949,0.881,241.697,128.456,0.905,236.474,133.616,0.862,329.553,98.779,0.983
102.132,184.454,0.918,174.239,188.414,0.885,213.432,171.946,0.945,237.598,133.289,0.912,236.455,134.861,0.971,332.067,96.340,0.911
101.903,183.870,0.941,170.412,191.347,0.942,215.181,165.166,0.889,234.415,124.875,0.946,237.223,136.427,0.887,332.781,100.201,0.893
101.218,179.891,0.924,173.871,189.545,0.892,219.723,165.225,0.974,229.444,124.425,0.974,239.876,135.607,0.928,331.001,94.092,0.954
96.429,189.875,0.987,175.922,184.635,0.921,212.496,167.881,0.918,228.108,124.632,0.896,239.184,132.752,0.941,330.674,93.574,0.848
93.820,185.938,0.895,169.752,183.180,0.934,217.413,165.509,0.895,229.639,126.292,0.896,243.513,137.698,0.914,333.213,94.735,0.941
91.792,184.894,0.931,175.236,183.224,0.817,216.142,161.180,0.945,229.807,126.991,0.931,245.728,136.213,0.920,327.414,88.732,0.985
90.812,191.222,0.939,172.925,183.344,0.949,214.713,160.264,0.923,225.732,125.054,0.861,250.543,136.655,0.906,326.875,88.829,0.931
85.209,193.450,0.941,172.846,176.340,0.938,218.134,161.840,0.874,220.337,121.897,0.943,244.559,141.969,0.959,327.620,90.044,0.962
85.146,191.466,0.960,172.400,178.004,0.893,209.459,157.287,0.898,220.528,123.706,0.884,248.535,141.849,0.848,325.734,92.115,0.998
80.584,192.809,0.873,172.045,178.107,0.942,212.609,153.880,0.917,219.187,125.131,0.951,248.087,141.825,1.000,321.887,87.938,0.945
77.910,192.528,0.988,169.947,176.291,0.905,213.850,154.742,0.901,216.215,125.532,0.945,250.462,145.046,0.887,323.814,87.545,0.922
78.208,197.641,0.876,169.494,173.765,0.944,208.419,152.134,0.965,216.452,127.302,0.915,250.896,143.683,0.907,319.854,85.246,0.967
75.242,196.788,0.873,168.652,171.471,0.876,208.762,153.724,0.899,215.392,127.394,0.943,255.851,144.602,0.994,317.053,86.974,0.890
74.495,204.666,0.925,163.214,167.168,0.896,207.156,155.937,0.900,210.370,126.018,0.942,256.830,142.794,0.921,315.379,87.234,0.901
73.936,202.573,0.910,160.317,167.249,0.922,203.033,150.497,0.878,206.557,129.651,0.911,257.468,145.458,0.958,312.888,85.388,0.892
70.397,206.055,0.974,160.643,168.950,0.868,203.794,149.508,0.890,203.159,129.342,0.901,255.900,145.786,0.904,310.417,82.712,0.904
75.364,205.329,0.885,156.294,166.239,0.929,199.836,149.746,0.967,207.446,131.945,0.993,264.051,142.260,0.946,309.576,84.274,0.937
73.117,207.969,0.948,154.495,169.169,0.906,197.436,148.295,0.903,205.690,131.063,0.942,264.354,145.710,0.923,309.706,85.418,0.882
76.244,211.940,0.932,150.265,167.235,0.942,194.976,148.440,0.963,204.913,129.244,0.948,262.100,145.496,0.898,306.791,86.785,0.951
80.484,210.969,0.937,152.862,164.561,0.918,196.394,143.011,0.919,199.304,134.584,0.928,268.283,141.991,0.891,304.796,85.483,0.908
77.969,216.686,0.880,150.338,165.244,0.938,193.072,144.715,0.883,199.747,134.697,0.879,269.600,143.181,0.860,301.699,85.841,0.936
79.638,215.139,0.903,145.782,162.937,0.842,191.913,147.352,0.944,194.482,135.029,0.919,272.837,145.103,0.928,304.764,82.930,0.966
85.426,218.992,0.876,146.726,165.730,0.925,188.402,145.529,0.946,193.279,136.858,0.931,271.038,140.898,0.954,300.695,86.043,0.908
86.012,218.022,0.870,140.577,164.455,0.914,183.916,143.465,0.965,196.339,136.961,0.926,275.869,144.966,0.917,298.626,90.413,0.924
89.314,222.988,0.928,135.174,168.374,0.951,184.224,146.015,0.924,196.094,140.079,0.934,275.730,142.029,0.860,295.432,87.098,0.879
89.284,219.421,0.942,137.925,161.072,0.903,185.767,145.396,0.953,195.093,139.762,0.944,279.095,139.845,0.909,297.709,86.939,0.900
94.289,223.124,0.911,132.036,166.846,0.929,175.749,141.850,0.933,196.061,142.250,0.910,279.120,143.801,0.965,294.414,87.442,0.906
94.353,223.787,0.873,130.540,165.997,0.894,171.204,147.187,0.948,190.903,142.956,0.874,284.723,143.267,0.922,289.197,83.386,0.942
97.407,220.747,0.899,128.562,173.901,0.930,173.384,146.396,0.895,192.432,144.690,0.884,280.958,141.234,0.880,287.582,87.740,0.938
103.053,223.299,0.954,122.600,170.730,0.984,171.643,148.790,0.899,193.515,147.995,0.947,286.830,138.481,0.951,291.420,91.136,0.894
103.800,225.246,0.924,123.501,166.303,0.948,171.748,143.649,0.894,193.868,151.340,0.896,286.557,138.996,0.945,282.282,90.073,0.951
109.667,222.698,0.937,119.622,172.043,0.933,167.694,150.917,0.981,195.376,149.439,0.946,288.475,139.558,0.875,283.851,88.253,0.935
116.018,223.990,0.916,117.858,174.829,0.971,164.997,152.313,0.970,198.009,153.782,0.906,287.414,134.457,0.891,284.883,92.862,0.892
110.896,218.579,0.955,117.518,175.380,0.916,163.749,148.804,0.918,200.197,153.201,0.956,287.469,135.657,0.919,284.547,89.399,0.901
115.696,223.390,0.928,115.652,177.742,0.908,163.950,150.499,0.915,194.182,151.829,0.916,290.217,136.389,0.898,283.746,94.448,0.876
122.239,220.410,0.901,113.775,179.794,0.943,160.469,155.976,0.923,198.928,154.824,0.900,293.005,133.642,0.904,282.367,94.256,0.953
122.342,218.820,0.961,112.891,179.246,0.943,161.781,156.510,0.937,202.954,154.997,0.861,289.330,132.704,0.952,280.434,93.270,0.925
127.395,218.261,0.941,116.200,180.130,0.967,161.972,155.647,0.957,201.019,158.857,0.929,295.321,131.211,0.930,275.374,96.833,0.872
125.274,217.570,0.957,113.506,185.804,0.899,157.553,157.792,0.887,205.091,157.747,0.935,293.011,129.043,0.891,278.563,94.981,0.919
129.933,215.636,0.897,114.592,189.999,0.922,155.315,159.195,0.880,202.012,157.342,0.944,295.445,126.535,0.847,275.619,99.293,0.929
130.679,215.618,0.900,113.730,188.090,0.941,156.488,158.850,0.903,204.462,158.574,0.915,295.506,128.181,0.892,275.486,97.760,0.947
132.687,214.908,0.919,115.266,189.463,0.921,155.193,162.747,0.933,208.293,159.578,0.963,293.287,123.609,0.946,275.660,99.797,0.935
134.194,212.063,0.904,118.234,191.441,0.908,152.190,161.376,0.893,211.315,162.083,0.895,298.139,121.652,0.933,274.822,102.813,0.899
131.904,208.673,0.900,116.553,195.388,0.953,157.555,165.051,0.899,212.280,163.647,0.940,295.541,124.314,0.894,273.445,103.292,0.911
132.687,209.525,0.935,118.032,191.319,0.902,156.081,170.361,0.917,214.993,162.919,0.933,295.890,121.208,0.973,274.101,101.089,0.914
137.798,203.093,0.925,119.832,197.584,0.890,157.577,168.198,0.841,217.862,166.443,0.931,294.679,125.318,0.887,274.720,106.748,0.995
135.422,202.047,0.920,120.519,191.320,0.941,155.668,168.833,0.907,219.494,163.386,0.954,295.256,119.293,0.966,275.984,105.606,0.874
134.557,194.859,0.896,123.428,201.443,0.921,152.690,172.368,0.952,217.858,164.814,0.885,294.251,117.422,0.941,276.055,108.476,0.921
133.443,198.771,0.940,126.823,198.594,0.955,154.304,174.392,0.938,219.549,166.256,0.878,293.157,118.506,0.947,274.366,107.063,0.916
133.119,195.828,0.944,129.939,203.332,0.936,156.541,172.764,0.913,224.543,163.605,0.916,288.278,113.822,0.943,277.321,107.364,0.952
128.669,197.265,0.878,129.066,202.210,0.893,158.172,180.429,0.917,226.237,162.987,0.870,292.433,112.981,0.925,273.990,106.581,0.905
127.272,192.284,0.904,133.418,203.708,0.965,163.788,179.301,0.955,229.473,166.325,0.939,289.334,111.296,0.970,276.570,109.181,0.888
129.903,190.390,0.933,134.943,205.080,0.883,164.666,176.609,0.931,232.343,162.681,0.928,292.878,111.488,0.906,281.987,115.016,0.938
125.376,194.725,0.952,142.883,202.805,0.924,164.587,176.825,0.914,232.673,165.813,0.938,287.209,110.229,0.934,280.303,110.779,0.912
124.333,189.655,0.929,137.872,201.992,0.933,163.686,176.494,0.896,234.524,160.087,0.921,283.858,110.762,0.967,278.950,112.547,0.927
118.787,186.101,1.000,146.296,206.871,0.972,169.955,179.332,0.884,234.086,165.361,0.910,289.605,107.600,0.984,277.196,118.402,0.885
119.954,183.576,0.878,145.097,204.101,0.916,170.004,181.724,0.918,240.273,163.106,0.910,286.524,105.009,0.923,281.789,116.711,0.905
114.959,183.290,0.910,144.146,209.356,0.948,170.510,184.009,0.894,239.779,162.758,0.941,279.108,105.152,0.951,281.294,120.542,0.939
112.198,187.675,0.880,148.126,203.532,0.895,176.412,182.782,0.966,243.370,159.488,0.912,279.783,109.251,0.886,281.184,116.411,0.952
109.231,185.130,0.901,150.664,203.510,0.916,179.339,185.728,0.972,243.607,159.073,0.974,271.099,106.976,0.890,283.378,119.131,0.905
103.403,186.028,0.863,153.915,201.478,0.959,179.223,184.054,0.924,243.949,162.512,0.949,276.543,106.248,0.946,285.870,123.044,0.948
98.129,185.761,0.898,162.212,204.082,0.892,182.638,181.239,0.935,246.825,155.417,0.926,272.346,102.450,0.931,287.950,122.823,0.925
96.609,184.091,0.894,164.381,204.953,0.911,184.221,185.480,0.966,248.347,156.676,0.926,274.221,105.026,0.928,288.434,121.323,0.918
98.986,184.795,0.953,166.219,199.642,0.922,189.004,186.379,0.909,251.645,157.828,0.924,270.079,107.620,0.917,291.346,122.239,0.938
95.394,188.281,0.893,162.864,196.364,0.918,186.946,184.509,0.932,252.554,158.479,0.907,267.545,105.017,0.905,291.793,123.340,0.916
89.301,187.108,0.940,167.389,196.210,0.884,191.268,180.830,0.930,253.586,154.849,0.983,266.215,106.715,0.888,291.696,123.341,0.912
86.757,188.094,0.919,168.240,192.163,0.946,191.996,183.324,0.893,251.826,151.429,0.899,262.096,105.596,0.879,293.931,126.118,0.917
86.993,189.560,0.909,172.489,200.848,0.890,194.130,183.721,0.971,251.899,149.661,0.863,264.440,103.332,0.922,296.410,124.217,0.933
82.362,191.742,0.863,171.344,194.387,0.921,197.603,180.555,0.919,250.818,149.871,0.891,258.087,104.680,0.891,298.026,120.428,0.866
78.123,195.907,0.888,173.643,193.358,0.937,199.467,187.124,0.988,253.142,145.535,0.986,258.128,106.042,0.980,301.748,123.467,0.903
81.542,195.726,0.938,176.018,186.122,0.941,201.359,175.966,0.947,255.130,145.180,0.920,256.172,105.103,0.929,301.058,124.075,0.905
78.539,198.666,0.972,173.943,190.004,0.936,204.342,180.453,0.940,252.898,149.072,0.898,253.013,107.247,0.896,307.749,127.653,0.916
71.426,196.698,0.945,171.669,187.040,0.937,208.578,180.653,0.868,254.612,146.083,0.911,253.932,109.262,0.917,304.803,126.875,0.880
75.019,198.868,0.982,178.114,183.562,0.958,204.988,179.778,0.959,253.605,141.458,0.893,250.300,108.880,0.938,306.885,120.539,0.943
75.440,205.391,0.960,170.246,185.521,0.882,214.141,177.469,0.881,254.659,143.455,0.918,248.046,108.324,0.923,306.096,128.546,0.873
75.950,205.898,0.906,173.619,180.711,0.941,210.966,172.695,0.975,252.208,141.045,0.935,245.661,108.785,0.912,312.023,129.055,0.965
75.456,207.681,0.960,172.672,180.954,0.954,209.502,177.201,0.926,251.801,137.093,0.881,247.176,110.564,0.926,314.272,123.180,0.903
74.370,208.746,0.980,173.733,181.933,0.909,212.847,173.486,0.926,255.950,138.477,0.928,240.572,110.451,0.876,317.403,125.708,0.927
76.222,214.303,0.942,175.607,173.420,0.953,217.556,172.355,0.920,252.157,134.068,0.918,240.933,107.340,0.865,317.085,123.263,0.939
78.168,213.855,0.895,169.929,181.150,0.925,210.633,169.843,0.860,252.680,135.835,0.924,240.733,113.258,0.983,316.745,120.015,0.879
78.467,214.204,0.935,172.335,175.631,0.923,211.694,170.965,0.934,249.014,133.017,0.969,242.253,108.477,0.918,321.449,123.331,0.934
79.968,215.947,0.970,167.241,172.083,0.947,213.095,164.408,0.918,246.854,131.312,0.957,236.913,112.500,0.906,318.709,122.937,0.938
85.191,217.806,0.907,168.968,169.009,0.877,213.944,163.761,0.916,243.845,132.249,0.909,238.432,113.611,0.908,322.265,122.453,0.954
83.013,221.617,0.940,165.686,166.847,0.877,217.489,161.509,0.915,245.138,126.773,0.848,236.235,118.203,0.935,320.393,118.787,0.901
86.647,222.443,0.954,160.972,164.449,0.907,213.362,161.414,0.955,243.356,130.811,0.910,238.946,116.870,0.933,325.331,120.488,0.898
85.916,223.411,0.949,159.369,165.918,0.904,215.852,160.867,0.944,240.094,127.975,0.901,237.339,118.185,0.928,325.470,118.667,0.882
93.857,227.065,0.927,154.836,162.370,0.902,213.240,158.235,0.964,238.043,124.889,0.897,231.351,123.210,0.921,329.684,120.585,0.932
97.362,224.930,0.931,149.731,165.034,0.951,215.294,155.902,0.916,239.552,129.291,0.903,236.114,126.225,0.916,329.924,116.904,0.920
99.835,224.720,0.946,154.321,170.189,0.902,212.601,153.395,0.921,236.534,126.451,0.905,236.971,123.720,0.898,331.047,117.459,0.943
103.673,226.270,0.931,148.262,163.858,0.943,207.627,151.375,0.904,230.507,127.719,0.889,237.622,127.379,0.880,332.984,115.939,0.934
105.854,226.190,0.896,148.261,163.245,0.907,204.601,149.552,0.909,230.540,125.236,0.892,234.207,127.696,0.895,330.931,115.624,0.904
108.792,221.550,0.949,143.144,163.948,0.971,205.782,151.607,0.913,230.028,128.649,0.878,233.579,128.369,0.893,337.151,112.371,0.918
112.155,222.500,0.854,143.330,165.855,0.921,202.920,146.600,0.901,226.121,124.834,0.912,234.954,128.596,0.884,331.446,113.009,0.874
113.705,225.536,0.897,138.982,169.999,0.942,202.291,149.140,0.960,222.762,124.894,0.972,235.598,128.836,0.978,332.548,106.534,0.887
119.546,224.988,0.971,134.736,169.783,1.000,201.254,146.834,0.834,220.286,126.645,0.936,238.593,133.341,0.895,335.427,111.226,0.962
119.269,221.800,0.891,131.130,166.110,0.912,198.525,145.657,0.908,221.209,125.291,0.977,234.397,133.403,0.894,332.055,106.225,0.924
119.674,220.273,0.893,128.564,170.891,0.954,192.239,149.494,0.944,219.199,124.330,0.908,236.629,131.324,0.937,336.110,105.369,0.903
126.737,217.213,0.914,128.039,171.763,0.888,194.559,148.483,0.912,215.271,127.280,0.902,237.003,132.929,0.877,335.018,105.405,0.879
130.958,218.648,0.911,125.873,170.339,0.921,191.498,142.728,0.918,214.536,126.286,0.941,240.043,133.559,0.938,338.863,107.230,0.883
127.311,217.380,0.970,122.879,170.773,0.952,188.974,143.965,0.894,211.300,128.646,0.947,240.312,134.369,0.911,335.683,102.989,0.892
130.737,216.304,0.906,121.741,174.716,0.918,185.136,147.358,0.965,208.860,125.625,0.926,241.431,135.886,0.934,334.101,100.754,0.938
130.993,212.312,0.915,122.481,173.447,0.951,182.123,146.830,0.977,206.161,128.455,0.944,241.521,144.367,0.878,338.172,102.310,0.891
132.727,210.004,0.930,117.677,178.161,0.933,178.008,143.591,0.893,208.771,129.621,0.873,247.932,140.221,0.901,332.804,101.728,0.878
134.391,211.096,0.977,115.034,179.021,0.942,178.144,146.368,0.892,204.014,130.106,0.955,244.535,137.727,0.928,333.960,100.740,0.924
132.305,206.820,0.956,114.830,179.317,0.927,174.389,144.866,0.916,202.593,131.112,0.930,243.910,144.418,0.945,328.588,99.103,0.934
134.396,205.180,0.950,117.877,182.059,0.916,174.356,148.565,0.943,199.702,130.946,0.965,251.759,140.069,0.947,330.392,96.243,0.919
131.853,199.609,0.901,118.440,180.675,0.920,173.132,144.811,0.875,199.798,134.144,0.929,250.574,144.504,0.878,333.411,97.663,0.915
133.156,199.840,0.898,112.934,182.294,0.916,172.774,143.021,0.933,199.778,134.419,0.917,248.473,144.936,0.859,328.838,93.004,0.932
131.106,201.396,0.885,110.367,185.721,0.900,171.038,146.548,0.927,200.647,135.859,0.939,254.473,144.694,0.941,327.912,94.830,0.934
130.233,199.486,0.942,114.630,189.410,0.958,169.929,145.562,0.863,195.090,136.816,0.933,253.708,143.664,0.908,326.274,92.299,0.919
127.484,194.440,0.901,116.601,187.343,0.915,166.324,149.641,0.919,196.733,138.615,0.910,260.224,143.402,0.897,324.252,90.413,0.937
131.650,194.133,0.914,116.852,188.189,0.903,164.022,152.815,0.919,195.056,141.053,0.915,257.293,145.665,0.887,325.825,92.096,0.991
128.252,191.696,0.929,117.108,189.367,0.912,161.446,151.045,0.887,197.668,141.252,0.924,264.413,142.655,0.920,324.809,90.116,0.998
121.177,194.237,0.977,120.027,191.175,0.911,157.046,153.802,0.890,197.832,145.952,0.923,263.736,142.908,0.880,322.489,91.940,0.881
121.376,183.649,0.971,121.446,195.958,0.965,157.659,153.546,0.919,197.435,145.286,0.913,264.636,144.012,0.950,322.463,89.931,0.905
118.593,187.462,0.926,124.014,196.603,0.958,155.983,156.899,0.937,197.480,143.735,0.951,266.900,145.875,0.907,324.158,85.726,0.937
115.752,180.117,0.951,124.878,200.202,0.930,157.788,157.597,0.969,195.845,148.322,0.936,266.941,143.052,0.919,316.386,88.536,0.866
111.307,187.406,0.866,122.125,202.942,0.921,156.708,160.123,0.923,197.817,148.720,0.909,272.023,143.106,0.931,316.553,90.762,0.912
112.674,188.510,0.935,127.509,204.750,0.933,156.097,160.775,0.883,194.226,151.602,0.862,269.808,143.126,0.929,315.454,87.006,0.935
107.270,184.821,0.890,127.953,200.971,0.864,152.344,164.112,0.924,197.959,153.348,0.926,272.593,140.927,0.929,312.796,88.348,0.856
105.860,185.230,0.899,134.307,205.897,0.923,152.667,160.928,0.914,196.379,154.652,0.964,279.226,143.156,0.877,310.525,83.568,0.914
102.840,186.057,0.883,134.617,205.058,0.925,154.745,166.371,0.957,197.820,153.118,0.926,278.330,139.638,0.994,311.995,81.073,0.917
101.433,187.758,0.942,137.369,204.520,0.903,157.871,169.351,0.883,197.499,154.455,0.975,279.255,137.501,0.832,309.467,87.794,0.903
92.018,181.634,0.969,140.790,205.636,0.938,153.786,169.218,0.898,199.996,156.822,0.939,279.271,146.366,0.892,304.433,83.965,0.951
96.191,185.954,0.955,143.122,200.444,0.959,158.029,172.112,0.935,204.295,158.881,0.866,279.877,141.434,0.911,303.373,80.482,0.941
92.451,188.225,0.880,146.932,204.891,0.940,158.652,170.502,0.938,200.619,158.218,0.923,288.691,137.687,0.919,303.107,82.262,0.909
88.424,187.964,0.900,147.561,202.182,0.934,159.652,172.411,0.893,199.729,159.798,0.943,284.848,140.128,0.951,306.337,86.428,0.953
89.603,188.727,0.927,150.209,204.037,0.914,158.646,172.778,0.887,202.926,156.555,0.966,286.432,141.020,0.905,299.500,85.146,0.931
83.023,189.726,0.924,148.992,204.378,0.916,160.904,177.660,0.919,208.380,162.282,0.900,290.605,134.163,0.901,300.283,86.244,0.891
82.277,192.571,0.923,154.847,206.003,0.905,159.670,174.164,0.900,205.918,163.864,0.911,290.824,139.124,0.932,297.269,85.632,0.884
77.445,195.378,0.913,158.875,205.010,0.884,162.161,177.814,0.909,209.155,163.120,0.914,292.221,132.508,0.930,295.222,86.584,0.880
79.763,199.091,0.894,161.952,201.568,0.942,167.889,180.490,0.939,214.606,163.204,0.900,294.595,132.214,0.908,292.352,85.204,0.896
76.702,198.919,0.954,161.992,200.295,0.892,164.701,182.273,0.908,216.551,163.275,0.915,291.940,130.535,0.911,290.331,86.557,0.868
74.649,198.921,0.894,166.340,196.868,0.937,170.566,180.431,0.927,215.638,163.835,0.925,291.748,132.112,0.877,292.156,86.478,0.949
79.291,203.061,0.955,170.361,198.399,0.957,170.058,184.682,0.901,216.069,165.109,0.910,291.887,131.126,0.934,290.044,85.784,0.920
74.281,207.014,0.930,171.936,195.625,0.946,171.085,183.195,0.927,220.296,162.059,0.918,292.950,129.270,0.921,288.735,89.756,0.953
75.070,205.896,0.923,171.528,197.074,0.969,173.520,182.345,0.876,224.490,166.429,0.894,292.815,126.026,0.935,287.046,87.314,0.951
75.147,208.874,0.950,171.805,196.835,0.901,176.219,180.997,0.887,227.112,165.169,0.960,296.616,124.070,0.892,282.441,91.183,0.871
74.840,212.613,0.967,172.328,190.949,0.934,179.689,184.164,0.892,231.281,160.814,0.895,291.513,124.420,0.891,281.505,91.895,0.945
78.537,211.784,0.942,172.795,191.541,0.955,179.707,183.596,0.937,229.969,161.397,0.869,291.168,122.771,0.933,282.694,93.196,0.911
80.374,214.580,0.898,175.484,182.255,0.967,183.672,183.389,0.872,231.113,162.343,0.920,294.704,121.461,0.969,279.595,95.127,0.954
81.314,216.683,0.919,173.599,188.720,0.880,189.352,185.881,0.915,232.725,164.672,0.916,293.202,119.962,0.942,280.277,94.378,0.918
77.858,219.275,0.917,173.589,184.120,0.892,190.284,186.488,0.952,234.093,163.555,0.994,295.046,119.127,0.927,280.253,94.391,0.935
86.813,215.832,0.903,175.208,186.041,0.925,189.191,183.142,0.928,236.782,162.117,0.874,294.453,120.849,0.910,275.147,90.293,0.913
86.534,221.538,0.921,171.808,181.911,0.895,192.520,181.928,0.913,239.999,161.721,0.923,291.085,115.712,0.913,276.195,94.607,0.933
87.433,221.352,0.914,173.642,178.526,0.915,195.807,183.707,0.924,241.430,161.973,0.966,289.619,114.994,0.878,273.856,97.882,0.916
93.867,222.957,0.946,173.140,175.332,0.920,201.118,183.146,0.947,247.286,156.357,0.939,292.058,111.128,0.952,277.303,100.941,0.949
96.715,225.878,0.891,171.413,175.782,0.922,202.696,180.895,0.892,248.316,156.956,0.949,288.139,114.333,0.961,274.308,100.709,0.930
96.534,225.517,0.879,168.250,171.596,0.922,204.455,179.470,0.986,245.219,158.867,0.906,286.520,111.360,0.923,273.971,101.780,0.920
106.663,229.237,0.927,168.749,174.244,0.905,206.193,184.048,0.964,247.963,158.149,0.920,290.702,107.084,0.908,276.274,104.351,0.898
102.432,225.875,0.931,169.562,172.489,0.904,204.477,178.999,0.972,250.569,156.495,0.939,285.882,111.121,0.908,273.179,102.977,0.877
104.518,220.831,0.957,164.313,169.503,0.900,205.344,174.980,0.843,252.857,156.529,0.940,287.452,106.565,0.956,276.738,104.689,0.882
108.775,223.193,0.907,159.894,172.035,0.903,204.892,177.109,0.904,253.589,155.521,0.932,284.965,109.407,0.903,276.727,103.157,0.892
116.955,224.622,0.957,160.726,167.444,0.985,209.890,175.499,0.935,254.760,152.427,0.939,276.128,110.038,0.914,274.293,108.859,0.960
116.690,223.307,0.933,159.180,166.582,0.922,212.325,172.528,0.947,257.142,148.237,0.921,275.501,106.955,0.955,274.814,108.863,0.928
119.093,224.676,0.931,153.754,161.457,0.925,214.328,171.647,0.868,254.260,147.745,0.909,275.841,108.544,0.943,279.116,109.222,0.918
122.343,217.320,0.904,154.506,166.758,0.973,211.798,168.547,1.000,253.329,148.246,0.913,277.818,108.883,0.928,275.893,115.049,0.972
123.712,220.550,0.892,149.681,165.327,0.935,212.008,168.210,0.882,255.406,147.554,0.877,275.078,104.054,0.907,275.009,110.960,0.915
125.742,218.469,0.937,149.202,164.102,0.949,217.635,172.418,0.963,251.085,148.901,0.946,271.264,106.201,0.899,278.932,115.610,0.953
127.813,217.010,0.893,144.242,164.168,0.924,214.049,166.582,0.951,252.921,143.119,0.941,268.046,106.021,0.937,280.641,118.183,0.862
132.219,214.440,0.962,140.027,165.172,0.937,212.428,164.032,0.947,254.751,141.606,0.953,263.271,106.628,0.957,278.816,116.955,0.891
134.266,212.435,0.882,138.921,164.512,0.934,216.268,164.101,0.895,258.054,140.731,0.938,267.250,103.261,0.914,284.984,118.132,0.938
131.237,208.126,0.891,137.388,162.439,0.933,212.223,161.762,0.949,253.288,142.778,0.929,265.088,103.219,0.858,279.898,118.367,0.882
134.636,212.581,0.923,134.065,164.676,0.995,212.421,161.668,0.925,252.814,138.220,0.932,262.453,104.267,0.925,280.973,118.681,0.911
136.222,204.959,0.918,131.634,167.387,0.924,213.898,158.332,0.882,250.528,138.981,0.936,257.018,104.272,0.954,280.977,118.782,0.946
132.643,206.802,0.936,127.882,169.103,0.900,217.125,155.769,0.915,251.929,134.604,0.906,255.798,105.453,0.886,285.715,119.639,0.902
133.634,202.286,0.950,128.301,167.696,0.914,209.969,153.562,0.951,253.285,135.139,0.943,254.596,107.641,0.920,287.886,123.055,0.911
132.068,200.311,0.985,126.880,170.024,0.948,210.335,153.588,0.928,250.080,135.363,0.875,256.598,107.604,0.922,288.987,120.486,0.957
130.746,202.360,0.969,121.399,169.227,0.938,208.388,150.179,0.942,247.638,132.536,0.963,250.573,105.773,0.935,289.805,121.575,0.895
132.403,196.268,0.898,121.234,174.815,0.967,207.339,154.575,0.983,241.709,129.820,0.935,251.306,108.777,0.890,290.159,121.999,0.942
129.298,197.084,0.911,119.464,175.615,0.878,202.702,145.623,0.917,240.955,132.290,0.873,249.405,108.307,0.946,292.388,124.048,0.933
130.319,192.800,0.904,116.498,175.246,0.924,203.358,151.217,0.929,242.753,126.295,0.903,247.532,108.951,0.908,299.389,118.143,0.914
127.019,192.574,0.925,117.332,177.959,0.958,203.450,149.553,0.874,240.841,128.309,0.931,243.878,113.193,0.880,297.630,126.647,0.885
125.679,189.132,0.885,115.513,172.917,0.919,199.118,147.588,0.918,238.177,126.171,0.899,242.880,109.620,0.914,297.620,123.044,0.960
121.825,186.559,0.885,118.241,181.525,0.906,197.217,146.314,0.949,238.471,121.626,0.964,244.387,110.482,0.891,303.026,122.992,0.922
118.503,186.016,0.921,117.041,182.847,0.950,195.049,147.102,0.957,236.829,128.298,0.934,242.392,107.836,0.839,299.919,123.202,0.941
116.790,188.105,0.914,115.616,183.344,0.943,192.611,142.332,0.896,231.672,125.211,0.954,239.868,111.750,0.906,301.122,124.012,0.948
114.026,186.665,0.931,113.606,181.898,0.925,184.983,141.959,0.942,234.073,121.360,0.885,240.278,114.392,0.916,303.340,123.121,0.924
109.588,185.893,0.937,117.663,189.525,0.915,183.833,143.657,0.934,226.843,124.524,0.911,239.196,114.850,0.909,304.214,126.731,0.910
108.748,184.473,0.867,118.697,188.672,0.944,182.536,145.056,0.959,227.790,128.024,0.900,237.621,115.448,0.890,307.029,124.308,0.945
106.248,185.209,0.923,115.224,193.345,0.891,184.483,141.672,0.963,227.341,125.971,0.914,235.203,117.805,0.911,308.457,128.875,0.933
101.932,186.651,0.918,117.146,195.493,0.889,181.002,146.078,0.942,222.766,124.345,0.867,233.203,118.705,0.897,313.362,122.658,0.944
101.938,185.564,0.944,119.890,195.737,0.898,178.599,141.476,0.904,222.936,125.565,0.866,236.318,123.133,0.852,312.315,125.290,0.994
94.209,186.141,0.923,120.634,196.183,0.933,170.090,147.348,0.928,214.691,125.090,0.929,233.289,121.483,0.927,315.244,121.301,0.898
93.580,183.674,0.899,122.395,196.358,0.888,173.466,144.856,0.922,215.523,125.925,0.918,237.946,120.375,0.944,313.571,126.234,0.928
88.920,186.180,0.903,122.445,196.609,0.916,172.254,142.274,0.925,212.626,128.726,0.915,231.563,125.553,0.927,316.731,120.117,0.956
87.569,187.187,0.914,125.301,199.723,0.927,168.957,152.658,0.873,212.829,125.447,0.936,238.232,127.063,0.892,317.574,119.519,0.920
82.996,188.112,0.919,129.343,197.587,0.936,166.954,147.012,0.929,210.716,128.116,0.944,237.384,123.281,0.942,323.954,128.079,0.937
84.662,191.844,0.910,131.830,201.343,0.899,163.482,147.190,0.896,212.153,130.134,0.946,235.252,130.997,0.893,324.189,120.084,0.921
80.803,196.588,0.910,131.936,202.442,0.923,164.823,154.006,0.915,207.014,129.972,0.919,232.156,129.275,0.932,324.690,120.669,0.913
81.122,197.414,0.921,139.212,204.605,0.930,161.317,148.171,0.909,203.140,131.422,0.891,234.546,130.313,0.935,326.152,119.332,0.930
74.776,197.667,0.915,134.113,205.607,0.965,160.326,150.273,0.955,203.091,132.636,0.917,236.602,133.533,0.933,328.558,115.224,0.941
75.192,196.571,0.909,142.837,205.868,0.907,156.878,156.355,0.905,203.101,132.783,0.947,238.426,133.498,0.905,327.039,116.927,0.907
73.577,201.760,0.987,142.779,199.507,0.960,160.343,151.491,0.906,200.225,135.255,0.921,231.968,133.078,0.948,325.460,115.804,0.874
73.803,205.889,0.947,146.160,203.437,0.909,156.665,155.863,0.870,200.716,136.897,0.950,240.107,136.170,0.947,329.853,109.771,0.927
73.313,202.532,0.918,148.707,201.736,1.000,154.718,161.859,0.939,199.574,138.177,0.909,242.099,134.634,0.893,329.513,112.868,0.910
74.618,205.197,0.923,148.187,204.288,0.889,158.764,159.689,0.968,200.337,136.355,0.921,243.779,136.848,0.916,333.111,111.265,0.951
75.312,203.608,0.927,156.205,199.959,0.925,156.050,163.614,0.954,194.143,138.550,0.855,243.920,133.730,0.933,333.597,111.481,0.944
76.073,207.784,0.895,160.298,204.519,0.918,152.219,162.853,0.954,194.347,140.240,0.955,242.827,137.359,0.900,332.113,110.157,0.882
76.165,216.708,0.903,162.480,207.148,0.907,154.382,167.276,0.949,199.402,145.506,0.918,242.758,139.220,0.911,333.288,105.850,0.947
79.072,218.581,0.875,160.138,201.227,0.941,152.113,166.715,0.941,195.577,142.685,0.946,248.623,141.547,0.895,330.757,109.766,0.902
82.155,218.041,0.893,165.076,203.687,0.929,157.322,172.436,0.941,193.010,142.316,0.878,251.538,140.667,0.975,334.288,105.366,0.936
80.571,218.877,0.933,167.680,200.222,0.896,156.585,169.992,0.961,196.781,145.302,0.914,252.292,140.941,0.869,335.809,105.984,0.915
84.594,218.434,0.867,162.617,200.893,0.960,155.355,173.412,0.858,197.118,148.556,0.889,251.995,142.766,0.941,330.107,102.566,0.955
86.880,222.543,0.924,168.447,196.490,0.909,156.893,173.693,0.856,195.584,147.227,0.913,254.663,145.008,0.936,339.552,104.266,0.932
90.594,221.616,0.914,171.233,196.873,0.934,156.746,172.831,0.900,197.029,143.074,0.928,252.789,145.520,0.903,339.132,99.318,0.927
92.323,226.914,0.892,173.477,190.820,0.980,158.185,176.500,0.928,196.276,149.407,0.879,255.418,145.088,0.928,333.241,100.646,0.938
95.347,225.653,0.950,173.940,191.220,0.855,163.388,174.255,0.917,197.843,149.782,0.909,256.513,143.551,0.937,334.887,100.106,0.895
96.425,226.308,0.926,173.599,191.742,0.975,161.830,178.479,0.894,198.377,154.936,0.966,261.543,144.441,0.886,331.525,97.302,0.977
101.548,224.889,0.908,173.799,189.578,0.941,162.869,186.808,0.881,196.745,153.874,0.943,265.105,145.499,0.878,333.451,95.379,0.902
102.792,223.404,0.950,170.906,185.895,0.880,165.354,181.534,0.908,203.123,154.803,0.952,263.126,143.431,0.888,336.940,97.677,0.935
108.799,226.949,0.938,174.949,182.736,0.965,168.620,180.236,0.900,199.183,158.991,0.867,266.388,146.916,0.908,332.688,94.933,0.890
110.658,223.411,0.907,173.622,180.278,0.911,172.616,181.484,0.920,204.008,160.606,0.928,269.483,145.089,0.925,331.352,92.613,0.892
113.973,221.015,0.870,180.954,179.861,0.928,174.163,179.895,0.908,207.442,159.578,0.935,271.116,142.721,0.871,332.019,94.027,0.865
115.038,225.389,0.911,173.453,179.428,0.892,176.604,179.790,0.886,204.194,161.332,0.886,272.868,142.437,0.899,328.666,95.542,0.874
121.221,223.607,0.885,173.371,177.371,0.940,176.107,183.450,0.909,207.145,162.848,0.904,277.001,139.468,0.929,329.925,88.498,0.923
123.628,220.813,0.932,174.088,175.274,0.907,180.329,187.010,0.936,211.590,156.029,0.904,274.508,145.495,0.918,325.989,92.589,0.910
126.402,220.457,0.954,169.194,174.371,0.928,180.673,186.317,0.992,211.455,164.581,0.904,277.446,143.038,0.894,324.559,90.289,0.891
131.349,223.152,0.968,166.820,172.553,0.944,180.244,187.832,0.927,212.039,161.721,0.921,281.400,142.762,0.916,322.332,87.824,0.940
128.761,211.666,0.908,169.233,171.279,0.915,188.877,180.695,0.960,214.716,165.745,0.880,279.363,146.354,0.940,321.639,88.309,0.880
132.979,214.450,0.946,163.534,167.964,0.935,187.799,180.973,0.907,220.462,163.323,0.920,283.201,137.741,0.865,319.628,88.164,0.863
131.745,213.622,0.905,164.713,169.049,0.915,187.528,184.145,0.911,220.751,163.497,0.934,283.974,140.631,0.890,319.907,85.153,0.914
133.902,210.218,0.921,161.867,165.744,0.871,192.695,182.713,0.908,223.217,166.587,0.930,284.298,137.861,0.955,317.887,90.878,0.911
134.652,207.097,0.953,160.923,164.891,0.931,193.146,181.908,0.924,225.189,163.687,0.932,290.967,137.055,0.930,311.197,87.278,0.902
134.937,209.727,0.923,153.421,165.677,0.931,198.902,178.488,0.900,227.742,165.940,0.948,285.441,137.319,0.911,317.094,89.270,0.875
135.884,209.202,0.937,156.484,167.889,0.872,199.864,181.980,0.872,227.174,161.598,0.923,289.619,134.032,0.919,309.383,83.265,0.920
133.791,204.486,0.954,148.953,165.749,0.885,201.219,183.746,0.932,229.872,166.110,0.979,288.720,133.416,0.985,312.453,82.552,0.900
133.985,203.048,0.911,149.011,162.352,0.937,206.764,180.727,0.915,230.340,165.262,0.981,288.432,134.005,0.898,306.456,85.344,0.903
134.156,197.001,0.942,140.865,162.648,0.924,203.825,180.776,0.934,234.596,164.679,0.898,294.245,130.973,0.924,305.309,85.190,0.945
135.451,195.910,0.996,145.306,165.092,0.887,207.543,177.726,0.911,238.970,160.568,0.903,295.524,131.330,0.917,306.074,81.893,0.899
128.840,195.301,0.925,141.196,165.341,0.954,210.458,178.140,0.896,240.291,159.528,0.897,293.829,127.165,0.969,301.172,82.855,0.931
125.197,194.500,0.918,136.946,163.742,0.955,209.932,175.105,0.891,239.304,163.497,0.916,291.827,128.897,0.881,301.243,86.119,0.891
125.860,190.647,0.944,129.187,169.995,0.989,211.946,172.039,0.945,239.922,163.974,0.870,290.929,125.196,0.899,300.613,89.516,0.929
124.783,192.406,0.913,133.412,166.572,0.935,210.653,172.727,0.930,245.233,161.129,0.938,292.159,124.107,0.952,296.356,84.224,0.904
122.508,189.119,0.943,130.174,166.858,0.929,216.908,168.237,0.903,247.369,160.862,0.961,290.012,125.584,0.885,294.774,85.176,0.882
119.704,189.037,0.938,127.746,163.553,0.920,214.214,169.269,0.903,246.080,158.849,0.927,291.274,120.700,0.920,297.885,83.362,0.894
119.082,189.466,0.909,125.697,166.785,0.858,215.056,165.927,0.930,249.307,156.499,0.975,293.443,120.509,0.910,292.541,87.564,0.908
115.732,186.763,0.918,121.358,170.961,0.925,213.431,166.333,0.896,251.884,150.473,0.934,297.655,115.872,0.902,289.309,80.202,0.918
110.643,183.196,0.948,118.898,173.280,0.963,215.438,162.805,0.912,248.652,153.279,0.872,294.992,118.367,0.889,289.273,87.899,0.896
106.696,182.175,0.904,123.316,174.782,0.924,213.525,164.177,0.900,250.695,154.821,0.921,291.804,115.553,0.902,286.696,88.387,0.971
103.802,183.301,0.869,120.093,174.313,0.920,215.417,160.080,0.962,254.745,151.375,0.951,293.522,117.907,0.905,282.909,90.569,0.943
100.640,184.435,0.863,116.313,174.310,0.938,213.212,164.393,0.882,254.884,149.968,0.940,291.258,115.311,0.975,285.747,88.393,0.887
97.795,184.829,0.928,116.106,179.373,0.957,210.519,154.892,0.974,254.569,147.310,0.934,289.981,115.243,0.864,282.775,90.598,0.915
92.063,184.610,0.895,116.709,181.311,0.890,211.409,161.938,0.915,255.091,151.771,0.978,290.108,116.616,0.981,281.207,90.934,0.923
91.349,186.793,0.880,112.544,180.523,0.955,213.889,153.832,0.901,257.957,145.340,0.946,286.973,109.921,0.946,279.743,90.400,0.860
88.618,187.362,0.874,122.129,185.563,0.934,208.877,154.433,0.929,250.660,143.708,0.958,289.991,112.023,0.935,278.827,93.626,0.910
86.452,189.417,0.914,115.122,183.160,0.895,208.371,153.550,0.960,258.664,138.721,0.892,288.116,108.166,0.886,278.411,95.297,0.943
83.875,188.721,0.917,115.053,188.231,0.902,206.708,152.575,0.929,255.918,137.599,0.943,284.832,108.671,0.958,278.247,98.224,0.919
83.502,193.348,0.936,113.317,187.445,0.910,205.152,149.315,0.919,254.725,139.012,0.893,279.489,106.096,0.920,278.088,97.234,0.973
79.113,188.126,0.928,117.363,189.951,0.901,200.984,146.790,0.915,250.599,140.317,0.926,280.985,104.427,0.934,276.651,98.005,0.859
77.584,195.132,0.974,117.154,190.555,0.892,201.426,148.917,0.932,253.154,138.511,0.947,277.648,104.599,0.903,272.496,98.059,0.872
78.114,196.477,0.951,117.054,193.068,0.893,197.235,148.148,0.893,250.329,135.174,0.946,274.389,103.765,0.907,279.267,99.908,0.911
75.429,199.452,0.920,120.614,193.602,0.909,196.700,148.485,0.961,252.827,133.009,0.901,276.038,104.493,0.946,276.964,102.053,0.933
75.514,203.844,0.953,120.988,196.404,0.899,190.650,145.190,0.940,245.545,133.147,0.918,274.771,107.296,0.952,275.996,104.282,0.916
75.923,204.178,0.931,120.465,195.940,0.915,194.658,145.492,0.936,246.408,134.409,0.917,273.444,105.151,0.913,274.589,101.787,0.910
75.259,204.856,0.881,127.312,203.108,0.958,188.851,144.556,0.887,247.686,131.001,0.877,269.211,104.498,0.900,274.334,104.725,0.885
75.074,205.675,0.939,131.093,203.556,0.932,188.168,144.585,0.878,241.170,129.903,0.861,263.424,104.164,0.921,273.436,107.621,0.885
74.666,209.913,0.957,127.016,201.735,0.915,182.224,144.206,0.908,244.677,131.190,0.885,263.549,103.762,0.913,279.613,106.502,0.903
77.230,210.147,0.908,131.540,202.404,0.928,181.944,143.859,0.971,242.954,125.126,0.972,263.060,102.979,0.899,272.258,109.223,0.943
77.337,211.672,0.932,133.638,201.069,0.893,178.867,142.363,0.877,241.900,122.575,0.923,262.853,98.141,0.943,275.028,106.478,0.892
77.397,216.730,0.918,133.289,201.207,0.915,178.901,147.090,0.904,239.164,128.503,0.919,257.543,107.557,0.929,273.522,109.491,0.912
79.809,216.701,0.945,139.310,205.735,0.941,175.499,143.210,0.943,236.461,129.217,0.969,256.211,106.231,0.960,271.845,111.165,0.954
79.645,218.595,0.932,143.290,201.750,0.877,173.351,143.237,0.934,231.593,123.105,0.894,255.662,105.467,0.874,276.675,108.367,0.950
82.373,219.286,0.967,146.087,203.133,0.888,170.100,143.994,0.927,233.633,123.050,0.939,254.967,107.757,0.925,274.970,113.062,0.968
82.965,218.883,0.880,148.393,205.364,0.866,169.149,147.340,0.923,232.055,125.252,0.915,251.050,104.270,0.896,280.430,115.520,0.910
87.999,217.608,0.978,153.409,201.714,0.911,167.824,148.658,0.928,228.075,122.383,0.906,252.092,106.936,0.923,279.238,116.687,0.881
94.822,223.634,0.922,150.927,202.119,0.927,165.773,151.602,0.950,228.249,124.285,0.909,249.890,104.256,0.871,279.848,117.171,0.891
93.964,224.739,0.915,153.644,200.276,0.897,160.093,149.359,0.952,224.263,124.275,0.938,248.643,105.522,0.965,278.272,115.867,0.967
99.679,224.362,0.900,163.182,202.866,0.946,158.104,147.746,0.893,225.450,123.115,0.927,248.088,111.795,0.943,280.820,118.773,0.948
101.193,222.084,0.932,161.750,199.279,0.905,162.759,153.363,0.899,224.173,124.652,0.908,246.563,111.329,0.933,282.409,119.188,0.912
102.929,223.396,0.945,161.685,198.659,0.852,157.455,155.878,0.927,219.832,123.708,0.904,241.231,110.914,0.948,284.362,119.653,0.922
110.137,224.099,0.939,163.690,201.357,0.942,155.828,158.081,0.953,215.503,126.834,0.904,244.542,110.563,0.919,285.512,121.345,0.897
111.720,221.001,0.917,169.493,200.958,0.961,156.113,157.364,0.923,213.665,127.903,0.975,236.790,113.377,0.938,287.752,119.402,0.913
110.079,223.043,0.867,171.478,194.385,0.870,154.607,158.878,0.917,210.069,124.435,0.918,236.885,113.957,0.899,287.790,121.286,0.923
118.592,222.981,0.918,169.830,192.196,0.934,152.930,161.357,0.893,210.844,129.897,0.890,237.414,115.395,0.913,292.255,118.089,0.906
117.151,221.598,0.906,169.585,193.085,0.887,155.120,159.775,0.909,206.747,131.177,0.915,233.708,117.932,0.940,294.439,123.623,0.861
121.573,218.113,0.919,176.854,191.556,0.930,157.221,164.903,0.893,206.615,129.663,0.912,233.817,115.488,0.885,295.162,120.771,0.961
125.699,218.496,0.887,171.834,189.039,0.903,153.889,166.485,0.887,202.717,133.809,0.939,233.003,114.230,0.948,295.604,124.207,0.963
125.977,216.272,0.921,173.682,189.266,0.907,156.620,167.768,0.950,202.413,132.347,0.938,235.333,123.824,0.906,297.408,125.126,0.920
130.785,213.511,0.884,172.951,186.632,0.882,154.248,167.872,0.912,198.976,132.915,0.935,233.437,118.661,0.945,299.120,122.672,0.942
131.774,211.571,0.912,174.759,187.551,0.903,152.522,171.325,0.935,201.948,135.055,0.897,236.134,120.931,0.910,301.919,123.528,0.917
128.517,212.241,0.922,176.008,184.478,0.945,155.423,172.743,0.849,196.720,131.555,0.929,234.980,126.144,0.928,303.751,124.883,0.917
131.845,208.940,0.931,173.657,180.118,0.948,154.621,172.050,0.946,199.775,138.430,0.892,234.611,127.538,0.953,308.073,127.293,0.927
134.161,212.473,0.940,174.691,179.269,0.946,158.535,172.208,0.911,195.332,130.792,0.909,234.906,123.498,0.955,309.349,122.667,0.917
132.932,206.571,0.915,168.356,180.067,0.938,156.904,179.386,0.942,195.617,136.347,0.927,234.097,128.657,0.966,307.450,123.986,0.899
133.808,204.808,0.831,169.175,174.377,0.909,162.760,174.942,0.947,194.836,136.521,0.990,235.682,128.334,0.879,308.233,128.501,0.891
135.669,202.055,0.912,171.226,177.962,0.953,165.170,181.831,0.938,188.785,141.611,0.931,236.069,130.293,0.864,310.702,126.068,0.879
134.206,198.761,0.895,167.948,172.696,0.899,165.407,178.263,0.877,194.876,142.724,0.912,237.898,130.618,0.855,315.338,124.509,0.932
130.912,199.648,0.902,166.711,170.561,0.943,165.133,178.165,0.904,190.787,141.928,0.922,233.821,136.021,0.945,318.316,124.531,0.896
131.971,197.130,0.934,162.157,170.640,0.938,167.525,178.166,0.891,194.329,143.562,0.909,238.851,131.385,0.904,316.408,120.570,0.958
128.965,195.421,0.954,165.873,169.756,0.942,175.578,183.042,0.923,193.782,146.220,0.944,237.220,136.177,0.947,319.980,119.013,0.895
126.043,193.287,0.972,159.050,168.360,0.934,169.938,187.274,0.924,197.153,143.210,0.918,239.602,139.473,0.939,318.545,119.019,0.942
124.231,187.230,0.928,161.232,168.619,0.936,176.986,181.481,0.882,195.894,147.882,0.889,241.000,137.132,0.910,321.335,120.734,0.915
124.838,190.470,0.927,153.061,165.302,0.953,179.417,185.145,0.905,195.672,149.409,0.933,243.777,137.615,0.939,320.853,117.436,0.912
121.761,187.554,0.983,149.969,165.806,0.929,180.373,187.318,0.940,194.427,153.031,0.868,244.639,137.187,0.915,325.590,123.286,0.964
119.188,186.908,0.900,151.433,162.925,0.906,184.538,187.487,0.898,197.325,153.615,0.944,244.048,137.195,0.859,323.472,120.646,0.943
114.081,187.854,0.932,146.425,165.318,0.869,185.536,188.253,0.982,198.824,155.363,0.918,244.009,140.805,0.926,328.748,115.813,0.955
113.067,184.575,0.965,144.327,165.165,0.901,187.923,185.491,0.906,197.444,155.021,0.973,245.751,138.263,0.920,329.328,117.606,0.947
108.321,182.073,0.909,144.387,166.663,0.970,186.463,184.360,0.925,201.155,158.717,0.918,248.932,142.027,0.943,333.556,118.679,0.875
105.435,185.191,0.917,136.621,164.475,0.900,187.210,180.977,0.915,200.345,158.706,0.927,255.284,140.758,0.904,329.160,114.702,0.932
103.815,188.283,0.894,140.494,169.957,0.921,192.445,182.681,0.949,200.683,158.040,0.893,251.289,142.114,0.919,330.880,111.864,0.919
98.236,181.697,0.900,134.799,164.906,0.906,194.127,183.858,0.862,208.807,158.310,0.868,256.981,143.133,0.878,331.456,112.423,0.948
99.233,185.240,0.960,130.979,165.835,0.970,198.119,184.648,0.894,203.221,163.680,0.928,256.435,144.467,0.941,330.511,109.238,0.906
99.829,184.376,0.960,126.442,164.683,0.957,203.227,183.722,0.916,207.239,160.946,0.984,260.942,142.597,0.925,330.018,107.970,0.870
92.835,188.322,0.891,124.672,170.401,0.952,201.886,180.909,0.938,214.536,163.164,0.878,263.116,143.783,0.961,333.990,106.164,0.938
87.027,186.801,0.928,126.010,168.876,0.934,199.924,178.717,0.897,209.687,160.604,0.882,262.928,146.015,0.929,333.552,111.836,0.919
85.930,185.330,0.901,124.352,170.148,0.864,204.972,180.119,0.937,214.631,163.853,0.831,264.071,144.867,0.907,337.272,109.822,0.948
80.914,185.173,0.872,120.451,171.917,0.892,204.078,177.625,0.923,218.276,161.743,0.954,268.197,146.537,0.883,333.093,106.196,0.888
81.043,193.604,0.926,121.901,172.745,0.939,208.675,177.897,0.959,217.894,164.453,0.927,274.307,145.416,0.955,334.544,104.209,0.909
80.830,192.288,0.897,118.140,173.535,0.896,211.555,175.513,0.921,220.352,164.128,0.912,272.415,142.324,0.944,335.672,101.899,0.916
79.277,192.584,0.961,115.882,176.422,0.939,215.274,172.642,0.870,221.864,162.551,0.954,275.684,141.752,0.877,332.955,98.147,0.876
74.602,195.572,0.931,114.068,175.919,0.915,216.005,172.495,0.945,225.370,161.272,0.918,276.273,146.252,0.895,333.159,101.445,0.942
76.132,197.882,0.936,119.151,180.639,0.935,210.344,168.517,0.864,230.119,161.852,0.894,278.793,148.891,0.896,330.304,99.222,0.951
77.027,198.288,0.963,113.204,181.464,0.932,214.144,168.859,0.912,228.998,163.428,0.878,279.305,142.782,0.958,329.176,97.032,0.937
77.726,201.515,0.903,111.139,182.176,0.946,214.311,168.028,0.905,229.562,162.130,0.911,279.321,142.106,0.941,334.268,97.992,0.892
72.643,205.493,0.959,111.460,185.774,0.924,212.279,167.834,0.899,234.580,160.368,0.908,282.360,137.473,0.932,332.752,96.522,0.910
72.474,203.619,0.832,116.795,187.842,0.935,210.868,166.008,0.878,237.426,160.226,0.876,283.961,140.503,0.977,331.089,93.788,0.880
74.796,210.352,0.926,118.663,188.391,0.909,217.507,162.399,0.890,242.429,162.314,0.938,283.959,141.302,0.901,331.604,91.615,0.925
69.637,208.939,0.953,116.702,192.069,0.933,214.708,158.160,0.930,242.702,160.892,0.897,286.411,138.644,0.926,327.648,90.469,0.892
75.549,212.648,0.943,115.230,194.890,0.881,214.697,158.240,0.917,241.904,161.114,0.943,285.471,137.361,0.870,328.287,90.931,0.911
77.488,216.975,0.973,116.570,195.400,0.901,210.408,157.795,0.945,241.636,159.592,0.892,287.646,134.640,0.964,326.027,91.265,0.921
78.814,213.722,0.882,119.841,196.414,0.922,216.232,155.747,0.922,244.114,157.899,0.939,287.587,133.609,0.909,324.719,86.894,0.906
78.535,217.315,0.896,121.315,192.834,0.905,211.813,155.165,0.905,250.142,155.345,0.942,288.076,133.087,0.939,322.071,90.313,0.899
83.425,219.739,0.944,116.719,197.604,0.995,206.905,155.487,0.904,249.534,152.956,0.898,292.481,128.850,0.944,324.460,88.967,0.918
84.796,222.015,0.920,123.868,202.381,0.917,202.717,149.444,0.934,247.408,153.047,0.861,295.032,131.312,0.949,320.095,86.575,0.886
90.491,219.672,0.825,125.995,200.617,0.961,208.655,151.192,0.938,250.100,153.954,0.893,290.230,133.443,0.844,317.847,83.066,0.919
89.929,225.136,0.895,126.976,200.512,0.899,201.472,146.583,0.938,248.967,152.009,0.943,290.015,126.274,0.881,316.077,86.273,0.942
94.126,219.104,0.947,132.241,202.498,0.968,202.961,146.006,0.926,251.981,149.861,0.894,293.234,123.830,0.934,319.715,84.987,0.948
97.251,223.986,0.871,132.685,202.064,0.889,201.944,143.245,0.952,255.513,149.202,0.902,294.685,128.823,0.969,311.072,83.490,0.921
101.946,221.686,0.996,134.420,204.348,0.902,196.354,147.011,0.889,252.488,146.338,0.914,295.831,124.919,0.900,315.109,87.772,0.954
98.848,223.610,0.889,141.566,203.370,0.928,198.917,147.254,0.919,256.173,147.773,0.898,295.584,122.063,0.944,307.522,86.581,0.893
106.387,225.405,0.935,143.785,206.582,0.905,192.508,142.957,0.841,255.475,141.817,0.956,294.853,121.440,0.963,304.887,86.928,0.935
111.682,222.966,0.932,141.530,202.552,0.960,192.315,142.702,0.888,252.490,142.947,0.919,293.854,118.132,0.888,308.096,77.774,0.870
112.466,224.975,0.910,148.425,201.343,0.884,185.123,143.988,0.968,253.590,142.429,0.883,293.600,116.853,0.891,306.943,84.620,0.847
113.059,222.575,0.901,152.686,206.375,0.893,190.424,144.700,0.944,253.748,144.191,0.953,292.743,121.791,0.936,303.574,83.729,0.876
119.557,222.514,0.920,154.257,200.969,0.879,180.073,148.655,0.910,252.680,139.853,0.866,289.640,115.844,0.887,303.923,81.419,0.999
122.204,221.118,0.870,154.453,203.403,0.886,184.166,144.546,0.926,251.070,136.664,0.912,296.166,114.490,0.967,302.115,85.592,0.981
123.422,214.508,0.932,158.432,199.206,0.948,176.354,146.033,0.868,253.681,133.355,0.953,292.090,114.628,0.972,300.352,82.923,0.899
123.857,220.520,0.907,159.098,199.466,0.880,177.617,143.853,0.918,251.031,135.335,0.901,291.801,110.958,0.949,299.491,83.547,0.912
126.664,212.579,0.872,163.040,197.115,0.937,172.299,142.442,0.897,252.209,131.054,0.911,288.263,114.330,0.965,297.997,82.946,0.922
129.221,214.309,0.956,164.501,196.862,0.914,172.181,141.781,0.928,247.926,133.001,0.871,287.823,111.151,0.903,294.220,87.537,0.906
129.515,212.648,0.926,163.808,194.134,0.855,171.249,144.567,0.925,246.683,127.051,0.943,286.611,109.070,0.932,293.903,85.871,0.935
128.544,206.711,0.952,167.213,196.058,0.932,167.427,147.981,0.888,245.781,132.647,0.925,284.578,107.383,0.906,288.377,90.478,0.894
131.651,207.503,0.906,171.826,194.490,0.872,169.654,148.803,0.920,248.646,129.508,0.932,284.307,107.661,0.908,286.495,83.189,0.910
133.550,204.785,0.861,169.882,193.660,0.915,165.143,148.574,0.924,240.667,125.286,0.954,285.367,109.349,0.922,286.625,83.196,0.942
132.816,202.085,0.953,171.423,192.116,0.947,162.299,151.561,0.924,246.113,128.810,0.910,278.594,104.121,0.894,285.111,89.034,0.903
133.507,202.345,0.907,170.828,192.449,0.927,161.041,151.794,0.911,241.019,128.003,0.884,276.738,106.516,0.901,283.438,89.605,0.900
133.327,200.117,0.908,169.715,186.553,0.971,163.155,152.377,0.849,245.284,126.819,0.907,276.787,106.730,0.948,283.790,87.210,0.953
134.133,197.791,0.896,171.512,184.820,0.885,156.256,154.806,0.970,236.666,122.387,0.983,272.899,104.926,0.927,280.846,93.414,0.906
135.614,196.084,0.974,174.601,184.475,0.879,157.603,155.325,0.966,235.493,124.872,0.953,274.274,100.933,0.909,279.198,92.219,0.878
131.237,191.077,0.916,176.748,181.313,0.908,156.109,157.147,0.892,233.767,123.932,0.870,271.906,104.923,0.847,278.529,92.926,0.829
125.247,192.858,0.922,174.350,181.965,0.906,155.957,158.410,0.913,230.141,122.106,0.899,267.032,101.497,0.944,278.571,96.279,0.926
120.758,188.024,1.000,171.955,177.136,0.938,156.633,161.290,0.915,231.742,123.215,0.942,265.860,102.950,0.934,278.560,93.296,0.977
123.655,188.062,0.921,171.036,175.908,0.961,151.610,161.237,0.934,223.334,121.335,0.954,263.551,104.707,0.884,275.188,97.345,0.933
121.538,186.476,0.919,169.650,176.984,0.924,152.176,159.220,0.872,223.367,123.351,0.984,263.040,103.824,0.929,279.147,95.763,0.980
116.431,183.654,0.902,167.377,170.059,0.894,154.293,164.444,0.980,222.643,122.217,0.913,263.030,109.964,0.945,272.392,99.426,0.947
116.493,186.624,0.856,168.726,171.820,0.980,157.517,169.433,0.854,221.440,125.779,0.923,260.982,103.024,0.977,278.430,98.711,0.901
111.476,187.882,0.919,165.777,173.143,0.937,154.046,166.366,0.927,215.480,119.958,0.925,259.133,105.159,0.904,276.687,100.376,0.965
110.774,183.522,0.973,161.227,165.920,0.949,155.595,170.767,0.913,213.736,124.200,0.100,258.121,103.133,0.876,271.567,99.993,0.929
106.208,185.222,0.909,163.020,169.519,0.820,152.622,171.807,0.917,212.147,127.866,0.100,254.018,106.314,0.912,271.704,104.199,0.972
104.511,182.155,0.975,161.636,165.041,0.934,159.290,171.921,0.937,209.132,126.720,0.100,254.553,105.962,0.892,270.822,103.178,0.927
97.086,184.924,0.916,157.509,166.765,0.909,160.134,175.182,0.900,207.119,126.024,0.100,248.644,105.440,0.971,278.172,105.605,0.950
96.586,187.441,0.923,152.414,167.153,0.927,157.604,173.431,0.902,206.520,128.465,0.100,248.859,103.988,0.968,273.310,102.172,0.895
94.125,186.185,0.899,154.285,167.115,0.952,162.014,174.746,0.898,207.827,126.901,0.100,246.375,104.192,0.916,276.405,105.241,0.898
88.633,183.288,0.942,147.390,160.660,0.901,164.521,178.515,0.885,202.678,129.295,0.100,244.081,104.334,0.859,274.420,106.919,0.878
92.441,186.563,0.960,145.673,159.849,0.884,166.253,179.571,0.925,202.424,129.662,0.100,244.392,111.875,0.898,275.180,105.588,0.907
84.954,186.767,0.937,142.828,160.874,0.910,163.428,179.062,0.886,199.808,129.910,0.100,239.640,110.533,0.940,277.925,109.656,0.886
86.367,188.250,0.936,139.392,164.204,0.927,165.547,181.995,0.944,200.328,134.193,0.100,239.250,111.507,0.920,272.732,109.262,0.919
80.030,194.078,0.921,136.671,162.018,0.935,166.202,183.224,0.926,199.725,134.684,0.100,237.655,113.148,0.910,277.122,113.996,0.929
78.914,190.776,0.933,134.029,164.893,0.934,168.211,179.994,0.902,199.635,132.581,0.100,239.156,115.745,0.955,280.493,114.675,0.909
80.024,192.090,0.893,129.846,164.686,0.954,175.084,180.559,0.966,194.260,133.748,0.100,239.780,115.487,0.894,273.423,112.621,0.936
76.830,196.856,0.944,130.402,165.689,0.932,177.334,185.867,0.865,193.567,135.337,0.100,229.781,117.233,0.943,275.889,115.896,0.921
75.473,195.731,0.923,128.234,165.769,0.956,178.005,180.094,0.949,194.156,137.955,0.100,233.928,118.118,0.823,279.456,117.159,0.928
74.800,197.272,0.901,128.399,166.345,0.924,183.998,183.530,0.908,197.710,141.709,0.100,235.825,117.972,0.944,281.352,114.373,0.894
71.037,197.375,0.872,123.722,170.113,0.975,182.940,185.492,0.916,192.132,140.481,0.100,233.883,117.317,0.881,282.696,116.893,0.914
72.818,200.965,0.930,120.609,168.859,0.958,186.043,180.215,0.955,194.473,142.680,0.100,232.699,123.292,0.909,282.231,118.404,0.877
71.840,204.391,0.936,120.819,169.488,0.952,190.291,184.374,0.910,192.998,143.130,0.882,230.934,121.962,0.914,287.615,121.170,0.916
74.631,206.390,0.922,118.097,176.373,0.905,192.972,183.294,0.978,193.016,144.572,0.921,233.392,121.630,0.867,286.025,121.983,0.915
73.953,210.662,0.908,113.604,174.916,0.904,191.559,182.961,0.910,191.365,148.795,0.914,231.900,125.799,0.887,287.309,124.541,0.929
76.070,212.055,0.912,115.078,176.338,0.940,196.631,183.838,0.944,195.092,148.252,0.943,235.477,126.915,0.942,292.620,117.792,0.900
77.421,216.530,0.939,117.139,178.210,0.946,194.620,181.056,0.958,193.643,152.829,0.871,235.381,125.342,0.892,293.366,120.837,0.919
79.205,216.359,0.886,113.370,177.937,0.929,199.957,180.156,0.931,194.909,149.773,0.921,233.924,126.929,0.895,292.102,122.882,0.963
81.176,216.328,0.890,115.888,179.809,0.944,206.150,181.291,0.944,196.265,154.744,0.916,235.363,127.104,0.908,295.298,127.192,0.933
82.153,218.611,0.944,113.603,183.639,0.893,202.335,181.608,0.912,193.194,152.127,0.899,236.171,132.341,0.932,296.344,121.358,0.958
83.782,224.146,0.912,112.438,186.712,0.937,205.719,178.931,0.872,198.830,155.534,0.898,237.352,131.907,0.902,299.453,124.637,0.941
87.186,221.250,0.918,117.451,187.168,0.870,206.328,177.676,0.949,198.631,156.601,0.954,237.352,130.780,0.901,300.740,121.639,0.901
93.448,223.419,0.963,113.118,188.112,0.899,208.239,173.321,0.898,198.509,156.347,0.919,236.373,137.007,0.942,301.119,123.059,0.934
94.976,225.362,0.951,114.701,189.124,0.964,206.369,169.505,0.912,202.886,158.749,0.949,243.389,135.361,0.876,306.469,123.249,0.869
98.427,222.027,0.903,118.953,191.407,0.910,209.139,168.275,0.923,203.421,157.749,0.900,244.100,134.955,0.933,303.831,121.546,0.940
103.106,225.005,0.910,114.793,193.815,0.899,212.533,169.545,0.896,204.738,164.310,0.922,242.042,133.815,0.964,309.710,124.060,0.887
101.114,224.431,0.949,118.123,195.973,0.977,214.712,170.040,0.924,206.573,162.847,0.943,240.049,137.876,0.927,309.393,124.634,0.958
107.621,222.727,0.913,121.821,196.027,0.924,209.560,170.232,0.938,210.545,158.636,0.924,246.328,140.284,0.930,311.804,120.761,0.919
107.544,225.991,0.904,121.490,196.542,0.926,213.808,162.055,0.893,213.073,160.154,0.962,245.053,138.154,0.889,311.686,120.986,0.866
112.050,220.765,0.959,127.316,198.861,0.938,211.696,163.780,0.905,214.926,160.765,0.930,248.526,139.526,0.930,309.728,122.840,0.947
116.610,221.184,0.893,124.007,198.012,0.944,213.793,159.562,0.891,216.936,163.557,0.947,246.259,141.653,0.952,316.602,120.229,0.923
121.660,220.123,0.947,127.053,201.380,0.978,212.355,162.341,0.896,217.298,163.773,0.933,248.630,142.670,0.905,314.448,118.556,0.840
119.492,216.957,0.855,131.636,204.910,0.892,210.634,156.851,0.950,220.192,160.782,0.939,250.812,142.329,0.885,321.668,120.545,0.894
123.299,220.465,0.908,134.323,203.589,0.909,210.274,157.729,0.926,222.094,165.560,0.870,256.579,144.931,0.910,323.335,119.541,0.917
128.013,216.357,0.923,136.071,204.710,0.901,213.232,157.559,0.100,224.551,162.709,0.931,256.761,143.696,0.948,318.737,120.476,0.966
124.688,212.679,0.935,137.785,203.548,0.915,211.592,157.839,0.100,228.825,165.189,0.881,256.986,145.489,0.931,325.920,117.681,0.894
130.094,212.141,0.866,141.700,203.538,0.904,207.632,156.549,0.100,231.557,159.492,0.969,257.239,141.355,0.928,324.839,115.636,0.900
130.170,209.971,0.888,141.698,203.668,0.941,206.286,151.567,0.100,230.233,162.165,0.945,262.361,142.125,0.904,326.599,115.992,0.970
130.140,212.360,0.939,148.023,204.310,0.936,208.259,150.356,0.100,233.417,161.546,0.942,264.337,144.353,0.894,328.099,115.652,0.885
133.001,208.794,0.917,147.741,202.636,0.920,212.507,146.587,0.100,233.656,161.957,0.931,268.077,142.213,0.920,329.594,116.849,0.915
134.380,207.874,0.886,151.295,202.602,0.934,204.609,147.697,0.100,238.227,161.029,0.891,268.619,141.389,0.932,326.974,110.596,0.921
131.521,203.766,0.918,151.698,201.537,0.925,201.208,144.337,0.100,241.547,157.831,0.923,272.557,142.885,0.901,329.253,110.731,0.897
133.933,202.161,0.960,160.668,200.234,0.943,198.334,142.572,0.100,239.756,158.968,0.907,271.345,148.060,0.951,331.463,109.525,0.908
133.019,197.339,0.931,158.846,201.088,0.923,195.594,142.492,0.100,243.738,161.827,0.923,276.676,140.614,0.915,333.621,108.777,0.939
129.368,198.513,0.881,164.580,198.108,0.896,193.609,146.386,0.100,246.637,159.082,0.908,275.643,141.288,0.926,332.539,106.577,0.970
133.824,194.457,0.962,162.583,195.993,0.911,194.894,142.449,0.100,247.065,158.946,0.864,275.875,139.824,0.873,332.979,108.938,0.881
131.463,194.292,0.938,167.946,198.623,0.897,189.967,142.952,0.100,248.376,156.058,0.925,278.109,140.258,0.943,335.375,106.413,0.962
125.844,191.272,0.936,172.049,194.699,0.939,186.255,145.493,0.100,250.091,152.460,0.914,278.850,135.552,0.904,332.467,104.486,0.964
124.406,187.766,0.931,170.766,189.871,0.877,186.787,139.603,0.100,247.521,155.014,0.925,278.371,139.469,0.946,333.852,103.791,0.951
124.891,191.485,0.923,172.827,191.775,0.898,183.845,139.777,0.100,250.994,150.411,0.928,284.904,135.539,0.964,334.064,102.238,0.915
119.910,186.319,0.927,171.764,189.270,0.916,177.903,144.467,0.100,249.078,151.808,0.923,286.679,136.989,0.947,328.912,102.238,0.898
114.579,190.255,0.920,171.107,190.025,0.918,179.136,142.978,0.100,252.611,147.774,0.902,283.896,134.454,0.910,331.345,100.904,0.925
117.549,185.322,0.891,172.561,185.274,0.913,175.800,141.382,0.932,252.465,146.574,0.894,286.538,138.077,0.935,334.070,101.144,0.919
112.529,184.449,0.925,169.266,185.134,0.926,178.842,146.013,0.959,253.425,148.447,0.945,290.268,134.641,0.922,332.493,99.520,0.904
113.283,184.901,0.875,171.293,187.322,0.932,170.768,143.362,0.960,252.064,146.680,0.884,290.744,136.018,0.949,334.324,96.314,0.911
107.074,184.761,0.960,172.534,182.517,0.929,170.218,144.999,0.951,251.265,146.050,0.991,288.072,129.097,0.938,333.702,91.850,0.881
103.596,184.616,0.982,166.397,178.589,0.855,169.121,145.613,0.927,250.319,142.024,0.940,290.798,130.570,0.949,333.604,95.253,0.927
105.818,183.443,0.925,172.665,175.512,0.905,169.081,146.282,0.907,252.708,136.212,0.894,289.336,128.668,0.893,333.259,94.357,0.929
96.615,184.734,0.951,171.749,176.582,0.841,162.862,146.189,0.905,252.417,139.997,0.947,291.728,124.155,0.904,330.538,93.396,0.913
92.013,182.739,0.900,166.507,178.513,0.893,161.769,145.811,0.920,253.672,139.267,0.925,293.516,128.560,0.910,328.748,87.618,0.892
91.434,182.550,0.956,169.953,170.986,0.888,159.064,151.627,0.910,252.213,137.995,0.937,295.554,123.934,0.913,326.217,89.656,0.922
90.441,189.433,0.926,166.032,171.565,0.899,157.451,148.658,0.891,248.214,134.197,0.913,294.334,122.743,0.912,325.641,91.209,0.897
83.196,188.174,0.843,165.578,166.464,0.929,158.389,153.930,0.908,248.792,135.413,0.979,296.355,118.733,0.876,324.612,89.832,0.917
81.261,188.493,0.861,161.444,169.441,0.937,155.150,157.316,0.921,248.076,131.290,0.864,290.151,121.371,0.940,322.870,92.812,0.907
81.747,186.805,0.908,163.634,163.964,0.926,154.943,155.987,0.903,247.374,132.129,0.914,295.941,119.952,0.955,316.910,85.460,0.948
72.468,194.008,0.890,160.518,167.260,0.902,156.898,157.658,0.854,242.420,128.724,0.875,293.107,118.345,0.902,320.345,83.149,0.924
74.958,193.170,0.960,154.629,166.902,0.905,158.937,159.674,0.896,245.335,128.448,0.931,290.942,116.675,0.898,317.802,83.912,0.948
77.299,192.393,0.924,153.946,166.805,0.871,153.534,162.710,0.892,245.357,129.225,0.855,290.792,116.938,0.916,318.439,85.920,0.921
73.401,196.282,0.929,151.200,163.286,0.888,152.346,164.367,0.886,243.105,124.876,0.912,291.620,115.931,0.971,318.288,86.085,0.927
70.499,200.532,0.857,150.285,160.191,0.931,152.210,167.702,0.952,244.214,124.332,0.905,285.682,111.438,0.973,312.174,82.723,0.951
77.103,201.519,0.947,146.852,165.243,0.929,155.191,164.627,0.921,235.591,126.410,0.869,289.789,116.047,0.947,312.241,84.931,0.879
70.257,205.468,0.896,144.133,167.873,0.919,152.783,165.512,0.941,235.416,126.167,0.907,289.635,111.837,0.927,311.342,86.894,0.936
72.187,198.417,0.907,141.546,161.607,0.946,154.710,166.852,0.898,237.063,126.665,0.895,287.517,109.938,0.821,309.684,86.670,0.912
72.970,209.508,0.885,140.798,164.408,0.921,153.617,166.523,0.948,234.311,123.836,0.933,281.254,109.242,0.968,311.321,86.605,0.927
74.685,208.171,0.914,133.803,161.271,0.871,154.165,168.688,0.901,227.958,122.562,0.901,283.281,110.899,0.966,302.527,81.741,0.913
74.896,211.944,0.941,132.316,164.410,0.919,156.373,173.659,0.906,227.874,124.070,0.889,284.387,107.321,0.981,306.082,83.806,0.969
76.890,212.409,0.870,131.514,160.062,0.916,158.807,173.343,0.901,226.100,123.058,0.921,279.171,105.534,0.888,303.939,82.090,0.908
78.867,215.927,0.934,128.079,166.031,0.944,158.746,172.979,0.901,221.549,126.629,0.954,279.167,103.108,0.928,297.762,81.290,0.873
80.546,217.885,0.907,127.912,166.293,0.941,159.732,179.147,0.896,224.494,125.805,0.910,281.739,104.682,0.911,297.713,82.727,0.926
83.117,220.085,0.930,127.783,165.336,0.937,164.048,182.761,0.923,219.558,124.237,0.901,273.837,107.294,0.927,291.318,85.000,0.859
80.604,219.594,0.919,117.375,169.688,0.938,167.072,177.560,0.934,215.601,119.773,0.963,275.613,100.154,0.935,294.190,85.333,0.926
88.868,221.834,0.953,116.598,172.543,0.904,167.795,177.637,0.913,211.788,122.802,0.873,274.111,102.764,0.913,288.077,84.520,0.916
87.965,222.270,0.939,117.677,169.974,0.871,169.435,181.621,0.936,215.051,126.461,0.891,270.252,106.225,0.916,286.840,79.869,0.960
89.363,220.719,0.923,118.348,173.720,0.961,169.508,179.171,0.911,210.533,122.615,0.930,266.900,103.266,0.894,287.905,83.901,0.915
99.483,222.472,0.861,112.927,172.647,0.900,175.348,178.613,0.891,206.422,130.635,0.947,267.231,102.400,0.913,285.986,83.531,0.929
97.241,225.217,0.920,114.392,176.845,0.960,174.658,183.277,0.892,205.801,127.208,0.981,264.881,102.908,0.898,287.191,84.634,0.991
103.299,218.810,0.907,112.622,176.759,0.951,177.834,184.355,0.938,203.101,128.586,0.905,260.246,104.176,1.000,285.251,86.196,0.825
104.520,225.839,0.965,113.389,180.746,0.894,181.502,181.462,0.903,205.744,127.191,0.902,259.817,100.001,0.868,281.037,90.149,0.956
107.800,222.233,0.984,112.091,181.312,0.892,182.627,178.240,0.945,200.200,129.929,0.890,257.823,101.620,0.921,281.000,90.073,0.862
113.148,223.947,0.935,113.124,187.501,1.000,186.275,183.842,0.949,201.581,131.754,0.930,256.594,99.596,0.882,280.169,87.777,0.866
113.007,220.825,0.897,115.229,187.269,0.896,187.474,185.345,0.854,197.970,130.227,0.920,254.379,101.683,0.916,280.831,90.995,0.948
118.637,217.348,0.869,113.143,185.318,0.875,189.914,182.007,0.922,199.255,133.497,0.933,248.692,102.678,0.930,281.695,91.552,0.926
121.277,215.955,0.919,110.365,191.302,0.925,196.184,181.947,0.898,196.710,134.105,0.927,252.476,103.959,0.923,275.356,87.054,0.935
125.275,216.447,0.885,116.610,189.398,0.940,192.780,182.286,0.919,192.551,133.222,0.912,247.219,105.055,0.921,274.904,91.886,0.904
124.485,213.428,0.911,113.341,193.991,0.972,196.873,175.955,0.926,194.976,137.129,0.905,246.354,106.660,0.927,275.477,95.694,0.914
129.217,216.229,0.920,122.749,192.349,0.954,201.792,184.800,0.893,195.721,136.790,0.931,243.802,108.511,0.923,273.848,96.137,0.898
132.266,209.822,0.908,118.636,198.410,0.901,201.022,181.516,0.895,192.801,138.731,0.969,244.980,108.300,0.868,274.651,97.167,0.921
133.414,207.271,0.911,120.104,199.758,0.877,203.568,175.983,0.901,194.096,141.768,0.911,243.626,107.368,0.929,275.346,100.243,0.901
132.529,210.735,0.885,121.861,197.122,0.905,203.835,175.655,0.921,192.886,140.917,0.867,238.281,110.157,0.871,274.059,104.196,0.963
133.058,206.500,0.924,125.327,201.119,0.933,207.564,174.265,0.952,190.641,144.810,0.990,240.203,106.264,0.898,271.756,101.138,0.906
138.340,202.858,0.912,126.354,199.072,0.931,209.837,173.876,0.885,195.437,146.509,0.932,238.206,112.645,0.971,270.305,99.723,0.928
137.260,201.370,0.941,132.360,198.728,0.914,209.852,172.637,0.894,191.881,146.975,0.911,233.153,115.244,0.958,272.128,98.443,0.884
131.089,200.258,0.977,130.747,204.451,0.968,209.669,171.105,0.922,194.195,145.634,0.943,235.167,114.991,0.919,272.410,99.545,0.908
133.968,198.393,0.896,134.892,201.995,0.911,211.051,170.786,0.870,191.715,145.989,0.899,235.849,113.954,0.928,273.054,107.785,0.958
132.503,195.718,0.834,140.575,203.795,0.884,211.000,166.317,0.984,198.105,150.934,0.925,233.004,117.536,0.903,272.334,104.891,0.962
130.308,189.410,0.910,140.673,204.955,0.925,210.094,167.415,0.885,194.250,150.305,0.891,233.739,117.520,0.891,271.456,107.908,0.930
129.035,190.897,0.916,146.868,203.999,0.887,212.673,166.245,0.947,193.889,153.202,0.940,232.934,118.868,0.905,272.831,108.054,0.929
127.984,188.123,0.941,148.084,204.356,0.938,212.142,163.510,0.930,202.399,152.714,0.923,232.582,119.508,0.922,271.283,111.475,0.926
126.897,188.820,0.923,149.658,200.607,0.899,215.294,164.795,0.915,200.704,153.902,0.887,235.681,125.689,0.921,276.905,110.356,0.974
123.230,188.491,0.914,148.025,202.531,0.896,210.476,161.664,0.912,200.592,156.963,0.946,230.792,123.350,0.922,277.996,112.930,0.927
121.022,186.323,0.906,153.741,198.516,0.869,210.675,159.088,0.909,204.397,158.770,0.905,230.674,121.103,0.929,279.174,113.843,0.880
120.483,184.763,0.978,157.615,202.674,0.921,211.102,156.564,0.900,202.936,159.729,0.883,231.758,124.631,0.921,278.584,114.393,0.922
115.526,183.947,0.910,158.413,198.130,0.961,207.650,156.898,0.869,207.115,158.644,0.909,233.963,123.871,0.924,276.965,112.861,0.968
113.040,179.714,0.946,160.940,198.366,0.880,212.687,154.594,0.991,207.048,161.502,0.940,235.650,127.207,0.893,279.901,117.110,0.921
110.887,184.577,0.966,163.928,196.641,0.964,208.083,156.024,0.940,208.595,164.082,0.942,231.143,128.247,0.916,280.714,119.316,0.870
109.062,184.138,0.911,168.078,195.212,0.931,209.505,151.906,0.882,212.722,160.986,0.959,238.037,132.279,0.869,285.828,118.925,0.976
105.104,183.919,0.919,164.911,192.314,0.985,206.994,151.772,0.941,215.535,163.686,0.937,235.583,126.155,0.896,281.566,112.050,0.888
100.258,183.137,0.894,166.962,194.748,0.929,206.224,151.543,0.967,217.763,164.111,0.945,236.925,130.486,0.920,288.807,119.939,0.912
96.808,181.204,0.954,171.188,194.100,0.908,203.503,149.867,0.936,218.851,157.752,0.918,233.067,137.094,0.974,286.876,122.253,0.856
90.902,182.842,0.947,168.349,191.083,0.925,203.435,149.393,0.950,220.737,162.785,0.881,236.193,137.998,0.896,288.035,120.272,0.922
90.992,183.728,0.930,169.986,189.293,0.896,198.212,145.611,0.911,222.210,160.717,0.934,239.668,135.169,0.918,288.355,120.903,0.983
85.526,183.478,0.925,172.463,185.272,0.907,196.945,141.389,0.928,222.339,163.427,0.918,241.009,136.995,0.940,291.539,124.133,0.925
82.908,189.384,0.978,173.999,187.727,0.919,195.681,145.480,0.961,225.420,166.907,0.917,240.319,138.197,0.915,293.190,123.926,0.941
83.807,188.477,0.962,170.507,181.121,0.930,194.219,143.177,0.938,226.836,161.180,0.968,243.163,138.911,0.924,295.876,124.498,0.873
80.075,192.416,0.886,175.620,176.677,0.873,193.159,141.688,0.946,229.806,160.381,0.962,242.364,140.755,0.895,294.535,125.544,0.936
79.234,192.738,0.923,169.409,179.436,0.947,190.293,145.296,0.969,233.710,163.673,0.899,244.729,142.127,0.933,297.384,120.843,0.936
75.316,193.058,0.949,168.454,174.181,0.929,188.374,145.997,0.872,232.737,159.419,0.973,249.799,139.524,0.944,295.154,120.421,0.913
77.536,193.820,0.938,173.276,174.832,0.912,183.459,140.443,0.983,234.395,163.479,0.883,249.000,137.915,0.995,303.182,121.393,0.919
74.286,196.569,0.944,171.337,173.145,0.913,179.466,143.515,0.955,238.120,158.884,0.922,250.282,140.823,0.925,302.472,122.823,0.953
75.551,197.369,0.936,166.920,172.462,0.922,180.078,144.333,0.915,241.706,161.337,0.931,252.683,142.341,0.928,303.397,124.296,0.882
74.021,198.552,0.948,166.546,172.483,0.961,177.363,137.238,0.922,240.790,156.688,0.920,253.050,141.830,0.900,306.214,125.458,0.931
72.830,200.544,0.953,162.780,166.557,0.913,178.709,145.094,0.897,242.625,155.168,1.000,258.777,143.293,0.930,309.673,122.160,0.899
71.697,205.193,0.956,165.304,165.941,0.914,172.948,142.494,0.853,243.880,155.878,0.952,254.318,140.221,0.915,307.661,118.736,0.875
73.198,204.107,0.909,159.674,169.481,0.945,167.156,142.082,0.898,245.273,155.990,0.948,262.786,141.072,0.903,310.814,122.278,0.919
75.594,208.293,0.955,156.855,166.910,0.888,167.162,142.934,0.876,247.433,151.180,0.943,264.616,142.689,0.924,314.007,120.189,0.899
76.449,207.743,0.910,158.004,165.616,0.910,163.808,147.970,0.950,249.717,156.082,0.952,265.457,143.799,0.933,315.301,123.076,0.956
74.078,214.891,0.893,155.169,163.442,0.960,159.585,147.519,0.934,248.176,152.390,0.968,269.205,141.286,0.936,313.289,120.086,0.907
80.220,213.945,0.861,152.014,164.316,0.943,161.200,145.139,0.904,252.078,152.083,0.927,271.545,142.818,0.912,316.251,118.248,0.968
79.707,215.370,0.928,145.770,159.672,0.920,161.892,147.109,0.906,252.565,148.978,0.900,270.891,141.596,0.884,316.421,119.252,0.912
83.976,217.786,0.886,145.684,162.343,0.960,160.767,154.069,0.948,250.382,146.060,0.902,271.950,141.549,0.894,321.347,115.987,0.921
83.380,217.769,0.905,141.213,162.059,0.956,157.298,150.882,0.917,250.490,141.583,0.922,272.981,138.085,0.907,322.584,115.583,0.947
88.674,217.003,0.939,138.946,163.670,0.927,156.534,153.938,0.905,253.086,147.239,0.897,274.251,139.783,0.898,322.294,119.255,0.893
88.593,219.719,0.945,136.555,164.120,0.916,155.666,153.510,0.950,255.301,143.358,0.920,280.087,138.572,0.907,326.998,112.407,0.923
93.366,224.334,0.867,134.938,161.519,0.981,152.449,156.367,0.881,250.590,140.106,0.921,280.005,140.430,0.908,326.419,113.168,0.909
95.534,222.529,0.946,133.648,162.406,0.947,151.778,159.252,0.896,251.756,140.663,0.922,279.666,135.582,0.985,325.290,109.782,0.902
98.651,224.514,0.911,130.791,164.813,0.919,153.612,158.893,0.914,247.040,137.826,0.921,280.615,136.463,0.965,326.277,111.745,0.928
101.214,227.362,0.945,127.461,162.732,0.886,152.377,159.959,0.958,249.791,138.921,0.925,283.797,134.083,0.918,327.421,114.791,0.925
105.166,222.743,0.956,127.757,162.151,0.899,153.559,162.608,0.889,253.702,137.524,0.918,288.436,135.160,0.965,327.394,111.183,0.894
105.083,221.535,0.904,120.888,167.112,0.950,150.292,165.278,0.907,249.050,132.547,0.893,285.676,134.847,0.865,327.131,107.889,0.942
113.340,223.905,0.938,120.255,170.394,0.903,151.902,168.163,0.918,249.604,131.721,0.903,289.706,130.336,0.970,330.353,108.552,0.898
116.432,220.727,0.914,116.996,170.481,0.898,152.379,165.320,0.939,245.475,131.802,0.953,290.710,131.179,0.936,332.331,108.408,0.940
116.410,217.552,0.888,118.561,171.453,0.906,152.273,166.690,0.928,246.040,129.410,0.950,291.176,130.022,0.900,334.229,105.564,0.913
117.160,215.812,0.912,113.131,176.816,0.911,156.189,174.728,0.891,242.811,131.037,0.888,288.132,127.927,0.931,332.157,103.074,0.921
121.056,215.739,0.948,112.253,175.327,0.941,156.296,170.591,0.911,243.360,126.573,0.932,290.591,126.276,0.940,331.941,102.770,0.892
126.454,216.168,0.944,107.547,179.810,0.953,159.654,174.600,0.880,241.793,125.199,0.932,290.587,122.849,0.888,333.550,99.214,0.949
127.776,213.328,0.943,113.317,179.958,0.911,154.671,175.814,0.923,238.308,128.988,0.956,291.862,127.008,0.946,335.844,101.837,0.904
127.624,211.477,0.911,110.875,182.920,0.921,158.906,173.623,0.951,237.135,124.487,0.960,291.938,124.574,0.897,332.987,97.152,0.900
131.435,208.024,0.867,112.276,179.754,0.947,163.457,179.033,0.985,235.689,125.138,0.951,295.322,126.724,0.894,332.068,97.665,0.924
128.672,207.436,0.943,112.698,185.046,0.921,161.091,179.694,0.901,233.203,123.415,0.921,291.087,118.425,0.879,328.420,98.374,0.943
130.332,206.517,0.911,114.380,181.879,0.936,164.459,179.094,0.977,232.871,122.341,0.917,292.720,121.848,0.902,331.287,97.203,0.904
132.987,200.638,0.921,115.416,186.127,0.963,169.419,179.592,0.883,227.400,121.342,0.932,292.047,119.968,0.946,330.158,99.021,0.910
132.000,200.516,0.922,115.648,184.954,0.996,170.372,183.217,0.904,231.965,120.606,0.943,294.207,115.314,0.919,329.128,96.998,0.945
130.839,204.410,0.928,113.786,188.319,0.992,173.011,178.515,0.906,227.286,120.453,0.921,288.926,117.118,0.925,328.804,93.295,0.946
126.491,200.217,0.919,114.304,189.840,0.909,176.385,182.124,0.905,222.878,123.388,0.918,293.173,117.243,0.929,329.402,93.277,0.916
132.035,198.567,0.929,120.273,195.258,0.940,176.085,184.002,0.943,223.443,122.818,0.887,290.005,112.618,0.949,327.301,92.484,0.926
130.204,189.906,0.915,120.185,194.733,0.909,180.112,182.916,0.915,222.139,121.483,0.905,288.371,113.548,0.946,326.147,89.928,0.884
124.634,191.876,0.889,121.714,196.168,0.884,182.355,183.621,0.875,214.996,121.407,0.895,287.268,109.794,0.875,321.915,86.350,0.915
127.600,191.333,0.906,124.043,199.782,0.942,183.132,180.893,0.960,219.922,122.901,0.955,287.635,111.308,0.885,323.279,87.776,0.964
124.384,188.628,0.952,123.508,196.464,0.953,183.451,179.791,0.942,211.332,120.679,0.905,284.264,108.116,0.904,323.819,87.238,0.919
122.739,188.977,0.981,128.492,198.145,0.935,190.246,183.144,0.920,210.260,125.521,0.902,284.819,105.977,0.950,318.715,85.747,0.947
121.621,186.709,0.955,129.418,200.308,0.926,192.985,178.733,0.921,210.632,122.921,0.910,280.543,108.484,0.881,318.180,88.793,0.944
115.607,185.921,0.880,128.031,199.929,0.934,194.261,181.206,0.901,206.185,124.607,0.885,280.956,106.161,0.895,319.503,85.957,0.887
115.705,185.871,0.892,134.320,201.074,0.950,198.490,178.653,0.925,207.377,127.188,0.973,278.464,107.574,0.891,316.231,83.014,0.907
112.704,179.578,0.902,140.165,202.573,0.943,200.182,179.793,0.943,201.821,128.435,0.914,277.158,105.647,0.961,315.578,87.144,0.945
109.815,183.182,0.911,143.803,203.444,0.910,198.760,179.646,0.937,201.828,127.694,0.916,276.737,100.668,0.913,314.575,84.720,0.962
108.452,179.814,0.886,145.139,203.378,0.890,199.975,175.595,0.910,200.126,128.656,0.916,276.987,103.239,0.890,308.508,81.630,0.946
103.351,182.911,0.938,144.641,198.970,0.936,208.447,175.610,0.942,202.247,129.935,0.955,274.678,102.330,0.913,309.018,86.218,0.908
97.764,184.759,0.904,147.438,201.557,0.948,201.970,176.454,0.958,200.036,134.105,0.941,272.361,100.446,0.936,304.043,76.957,0.972
99.372,182.289,0.909,151.163,199.535,0.885,208.341,176.649,0.901,191.688,132.406,0.901,266.749,104.004,0.943,303.679,84.438,0.927
90.517,179.793,0.948,153.285,198.338,0.973,205.831,169.827,0.947,197.303,133.191,0.880,266.246,101.435,0.888,299.999,85.477,0.894
88.864,180.979,0.912,158.105,205.838,0.870,211.598,169.619,0.879,192.445,138.924,0.877,265.987,102.049,0.897,302.020,83.454,0.897
85.051,184.567,0.875,157.490,196.378,0.898,212.876,169.395,0.940,194.679,137.755,0.876,261.803,101.651,0.920,298.372,86.917,0.885
84.131,184.530,0.948,159.621,196.747,0.930,214.803,170.240,0.916,189.982,141.662,0.938,259.954,102.425,0.957,298.580,81.181,0.839
84.050,190.305,0.935,160.722,199.323,0.919,210.015,165.803,0.871,189.590,137.970,0.932,260.525,98.158,0.937,300.607,86.510,0.923
82.250,187.981,0.901,164.516,193.896,0.923,210.487,166.533,0.871,190.291,138.824,0.966,257.719,97.732,0.986,294.544,83.561,0.957
78.594,193.871,0.902,163.972,197.481,0.898,212.015,162.017,0.932,192.921,141.207,0.901,255.677,104.108,0.996,297.060,85.155,0.839
74.727,191.904,0.926,166.458,194.951,0.900,212.336,161.723,0.931,188.301,143.775,0.868,250.564,101.373,0.909,290.650,84.064,0.886
73.402,191.565,0.861,165.808,192.771,0.939,212.641,162.412,0.890,195.083,144.069,0.904,248.883,104.055,0.933,290.781,83.259,0.868
72.167,200.186,0.963,171.794,190.841,0.893,210.089,160.373,0.899,193.498,146.730,0.933,249.297,102.172,0.890,289.076,84.850,0.960
74.456,197.143,0.976,168.494,189.352,0.954,210.785,154.962,0.967,190.301,145.273,0.926,246.221,104.047,0.946,283.545,84.207,0.899
70.235,202.786,0.895,171.115,182.085,0.912,210.981,154.985,0.942,194.663,148.669,0.930,246.616,103.699,0.924,283.208,85.145,0.875
73.602,204.835,0.867,168.186,182.681,0.913,209.537,153.841,0.921,198.531,149.974,0.933,244.093,105.376,0.921,283.178,84.965,0.990
71.961,203.657,0.871,174.591,182.003,0.889,208.486,152.634,0.912,194.712,150.198,0.959,239.231,110.309,0.940,281.524,88.911,0.931
72.851,207.403,0.948,169.877,183.232,0.918,206.787,151.108,0.891,197.921,151.115,0.944,239.003,105.405,0.939,277.371,82.683,0.880
76.332,209.996,0.942,167.747,177.990,0.922,200.486,149.114,0.887,197.089,153.854,0.913,241.684,106.938,0.933,277.265,84.521,0.882
73.473,212.745,0.962,169.012,175.422,0.914,206.651,146.696,0.953,199.736,152.738,0.924,236.313,107.940,0.951,278.054,90.318,0.854
79.162,211.296,0.907,168.893,172.648,0.949,203.884,143.596,0.959,200.518,154.430,0.937,238.823,111.645,0.894,273.506,87.388,0.925
74.719,211.411,0.944,172.835,173.112,0.919,198.557,143.205,0.934,206.613,155.104,0.872,239.072,111.751,0.856,278.760,94.663,0.887
77.853,217.516,0.895,165.540,170.180,0.973,197.202,141.215,0.821,201.418,160.156,0.916,235.054,114.833,0.863,275.294,90.839,0.938
78.556,217.839,0.890,168.334,168.336,0.952,196.902,142.233,0.918,203.978,160.796,0.944,235.823,111.448,0.884,273.271,97.424,0.943
82.648,214.236,0.889,163.855,167.782,0.939,193.057,144.921,0.933,210.999,158.870,0.947,235.618,116.948,0.892,274.777,96.219,0.889
87.930,221.228,0.882,162.193,167.293,0.970,192.329,142.288,0.922,202.885,162.492,0.910,232.975,114.025,0.919,270.415,96.725,0.868
91.027,217.275,0.926,160.630,166.108,0.898,190.378,143.395,0.912,210.445,162.287,0.944,232.040,116.824,0.976,271.822,99.169,0.949
93.086,220.059,0.929,160.071,164.555,0.906,183.413,140.121,0.934,209.682,161.548,0.892,233.830,118.193,0.904,273.418,98.995,0.943
96.029,220.121,0.969,156.061,163.262,0.934,183.081,145.158,0.899,215.537,161.942,0.987,232.293,120.810,0.903,272.001,99.637,0.926
96.239,221.060,0.932,149.192,167.218,0.901,185.426,138.585,0.932,217.584,164.903,0.906,233.058,119.379,0.862,274.453,100.396,0.883
99.056,221.653,0.930,150.136,162.618,0.943,179.070,142.464,0.930,218.622,162.447,0.892,233.928,124.174,0.881,274.575,103.328,0.918
105.443,219.731,0.896,145.452,162.681,0.961,173.971,142.911,0.939,223.734,161.819,0.915,231.600,124.334,0.885,270.560,103.379,0.927
110.621,223.313,0.933,147.212,164.265,0.868,178.805,143.485,0.900,223.479,161.476,0.903,234.284,124.182,0.915,271.399,103.735,0.896
110.219,221.825,0.873,140.475,157.047,0.907,175.525,142.997,0.954,222.067,161.904,0.953,231.234,125.777,0.901,271.869,107.289,0.846
111.331,221.230,0.887,139.789,160.605,0.894,172.971,140.303,0.907,227.475,162.049,0.912,230.170,126.396,0.955,270.481,104.736,0.851
113.589,221.534,0.869,136.761,161.353,0.944,167.298,144.525,0.939,227.168,161.582,0.890,235.384,126.523,0.906,275.814,107.421,0.876
117.917,220.358,0.957,132.356,163.091,0.881,164.876,144.000,0.866,233.277,158.363,0.948,234.246,127.966,0.911,272.289,109.479,0.965
124.866,216.916,0.917,129.696,161.278,0.958,162.967,145.742,0.909,235.226,159.508,0.919,235.103,131.043,0.956,273.207,106.409,0.937
123.501,215.406,0.927,131.032,163.787,0.937,165.615,148.872,0.897,235.970,156.126,0.918,237.882,131.485,0.926,276.615,110.763,0.936
123.806,212.245,0.945,124.503,165.265,0.933,161.820,145.844,0.906,240.531,158.138,0.975,237.526,131.823,0.930,277.858,110.173,0.947
126.362,212.429,0.932,126.365,162.994,0.979,162.159,147.494,0.916,237.248,156.848,0.883,236.509,134.316,0.905,276.006,114.355,0.883
128.029,209.141,0.909,124.386,165.494,0.938,153.391,152.578,0.917,240.107,154.468,0.974,240.747,134.410,0.902,276.048,112.673,0.949
130.641,204.292,0.866,118.879,170.806,0.914,154.362,151.660,0.927,245.850,155.491,0.889,242.899,135.702,0.933,277.501,113.804,0.897
129.592,206.641,0.914,118.278,168.216,0.976,153.233,150.795,0.928,241.829,155.543,0.872,245.679,138.229,0.951,279.266,115.430,0.919
129.612,201.598,0.929,116.577,170.155,0.969,153.813,152.581,0.904,241.979,152.482,0.956,243.758,140.601,0.858,281.933,117.160,0.895
131.169,204.522,0.957,113.182,171.069,0.853,153.314,157.165,0.955,246.912,150.864,0.934,243.910,138.827,0.886,282.706,117.997,0.940
132.307,203.160,0.943,110.676,174.546,0.906,150.240,155.256,0.890,247.040,152.906,0.948,248.886,142.114,0.912,288.139,118.432,0.907
132.301,198.887,0.886,113.756,173.822,0.938,148.846,158.299,0.955,250.281,149.843,0.982,250.506,139.848,0.943,284.726,116.677,0.954
131.145,193.265,0.940,111.084,179.140,0.889,152.297,160.818,0.873,248.136,149.863,0.878,248.235,135.555,0.905,286.741,117.085,0.963
127.992,193.559,0.938,112.282,179.066,0.939,152.624,165.708,0.931,253.938,143.709,0.912,251.697,141.989,0.910,286.255,125.684,0.952
124.080,189.466,0.883,114.127,179.388,0.917,149.299,163.614,0.887,248.632,147.820,0.848,255.562,144.625,0.889,288.643,121.224,0.929
124.152,188.228,0.915,110.042,181.022,0.958,151.180,165.574,0.931,249.443,144.790,0.933,254.918,141.660,0.936,292.530,121.729,0.944
124.330,186.292,0.906,110.937,183.500,0.932,153.288,168.072,0.933,252.757,142.721,0.885,256.761,138.689,0.929,289.503,124.190,0.948
118.863,186.357,0.908,110.844,182.857,0.889,155.456,168.841,0.880,251.576,143.543,0.899,260.093,142.276,0.901,296.504,121.180,0.921
119.584,185.475,0.941,112.938,186.813,0.915,155.165,170.555,0.922,251.544,140.170,0.920,263.955,141.334,0.959,299.422,121.657,0.876
115.254,183.969,0.950,115.843,189.692,0.907,155.645,172.985,0.891,253.663,137.959,0.912,266.311,140.325,0.950,300.241,120.554,0.887
112.461,183.775,0.895,117.566,190.638,0.924,154.231,172.585,0.907,251.328,137.532,0.927,264.607,141.016,0.953,299.931,121.068,0.886
112.921,180.359,0.904,118.107,191.496,0.918,155.776,172.183,0.894,250.888,139.769,0.957,265.679,137.738,0.959,304.313,120.850,0.902
108.075,184.093,0.889,116.751,192.261,0.929,160.347,178.723,0.952,250.646,132.961,0.934,268.445,139.938,0.929,304.036,123.326,0.895
107.266,183.614,0.873,121.327,196.000,0.878,159.013,177.657,0.908,249.073,134.134,0.952,271.268,138.265,0.925,304.766,119.947,0.940
99.500,180.153,0.938,124.328,198.090,0.901,162.284,175.261,0.968,246.414,130.626,0.933,275.078,140.789,0.931,305.461,119.675,0.904
100.493,182.337,0.917,129.735,196.934,0.909,163.863,178.177,0.926,247.389,128.645,0.883,272.625,138.283,0.964,311.848,119.743,0.933
96.937,180.505,0.856,128.715,199.688,0.940,169.587,178.789,0.943,245.208,132.318,0.899,276.910,139.222,0.942,312.362,123.235,0.891
86.084,180.657,0.938,129.930,201.917,0.889,167.657,181.715,0.923,244.937,123.499,0.919,277.426,138.439,0.874,313.176,117.078,0.892
88.955,182.955,0.879,133.415,198.927,0.933,167.306,178.794,0.910,246.964,126.239,0.934,282.390,135.644,0.922,315.045,118.086,0.926
89.407,185.895,0.952,134.838,200.639,0.926,172.630,178.367,0.905,242.509,124.584,0.921,281.802,136.379,0.935,317.515,117.374,0.903
85.234,184.647,0.887,137.740,202.559,0.909,175.850,183.416,0.950,234.324,125.425,0.941,282.403,136.535,0.940,316.134,118.679,0.953
80.343,187.003,0.932,137.587,198.509,0.934,180.249,182.936,0.921,237.906,126.164,0.878,283.972,136.385,0.927,317.775,119.066,0.913
78.529,188.488,0.910,141.520,200.663,0.917,178.647,189.081,0.923,236.416,123.570,0.882,288.600,132.488,0.947,320.877,114.420,0.888
74.401,186.851,0.889,142.520,202.487,0.889,184.309,182.883,0.895,237.468,120.551,0.898,289.157,130.381,0.949,320.790,117.129,0.953
75.698,185.576,0.911,146.285,199.338,0.949,183.639,180.529,0.931,232.204,122.140,0.942,287.041,131.536,0.963,323.933,117.015,0.899
70.262,190.261,0.934,150.662,202.712,0.926,183.532,182.008,0.984,233.257,121.329,0.918,287.137,130.780,0.892,323.284,110.181,0.885
70.681,193.848,0.911,151.024,198.844,0.918,191.839,180.413,0.914,225.970,121.295,0.892,285.939,130.025,0.911,326.028,115.315,0.928
74.126,195.460,0.885,156.064,199.233,0.899,190.191,179.052,0.898,227.657,120.916,0.917,289.941,127.984,0.907,327.141,113.583,0.908
71.344,197.224,0.926,158.289,195.831,0.910,195.635,181.249,0.955,221.326,119.531,0.924,288.048,124.245,0.928,324.577,109.171,0.892
70.483,197.579,0.916,157.532,197.424,0.951,194.616,179.889,0.994,221.342,122.472,0.885,290.441,129.514,0.907,327.022,109.779,0.985
71.151,203.732,0.898,162.418,193.615,0.911,196.481,177.326,0.968,219.044,121.825,0.969,289.517,125.823,0.912,328.202,110.662,0.897
77.326,207.434,0.934,162.689,193.228,0.917,197.849,174.255,0.898,218.941,121.365,0.876,291.794,120.257,0.908,328.544,107.639,0.950
74.714,210.085,0.902,164.685,193.424,0.960,199.954,175.665,0.918,214.117,121.764,0.938,290.173,118.608,0.872,330.665,105.136,0.900
72.207,210.422,0.900,170.348,195.259,0.954,204.902,176.151,0.905,215.674,123.436,0.944,292.550,118.896,0.888,330.332,107.822,0.883
78.506,209.624,0.935,169.286,187.693,0.885,203.156,171.577,0.914,211.099,124.993,0.876,291.647,113.669,0.947,329.596,103.091,0.958
76.694,213.943,0.949,168.517,187.053,0.894,208.074,169.885,0.915,208.080,122.714,0.936,288.483,116.108,0.893,332.002,99.434,0.949
80.316,210.810,0.957,168.557,186.104,0.905,209.171,170.303,0.935,205.289,123.099,0.898,288.845,113.580,0.885,331.778,104.254,0.919
79.872,217.745,0.932,168.496,181.420,0.932,207.903,167.805,0.916,206.778,120.172,0.965,287.417,111.587,0.914,331.372,100.442,0.940
81.598,219.033,0.910,168.386,184.393,0.965,212.731,165.326,0.922,206.617,126.450,0.874,284.545,117.550,0.868,335.125,101.446,0.943
87.700,216.685,0.914,169.609,182.053,0.952,209.304,166.371,0.912,200.101,126.093,0.933,287.551,112.055,0.948,329.031,98.097,0.941
87.345,219.934,0.941,172.117,174.677,0.924,210.945,161.140,0.921,202.359,130.022,0.956,286.628,111.092,0.933,327.257,97.041,0.928
90.241,220.716,0.891,170.621,178.099,0.939,208.817,161.095,0.920,196.593,131.107,0.895,283.328,109.236,0.964,327.570,94.873,0.907
96.621,220.904,0.943,169.907,171.836,0.898,209.482,161.869,0.920,197.257,134.761,0.933,284.613,110.545,0.956,326.096,97.405,0.950
95.591,224.545,0.914,170.372,174.385,0.906,211.643,157.215,0.896,193.873,132.005,0.913,284.565,105.684,0.918,330.647,100.105,0.958
98.201,221.324,0.941,165.662,173.984,0.958,209.138,157.521,0.932,195.857,133.801,0.941,281.683,107.937,0.904,329.197,87.794,0.917
105.254,218.508,0.943,166.915,167.965,0.889,211.307,153.679,0.903,193.074,135.680,0.896,281.911,104.670,0.949,326.901,93.498,0.912
103.334,218.203,0.918,162.480,168.319,0.877,210.473,154.450,0.887,189.974,135.817,0.926,279.750,106.952,0.909,328.646,90.481,0.895
108.772,222.272,0.943,160.313,166.005,1.000,210.493,151.351,0.921,193.522,133.421,0.950,278.535,103.185,0.926,327.033,87.461,0.902
112.465,216.072,0.917,157.582,161.885,0.944,204.897,150.469,0.957,191.057,139.270,0.938,274.268,104.866,0.932,324.886,83.923,0.875
113.292,218.694,0.908,160.441,161.693,0.899,207.042,152.564,0.886,191.948,135.972,0.930,276.094,103.415,0.985,324.867,88.514,0.852
116.370,214.032,0.974,155.234,164.421,0.964,205.788,146.239,0.989,188.581,140.325,0.942,271.831,102.384,0.937,319.124,84.835,0.910
122.365,216.965,0.974,152.700,161.160,0.949,201.016,144.335,0.973,192.447,138.173,0.913,270.791,102.826,0.920,323.445,88.380,0.876
123.828,214.074,0.897,148.990,163.286,0.910,197.086,147.727,0.911,191.794,142.186,0.943,265.474,100.621,0.898,316.418,85.850,0.948
123.316,214.702,0.916,146.563,163.629,0.948,199.149,144.016,0.915,192.591,144.087,0.909,269.946,100.958,0.920,317.986,82.094,0.936
127.965,207.957,0.967,145.490,159.715,0.933,196.927,143.596,0.956,193.030,145.192,0.923,263.732,100.324,0.896,315.453,82.862,0.880
131.359,206.056,0.931,143.520,160.905,0.889,197.657,144.272,0.923,190.627,144.944,0.909,259.596,97.054,0.977,313.053,83.091,0.945
126.869,206.488,0.909,141.389,164.234,0.894,194.822,143.162,0.930,198.090,143.324,0.933,262.845,101.148,0.930,313.836,80.490,0.945
130.358,203.925,0.893,136.909,159.978,0.915,191.745,141.358,0.928,194.429,149.530,0.961,261.441,101.248,0.940,313.868,77.341,0.894
134.669,205.378,0.930,135.278,160.908,0.897,186.469,140.895,0.954,193.665,150.703,0.861,256.318,98.739,0.840,307.307,81.875,0.945
132.091,200.637,0.934,134.921,162.671,0.902,185.138,139.543,0.937,197.152,154.199,0.915,255.355,99.224,0.886,308.837,85.050,0.944
132.319,198.850,0.935,132.158,161.992,0.968,183.288,138.554,0.910,197.296,157.603,0.832,252.851,100.525,0.943,307.078,81.903,1.000
129.789,196.071,0.914,129.512,167.864,0.857,182.697,141.040,0.896,197.901,148.833,0.897,252.635,101.875,0.942,304.911,83.125,0.932
127.770,197.328,0.925,122.880,163.331,0.884,181.208,143.181,0.933,202.273,157.684,0.926,250.691,103.180,0.874,303.639,85.353,0.980
130.515,188.261,0.915,122.756,167.010,0.903,178.294,144.650,0.884,201.502,152.337,0.906,244.360,103.722,0.890,298.675,84.185,0.968
128.099,190.425,0.897,118.871,162.675,0.954,173.240,138.895,0.977,201.986,157.257,0.925,242.037,107.754,0.907,298.660,79.882,0.958
124.967,186.286,0.916,113.082,165.655,0.974,171.685,141.522,0.918,204.585,155.776,0.945,241.209,108.635,0.917,297.959,81.614,0.950
122.152,184.111,0.919,114.948,168.276,0.913,168.330,141.063,0.927,205.925,157.824,0.973,243.310,103.168,0.882,297.706,83.948,0.980
117.355,189.681,0.936,115.584,171.844,0.886,168.194,145.622,0.900,208.016,157.181,0.899,238.929,104.172,0.929,294.169,80.536,0.917
118.710,187.143,0.885,111.444,170.843,0.903,166.926,137.616,0.913,209.961,159.494,0.925,239.178,108.139,0.866,294.911,81.280,0.933
114.370,185.408,0.873,112.128,173.839,0.966,162.100,144.691,0.951,214.186,161.900,0.920,238.986,106.322,0.914,289.985,83.800,0.905
112.680,180.795,0.909,111.834,175.063,0.904,163.988,145.602,0.899,213.236,161.907,0.942,239.222,111.984,0.964,290.648,79.035,0.963
111.343,182.708,0.914,109.070,176.750,0.918,159.007,144.788,0.998,220.170,159.103,0.909,236.155,111.120,0.938,287.950,82.657,0.985
108.596,182.116,0.915,111.324,176.700,0.892,159.214,148.974,0.937,216.854,157.743,0.924,235.274,112.266,0.936,287.242,84.025,0.924
105.281,180.885,0.979,109.582,181.719,0.930,153.898,149.615,0.954,223.162,159.035,0.892,232.989,111.394,0.939,283.874,80.998,0.967
105.206,182.034,0.956,109.210,186.040,0.906,155.767,149.443,0.904,222.377,162.564,0.927,229.940,112.318,0.913,284.285,85.250,0.960
99.879,183.069,0.895,114.794,182.392,0.938,151.874,153.571,0.885,226.788,159.219,0.925,235.158,114.872,0.913,283.925,85.863,0.929
92.943,182.600,0.909,108.937,185.682,0.901,150.451,153.403,0.956,226.082,157.162,0.923,234.479,113.620,0.899,280.828,85.491,0.880
89.754,184.219,0.905,115.688,182.757,0.879,149.654,156.225,0.909,233.280,161.024,0.920,229.058,118.163,0.897,279.034,87.002,0.909
93.104,184.583,0.989,111.965,187.099,0.984,153.062,154.167,0.928,235.262,156.701,0.896,230.347,120.332,0.948,281.163,89.770,0.955
84.312,182.801,0.904,118.654,192.408,0.911,150.107,159.362,0.966,238.057,158.890,0.894,232.787,120.709,0.917,279.650,89.887,0.942
82.905,185.648,0.934,117.058,191.058,0.848,146.934,157.577,0.928,236.944,161.493,0.944,234.485,122.480,0.882,278.807,91.156,0.924
84.031,183.431,0.923,114.780,191.517,0.850,151.302,160.380,0.906,238.993,157.066,0.929,232.587,117.163,0.921,271.018,90.748,0.894
81.740,184.008,0.883,120.418,197.047,0.934,155.037,161.635,0.925,244.627,156.039,0.970,232.148,129.155,0.981,273.955,90.489,0.893
76.212,190.997,0.942,122.975,195.538,0.977,148.717,164.503,0.927,238.923,155.104,0.906,233.841,124.936,0.901,271.802,94.725,0.894
75.084,188.794,0.938,122.520,196.268,0.947,152.086,164.280,0.897,241.360,149.480,0.961,229.759,126.386,0.916,273.669,93.363,0.897
69.892,193.053,0.933,125.866,199.557,0.912,151.431,169.496,0.914,243.971,149.142,0.924,233.002,127.889,0.892,271.792,95.585,0.928
70.209,192.979,0.932,125.164,200.011,0.907,154.352,170.409,0.928,245.351,151.746,0.902,228.118,128.228,0.955,270.751,92.901,0.918
70.471,196.462,0.863,127.785,196.782,0.911,155.471,168.236,0.898,252.029,151.056,0.926,234.778,129.228,0.933,271.259,98.640,0.973
70.687,201.082,0.949,136.157,201.272,0.907,156.811,172.018,0.943,244.993,150.904,0.944,233.937,133.425,0.887,269.081,95.823,0.893
69.876,203.028,0.891,138.317,195.336,0.942,158.892,172.277,0.906,248.665,150.712,0.875,238.262,131.721,0.897,267.596,96.573,0.959
70.980,202.326,0.971,140.729,202.948,0.937,157.450,172.537,0.899,249.222,145.625,0.976,236.898,134.359,0.935,269.739,104.046,0.858
75.540,205.694,0.905,139.220,197.461,0.941,159.414,177.210,0.918,245.162,145.266,0.916,241.645,136.728,0.922,269.851,99.614,0.865
72.885,206.209,0.911,147.090,202.085,0.911,161.062,176.750,0.856,249.641,141.798,0.921,238.373,132.748,0.935,270.655,105.359,0.888
73.687,209.622,0.917,147.824,200.214,0.928,163.092,176.209,0.898,248.812,141.247,0.933,242.142,138.379,0.901,274.298,102.328,0.922
74.488,208.493,0.900,153.834,200.730,0.908,164.608,175.679,0.970,250.448,144.601,0.909,240.451,135.261,0.885,273.000,106.780,0.938
75.839,214.055,0.884,154.373,200.888,0.940,167.422,179.810,0.854,249.517,144.838,0.918,245.867,135.159,0.939,269.095,108.588,0.874
80.613,214.635,0.931,158.230,199.731,0.878,168.001,177.000,0.889,246.906,139.097,0.952,246.910,137.093,0.927,274.181,108.752,0.960
78.374,213.793,0.885,154.936,195.584,0.924,171.934,178.440,0.921,250.233,136.423,0.883,248.556,137.222,0.918,273.526,105.430,0.981
82.534,218.955,0.945,156.762,193.883,0.946,172.238,181.425,0.888,246.168,135.755,0.875,249.030,138.348,0.849,272.392,110.754,0.951
83.215,216.963,0.892,160.781,194.798,0.923,178.926,180.150,0.923,245.939,132.348,0.950,251.091,139.863,0.878,276.487,113.443,0.887
88.367,216.062,0.940,163.387,197.606,0.948,178.290,178.306,0.899,248.751,130.996,0.922,254.984,138.277,0.959,273.449,111.874,0.953
91.351,219.361,0.923,162.705,190.266,0.910,184.021,182.173,0.908,244.304,131.647,0.922,253.595,135.673,0.899,275.181,115.234,0.934
95.976,220.453,0.961,165.764,190.624,0.888,180.639,180.166,0.886,244.593,128.342,0.929,256.223,142.404,0.966,278.181,117.412,0.920
99.620,221.812,0.957,164.929,190.120,1.000,187.260,177.043,0.902,245.553,128.941,0.958,260.077,139.756,0.946,280.306,113.476,0.950
101.675,220.068,0.958,168.052,189.264,0.957,189.107,181.375,0.943,246.652,130.602,0.969,263.514,138.025,0.963,283.919,114.994,0.906
106.718,222.451,0.877,167.067,181.543,0.880,193.925,174.745,0.894,243.530,126.698,0.959,261.851,142.823,0.955,281.485,115.342,0.942
109.740,220.721,0.947,171.043,186.207,0.977,192.952,174.068,0.953,238.232,125.754,0.951,263.368,140.548,0.939,281.287,116.179,0.905
110.215,217.892,0.933,172.943,179.569,0.943,195.988,178.122,0.927,236.374,123.281,0.946,269.349,141.983,0.917,288.091,118.597,0.909
113.251,218.215,0.980,169.810,180.676,0.910,203.433,176.246,0.916,234.304,124.613,0.930,271.393,138.823,0.953,288.547,117.991,0.943
111.418,220.528,0.920,166.435,175.124,0.892,204.161,178.716,0.907,234.015,121.293,0.888,272.673,136.297,0.908,287.517,122.665,0.916
118.553,212.852,0.936,167.139,173.586,0.979,202.461,175.693,0.933,230.421,124.744,0.930,274.772,137.807,0.880,293.231,120.065,0.901
120.331,217.659,0.909,167.553,175.788,0.914,205.198,174.423,0.932,232.613,122.202,0.908,272.912,137.969,0.915,293.678,117.888,1.000
119.173,212.290,0.919,165.652,169.909,0.876,206.150,176.882,0.912,227.534,121.642,0.895,273.901,137.731,0.928,293.665,120.288,0.894
123.652,213.721,0.928,167.740,172.104,0.906,206.126,172.007,0.906,227.821,123.653,0.919,273.885,135.674,0.908,293.332,119.937,0.960
128.128,209.316,0.944,167.199,169.322,0.926,207.899,167.186,0.902,226.093,119.160,0.921,280.235,134.936,0.942,297.679,123.380,0.948
125.150,210.111,0.883,165.648,169.550,0.928,209.912,166.332,0.873,220.760,115.668,0.955,278.258,136.835,0.893,297.767,119.915,0.933
131.327,207.788,0.951,163.000,169.168,0.889,208.900,164.542,0.930,220.436,118.352,0.983,282.378,135.085,0.939,301.023,122.847,0.911
130.492,200.679,0.877,158.017,164.898,0.911,210.704,161.844,0.959,215.303,117.603,0.948,282.721,135.254,0.907,300.392,122.572,0.917
129.565,198.757,0.958,158.894,165.896,0.946,213.076,162.081,0.957,215.116,117.409,0.921,284.985,129.216,0.858,304.343,119.474,0.912
129.890,199.316,0.930,155.052,158.479,0.944,210.456,161.277,0.914,212.122,120.669,0.907,283.670,128.919,0.907,302.790,123.709,0.948
131.658,195.787,0.962,155.970,160.959,0.967,209.329,164.840,0.949,212.737,119.892,0.939,288.466,130.943,0.938,307.805,114.999,0.928
126.633,193.889,0.837,152.009,163.177,0.915,211.306,155.998,0.913,211.686,121.681,0.970,286.944,128.920,0.893,306.191,119.873,0.887
132.753,195.551,0.968,150.101,162.566,0.924,207.782,159.548,0.967,213.028,124.924,0.901,287.375,128.398,0.906,312.184,117.101,0.894
125.908,190.889,0.916,148.542,161.178,0.884,208.086,153.190,0.892,208.618,120.745,0.942,288.497,124.792,0.884,311.858,119.344,0.931
124.567,188.735,0.935,142.782,159.884,0.890,207.669,154.822,0.923,202.089,121.572,0.921,289.364,120.181,0.947,310.461,114.032,0.883
126.817,187.279,0.917,143.240,162.348,0.914,208.372,151.845,0.961,203.984,122.791,0.891,289.442,123.184,0.971,314.874,116.986,0.917
123.968,184.482,0.939,134.244,160.369,0.913,206.798,148.087,0.884,203.216,123.431,0.928,290.117,119.966,0.894,316.613,119.677,0.889
122.806,184.101,0.908,135.796,160.840,0.887,203.804,151.755,0.891,199.187,124.178,0.926,288.879,120.168,0.935,320.253,113.226,0.989
119.795,182.103,0.889,131.349,161.369,0.961,200.963,145.661,0.932,195.179,128.026,0.897,292.712,122.796,0.911,318.523,116.169,0.869
115.811,186.094,0.932,130.211,161.800,0.965,201.485,146.635,0.972,193.117,130.217,0.875,293.629,115.199,0.944,319.773,113.114,0.955
109.696,184.474,0.896,128.129,162.669,0.883,197.092,144.542,0.962,196.082,126.748,0.905,289.993,118.193,0.907,325.915,113.883,0.976
108.360,181.166,0.893,121.588,159.727,0.925,195.917,145.135,0.906,193.670,131.364,0.930,287.464,117.389,0.903,323.469,107.471,0.934
106.658,182.859,0.891,124.264,165.274,0.893,195.673,141.757,0.891,192.598,130.446,0.955,286.814,116.346,0.978,327.353,110.349,0.925
103.113,181.477,0.963,120.796,165.172,0.967,194.038,142.311,0.957,189.253,133.934,0.936,288.471,110.983,0.932,327.527,110.973,0.954
95.894,179.648,0.900,116.751,162.414,0.943,194.202,137.271,0.892,192.184,135.738,0.944,285.121,112.986,0.987,327.574,108.755,0.912
98.941,180.041,0.968,117.375,166.696,0.913,192.992,143.478,0.903,192.321,137.472,0.918,284.367,109.926,0.959,330.910,103.779,0.889
97.202,180.116,0.908,115.548,170.861,0.873,188.556,143.187,0.964,193.565,139.444,0.901,287.405,111.564,0.892,326.312,106.103,0.928
93.623,184.337,0.894,117.342,174.085,0.859,185.330,141.751,0.931,190.642,138.470,0.973,285.913,108.360,0.858,327.323,103.542,0.968
85.716,183.696,0.904,113.082,172.375,0.950,185.576,142.582,0.900,191.458,140.874,0.941,280.553,109.469,0.953,330.205,102.019,0.920
85.814,181.843,0.889,111.814,171.129,0.943,181.345,139.987,0.934,192.343,143.314,0.944,282.612,106.024,0.953,324.281,103.920,0.949
78.044,181.750,0.890,111.158,177.646,0.913,180.617,140.442,0.944,190.380,140.136,0.950,281.842,105.459,0.868,328.396,103.610,0.951
83.225,183.224,0.909,113.013,180.008,0.939,173.909,145.906,0.916,189.901,144.364,0.966,277.088,101.040,0.867,334.950,98.431,0.937
73.733,186.784,0.841,106.241,179.409,0.944,171.804,141.068,0.917,192.585,147.779,0.913,279.432,105.325,0.957,331.400,99.495,0.927
76.446,189.210,0.963,108.721,180.223,0.899,170.975,143.033,0.898,191.636,145.388,0.889,277.412,101.344,0.951,328.566,99.749,0.928
76.228,190.552,0.903,111.244,182.448,0.910,168.468,141.097,0.906,193.109,148.491,0.900,278.649,101.407,0.928,326.774,97.033,0.909
75.048,189.995,0.953,109.696,185.476,0.930,168.080,143.043,0.951,190.214,149.369,0.893,271.945,101.801,0.911,329.946,96.306,0.919
72.017,194.131,0.874,108.602,187.400,0.972,164.034,142.791,0.955,193.097,155.098,0.867,271.114,100.667,0.970,328.041,93.435,0.929
67.653,197.307,0.907,116.546,186.867,0.949,167.742,143.495,0.911,192.638,157.212,0.967,268.198,99.434,0.908,327.660,94.923,0.891
69.799,193.659,0.878,113.617,187.599,0.920,159.668,142.889,0.875,197.544,153.123,0.911,266.436,100.056,0.915,327.524,93.711,0.913
69.289,197.692,0.921,115.801,192.829,0.856,160.356,145.670,0.908,199.100,155.590,0.944,264.699,95.483,0.952,327.889,94.803,0.919
70.715,199.738,0.922,115.956,194.013,0.851,153.414,145.880,0.889,199.374,156.860,0.915,259.233,96.711,0.910,324.419,88.365,0.924
72.433,202.921,0.967,120.630,194.779,0.878,154.264,148.361,0.889,207.460,157.557,0.916,264.826,101.747,0.980,324.451,90.734,0.909
72.583,205.535,0.931,118.549,193.706,0.957,152.973,148.681,0.967,201.485,155.896,0.908,260.821,97.889,0.882,322.144,86.440,0.961
76.616,206.378,0.954,121.025,199.468,1.000,152.719,153.668,0.901,208.416,157.038,0.877,260.467,94.791,0.967,321.458,88.816,0.953
75.109,209.781,0.926,126.047,197.972,0.969,153.148,152.354,0.933,206.127,158.885,0.907,254.689,101.580,0.912,322.725,85.526,0.896
74.708,205.918,0.982,131.361,198.264,0.880,145.874,157.980,0.959,209.227,159.506,0.864,254.414,101.352,0.927,321.056,83.249,0.881
80.710,213.357,0.893,133.754,197.299,0.954,152.719,158.217,0.938,211.411,160.128,0.990,252.895,103.630,0.923,317.192,83.944,0.946
79.030,212.876,0.975,133.068,200.900,0.888,150.342,160.178,0.879,214.466,161.626,0.905,251.882,99.063,0.961,316.020,86.521,0.951
82.651,219.236,0.919,137.301,198.687,0.931,150.851,157.615,0.957,213.387,157.134,0.925,247.799,103.032,0.941,314.526,82.846,0.890
85.071,213.803,0.942,134.710,197.924,0.895,153.274,160.740,0.922,215.785,160.051,0.931,249.494,105.755,0.920,314.209,82.090,0.874
82.909,215.305,0.919,140.187,203.298,0.926,150.074,162.992,0.898,224.708,157.303,0.905,243.022,103.369,0.915,311.214,79.603,0.917
90.969,216.857,0.956,144.621,194.452,0.943,148.627,162.091,0.924,221.359,159.630,0.965,241.729,103.177,0.882,313.252,78.158,0.911
94.016,221.634,0.904,148.083,199.026,0.875,152.068,163.050,0.959,224.269,157.498,0.912,242.026,105.023,0.855,312.293,79.714,0.935
96.108,216.681,0.923,147.044,199.305,0.920,153.036,168.245,0.935,227.719,158.156,0.952,239.483,105.640,0.892,308.392,84.805,0.902
99.369,219.889,0.976,151.139,199.783,0.931,152.755,162.284,0.887,227.739,158.671,0.925,234.910,106.007,0.972,307.526,81.114,0.849
100.207,221.677,0.942,155.304,200.307,0.942,152.023,168.762,0.866,231.774,156.123,0.949,237.033,107.990,0.924,304.499,83.120,0.892
106.030,219.649,0.931,158.417,196.971,0.940,154.825,170.271,0.911,234.245,156.842,0.896,237.056,107.975,0.895,302.836,78.863,0.910
111.893,215.833,0.921,160.603,196.482,0.945,157.157,171.321,0.883,236.791,154.592,0.929,233.522,107.185,0.908,302.317,80.564,0.891
111.452,217.726,0.886,160.287,194.719,0.891,155.251,173.175,0.947,237.950,158.387,0.905,229.157,110.194,0.866,300.198,82.209,0.930
113.549,216.655,0.947,162.864,193.502,0.917,159.632,171.847,0.932,236.999,158.276,0.951,233.191,111.867,0.909,296.294,79.292,0.905
116.000,215.025,0.949,160.563,194.122,0.931,161.578,176.855,0.871,242.647,150.060,0.922,235.306,111.227,0.898,293.724,81.223,0.904
123.678,212.834,0.951,165.804,189.080,0.944,163.571,176.559,0.920,242.593,152.291,0.939,231.027,112.553,0.910,292.999,77.949,0.976
119.142,214.253,0.922,166.963,187.668,0.896,162.982,175.072,0.910,245.452,152.788,0.879,231.048,114.350,0.949,293.650,81.463,0.936
125.507,211.720,0.948,167.492,185.976,0.937,170.092,180.845,0.951,246.039,147.385,0.922,232.022,115.074,0.923,293.868,80.290,0.902
125.739,211.479,0.920,169.860,185.199,0.945,167.840,177.436,0.894,243.492,149.030,0.892,227.778,115.402,0.944,293.090,81.788,0.875
130.772,209.397,0.905,167.991,182.091,0.946,172.745,179.078,0.912,247.621,150.246,0.912,230.724,120.499,0.965,286.339,81.037,0.906
130.666,204.089,0.940,171.317,179.765,0.934,173.196,181.542,0.966,249.304,147.125,0.905,229.352,119.802,0.915,283.858,80.026,0.975
128.668,202.453,0.923,172.224,179.919,0.877,172.468,180.650,0.938,249.434,146.341,0.933,230.404,123.333,0.910,282.784,81.490,0.937
126.242,205.124,0.926,167.465,176.531,0.922,179.567,176.024,0.880,247.017,143.254,0.924,228.402,123.748,0.921,283.635,81.874,0.895
132.337,195.082,0.964,168.820,175.125,0.888,180.113,180.312,0.980,248.550,142.437,0.935,228.232,124.315,0.933,280.089,83.703,0.933
132.218,199.956,0.929,167.603,172.989,0.894,187.823,181.848,0.865,250.767,143.782,0.875,229.293,127.919,0.909,279.250,85.776,0.952
126.589,198.490,0.956,162.763,175.026,0.919,184.993,177.233,0.899,248.746,140.335,0.895,234.785,125.388,0.941,277.627,84.991,0.923
129.465,193.301,0.952,165.629,168.690,0.934,187.317,176.650,0.950,246.108,140.179,0.864,231.680,126.699,0.960,276.541,87.042,0.890
125.236,192.474,0.887,164.616,167.856,0.873,188.776,179.665,0.929,250.865,134.291,0.947,231.503,130.547,0.935,276.040,86.576,0.907
123.848,195.555,0.943,165.787,167.798,0.973,194.972,173.700,0.890,249.842,136.487,0.902,231.923,129.364,0.908,274.014,87.468,0.864
120.460,185.982,0.920,160.818,165.231,0.927,194.658,177.190,0.894,248.431,134.529,0.903,232.611,130.748,0.919,277.700,91.230,0.926
123.557,188.301,0.934,161.317,167.261,0.947,193.106,176.169,0.922,246.419,134.637,0.923,233.217,131.783,0.954,273.830,91.947,0.912
120.001,185.754,0.898,156.984,162.868,0.947,200.709,176.061,0.887,246.008,132.116,0.979,235.812,131.352,0.956,274.891,88.855,0.891
117.996,182.197,0.937,158.030,162.617,0.913,198.960,173.304,0.900,246.801,132.358,0.919,241.380,136.950,0.923,269.474,90.604,0.958
117.267,184.140,0.960,151.899,158.767,0.945,206.100,167.482,0.900,245.704,127.774,0.908,244.222,134.333,0.941,268.474,93.234,0.891
112.890,182.623,0.904,148.323,160.047,0.920,206.202,173.885,0.869,243.138,125.936,0.889,238.614,132.179,0.943,267.859,94.354,0.968
109.778,179.284,0.935,143.802,160.050,0.923,206.749,168.867,0.943,243.522,125.096,0.956,243.760,136.190,0.952,270.228,95.636,0.910
107.063,182.324,0.940,144.827,160.033,0.891,204.764,168.938,0.879,237.805,130.181,0.952,247.984,135.404,0.843,269.269,97.993,0.947
100.322,178.522,0.906,143.435,158.835,0.885,209.387,167.008,0.918,239.992,125.026,0.890,248.317,138.005,0.922,268.278,95.821,0.943
99.235,179.280,0.939,141.268,162.981,0.937,204.974,160.584,0.892,239.425,123.612,0.976,246.688,135.963,0.879,269.847,97.800,0.939
93.744,180.036,0.938,135.306,161.148,0.908,206.483,159.842,0.909,235.349,122.798,0.924,251.392,138.169,0.886,266.792,99.111,0.909
91.244,183.342,0.913,136.397,162.071,0.882,209.245,159.656,0.912,236.051,120.854,0.936,252.831,139.164,0.919,269.926,101.590,0.899
89.815,183.021,0.905,129.001,159.671,0.948,210.444,155.308,0.893,230.364,118.665,0.849,251.619,140.887,0.905,269.588,100.160,0.921
89.180,182.939,0.944,129.644,162.828,0.979,210.811,157.707,0.898,228.893,119.410,0.880,252.931,141.714,0.884,269.023,103.728,0.986
88.363,181.439,0.899,128.596,158.060,0.943,209.493,156.326,0.934,223.441,117.677,0.899,260.426,138.215,0.929,265.491,107.061,0.882
79.431,185.313,0.893,120.984,160.916,0.863,207.752,152.148,0.848,221.802,120.247,0.933,255.854,140.167,0.886,271.311,104.687,0.977
79.496,180.900,0.943,121.774,163.548,0.921,207.689,153.705,0.965,223.824,119.599,0.975,261.723,142.764,0.917,272.460,108.188,0.901
76.776,184.169,0.902,119.577,163.213,0.938,210.506,152.833,0.912,222.481,119.279,0.896,263.759,138.575,0.915,273.056,109.131,0.886
75.985,189.582,0.914,115.236,164.960,0.946,204.205,150.834,0.901,220.842,122.103,0.904,263.692,142.238,0.960,271.837,108.595,0.838
74.373,190.819,0.933,116.011,168.331,0.904,202.193,147.872,0.920,215.084,118.478,0.970,268.105,136.600,0.953,273.408,111.537,0.913
72.496,194.140,0.937,113.782,168.928,0.896,203.523,148.332,0.873,216.438,120.920,0.958,270.527,134.282,0.892,274.101,114.398,0.892
68.700,196.130,0.960,114.896,170.302,0.913,206.357,148.318,0.957,211.676,120.411,0.943,272.239,136.560,0.915,275.316,112.606,0.909
70.600,194.700,0.929,113.348,172.875,0.945,201.575,147.241,0.903,208.693,118.684,0.935,274.544,135.189,0.884,276.004,114.673,0.883
71.092,194.850,0.912,111.232,173.972,0.956,199.332,147.999,0.932,207.597,120.809,0.882,277.656,136.361,0.964,279.210,111.514,0.971
68.105,196.186,0.900,108.868,174.600,0.919,199.375,141.926,0.935,207.835,122.732,0.924,275.314,137.397,0.909,278.323,113.854,0.923
73.241,202.250,0.879,107.558,175.964,0.894,194.636,141.073,0.857,206.796,124.707,0.892,280.169,130.149,0.929,280.562,115.657,0.962
69.295,204.307,0.953,109.296,176.732,0.903,192.279,140.935,0.917,200.701,123.166,0.916,280.340,133.724,0.906,281.245,115.882,0.924
69.298,209.918,0.918,108.866,178.896,0.998,191.063,140.086,0.857,197.726,122.811,0.919,281.353,132.987,0.932,286.941,116.119,0.901
72.272,206.821,0.943,109.034,182.485,0.919,188.155,141.432,0.933,200.552,125.912,0.909,279.909,128.860,0.904,284.599,121.079,0.933
72.579,210.997,0.931,107.271,185.598,0.938,184.750,141.015,0.937,199.584,124.298,0.909,282.972,130.961,0.936,287.553,117.534,0.916
72.058,215.452,0.917,111.186,181.520,0.931,188.350,139.077,0.872,197.365,126.868,0.894,284.112,128.977,0.914,291.685,113.782,0.944
76.705,214.207,0.856,108.743,190.018,0.905,183.540,138.572,0.870,195.031,125.204,0.962,289.219,130.667,0.952,292.354,118.712,0.898
82.158,218.634,0.899,112.074,191.040,0.920,181.548,140.502,0.938,192.269,125.630,0.955,287.844,124.538,0.950,296.275,119.505,0.865
85.400,217.777,0.926,116.072,192.705,0.868,172.722,139.765,0.976,192.152,131.671,0.891,287.027,123.895,0.916,295.864,118.817,0.840
82.883,214.997,0.956,118.395,192.666,0.880,175.581,135.999,0.916,193.091,131.744,0.912,286.713,123.221,0.928,297.890,121.202,0.921
88.614,214.835,0.948,119.870,190.694,0.909,174.656,139.062,0.946,191.546,132.168,0.911,288.497,124.719,0.905,300.044,115.385,0.937
89.989,218.395,0.945,120.703,191.392,0.855,173.592,140.416,0.924,188.571,136.525,0.898,289.845,119.706,0.911,296.118,116.939,0.943
93.314,220.502,0.923,120.714,199.218,0.913,165.090,140.247,0.918,188.406,133.281,0.928,291.250,120.412,0.909,302.357,117.598,0.891
98.371,218.241,0.909,124.929,193.454,0.905,167.234,143.267,0.900,189.038,139.009,0.877,292.387,120.006,0.916,301.876,118.239,0.931
100.665,221.511,0.897,124.607,196.529,0.946,162.838,141.241,0.931,188.024,140.661,0.937,289.475,115.462,0.900,309.459,117.767,0.905
102.394,219.646,0.938,129.246,201.610,0.938,161.258,143.932,0.916,187.867,141.153,0.918,289.479,119.020,0.969,305.546,118.713,0.982
103.318,218.283,0.933,129.498,197.421,0.948,158.805,144.234,0.912,189.294,140.748,0.945,292.539,117.220,0.876,310.847,122.854,0.900
105.949,217.765,0.908,134.064,199.855,0.996,159.446,139.725,0.898,183.510,139.439,0.910,289.197,113.937,0.895,312.419,115.805,0.858
110.989,216.719,0.937,135.054,197.026,0.958,151.127,144.952,0.919,188.959,144.235,0.891,290.049,111.409,0.904,312.852,116.058,0.976
114.551,216.041,0.866,139.659,199.949,0.971,155.172,144.364,0.884,191.686,142.263,0.935,285.499,108.728,0.882,313.431,113.501,0.873
117.532,214.807,0.931,144.422,200.639,0.920,154.010,149.567,0.954,188.115,148.060,0.899,284.647,109.495,0.923,314.298,119.266,0.923
120.519,214.796,0.888,146.640,195.627,0.893,152.386,146.141,0.893,190.265,149.398,0.891,284.328,111.435,0.934,317.216,117.558,0.911
123.123,209.656,0.935,148.796,196.756,0.920,148.573,149.908,0.875,197.428,149.357,0.894,282.389,107.567,0.894,315.789,109.652,0.941
118.323,209.560,0.894,147.381,197.421,0.905,150.814,151.539,0.934,194.570,149.721,0.905,282.004,105.163,0.982,319.392,112.931,0.902
126.635,206.735,0.902,154.372,199.769,0.969,147.950,154.743,0.924,196.326,151.856,0.911,279.516,104.269,0.896,321.011,114.582,0.904
124.147,203.382,0.894,152.112,194.985,0.847,149.474,153.362,0.894,195.406,148.945,0.942,283.758,103.675,0.907,322.200,114.764,0.911
129.584,204.823,0.922,156.323,195.002,0.940,148.808,157.712,0.894,200.868,155.053,0.958,277.903,107.796,0.952,317.417,108.865,0.940
128.831,197.558,0.950,160.311,194.053,0.904,147.659,160.292,0.922,200.447,155.503,0.881,279.047,104.502,0.949,324.985,109.645,0.915
129.898,198.005,0.914,158.583,193.675,0.944,148.443,161.587,0.904,204.413,155.248,0.916,275.010,101.909,0.897,325.214,109.337,0.941
127.709,197.482,0.929,161.744,189.549,0.903,148.186,160.539,0.945,205.834,157.436,0.879,274.324,101.041,0.891,326.938,110.288,0.953
129.180,193.330,0.944,165.100,186.140,0.942,152.475,162.485,0.965,207.368,158.324,0.961,270.274,103.715,0.944,326.521,102.999,0.897
124.378,194.499,0.888,166.840,186.220,0.937,147.753,170.659,0.941,209.674,159.084,0.896,272.311,99.659,0.946,327.640,104.800,0.942
129.479,194.496,0.958,165.646,183.325,0.878,148.273,170.993,0.910,210.186,160.418,0.997,266.132,98.194,0.880,328.644,102.622,0.905
125.490,190.208,0.955,168.380,183.126,0.880,153.758,169.317,0.925,207.606,160.130,0.910,269.296,97.370,0.911,330.399,103.248,0.963
119.537,186.305,0.916,168.597,181.554,0.885,154.245,170.241,0.953,213.056,156.107,0.929,263.506,99.578,0.959,329.163,101.874,0.950
125.116,188.831,0.923,166.085,178.673,0.876,152.626,171.318,0.886,219.696,161.552,0.917,264.009,99.575,0.915,327.820,99.296,0.913
124.359,186.478,0.888,170.917,177.737,0.915,156.361,171.646,0.943,216.389,157.972,0.903,257.869,103.300,0.936,330.566,96.019,0.966
117.022,181.286,0.905,171.561,177.340,0.939,157.953,175.918,0.938,220.004,156.518,0.906,257.273,97.856,0.935,329.858,93.393,0.938
118.748,184.034,0.898,168.976,176.052,0.927,155.565,171.085,0.924,223.701,154.677,0.872,259.402,98.517,0.979,327.303,94.211,0.969
112.178,181.339,0.961,167.182,173.047,0.921,164.786,174.794,0.864,225.480,156.106,0.933,254.626,96.388,0.915,326.698,97.863,0.952
106.336,180.487,0.913,164.565,173.375,0.906,161.623,178.530,0.903,220.962,163.020,0.890,254.138,96.648,0.911,329.129,96.791,0.947
107.210,178.908,0.899,164.310,170.073,0.947,166.791,177.589,0.912,233.021,156.886,0.936,253.224,99.912,0.871,329.072,95.978,0.970
105.534,177.915,0.920,165.542,166.263,0.902,169.966,181.060,0.916,233.355,159.087,0.928,248.759,96.686,0.935,327.846,91.956,0.899
102.036,177.036,0.893,163.332,164.205,0.945,175.748,176.790,0.874,227.912,157.992,0.887,247.686,99.845,0.913,328.419,91.171,0.941
98.829,178.599,0.850,160.764,167.925,0.922,175.346,179.299,0.891,237.002,157.130,0.895,242.803,99.299,0.889,324.065,87.744,0.872
96.068,177.417,0.902,157.860,158.940,0.901,176.440,176.616,0.886,237.659,154.695,0.955,243.423,100.749,0.876,326.883,91.689,0.941
92.795,178.098,0.972,154.163,161.840,0.963,178.781,177.527,0.895,239.144,153.531,0.876,240.035,101.921,0.951,323.427,86.027,0.909
88.886,180.539,0.976,154.715,160.463,0.919,183.807,183.791,0.937,237.021,151.148,0.924,240.449,102.518,0.878,322.500,87.943,0.927
85.172,179.698,0.918,154.169,160.466,0.907,185.413,180.152,0.891,240.690,150.127,0.878,239.012,102.814,0.908,325.581,84.508,0.944
83.034,178.501,0.948,150.530,160.498,0.915,184.949,180.530,0.918,240.391,150.889,0.940,236.573,103.335,0.923,321.702,84.895,1.000
80.218,180.442,0.921,150.174,158.860,0.926,186.951,176.324,0.876,240.987,148.595,0.906,236.711,103.100,0.951,318.295,83.218,0.916
77.864,185.471,0.881,144.564,158.815,0.907,194.186,176.567,0.942,240.741,147.970,0.877,236.007,101.317,0.896,316.502,81.251,0.933
74.032,188.373,0.936,140.818,160.390,0.949,189.471,172.447,0.928,241.107,144.775,0.897,232.097,108.158,0.942,316.073,79.141,0.937
73.166,186.624,0.974,137.748,160.379,0.936,194.975,174.223,0.917,245.901,146.743,0.902,232.683,110.450,0.864,318.762,78.285,0.882
72.694,187.723,0.920,136.914,159.219,0.962,197.914,173.844,0.894,247.354,144.996,0.947,234.398,106.617,0.995,312.306,78.418,0.905
71.712,189.559,0.873,134.024,158.735,0.885,195.898,175.420,0.888,246.999,146.017,0.878,230.010,112.705,0.935,313.839,80.362,0.927
69.828,192.891,0.957,133.966,157.828,0.920,201.833,173.660,0.964,244.626,144.061,0.917,231.332,113.163,0.853,313.453,77.966,0.962
68.765,194.357,0.894,131.804,159.344,0.894,198.080,173.640,0.898,247.946,140.085,0.908,227.710,113.863,0.906,309.196,77.463,0.909
69.699,201.263,0.882,128.004,160.486,0.958,202.474,174.506,0.966,247.352,140.324,0.951,228.616,114.780,0.926,311.480,77.428,0.921
70.084,198.165,0.902,122.149,162.506,0.901,203.745,166.833,0.949,246.445,139.743,0.941,228.778,115.551,0.940,306.403,81.588,0.893
69.968,200.289,0.888,120.719,162.617,0.932,203.757,162.034,0.926,248.894,136.014,0.876,229.906,117.778,0.954,304.345,77.553,0.907
65.589,203.708,0.941,119.815,158.948,0.920,205.597,166.475,0.913,246.484,132.586,0.952,226.779,118.626,0.926,299.745,76.161,0.950
68.979,206.830,0.955,116.100,164.939,0.902,207.791,166.216,0.908,246.931,130.655,0.943,225.682,117.365,0.878,299.742,81.206,0.886
72.416,205.727,0.873,114.792,165.195,0.898,208.771,161.479,0.863,246.921,133.055,0.910,226.901,120.126,0.945,297.926,79.064,0.956
73.450,206.918,0.910,114.905,170.439,0.962,208.923,161.146,0.893,245.225,129.764,0.843,230.957,123.038,0.887,296.294,76.492,0.992
75.478,210.233,0.949,116.995,169.576,0.904,208.355,158.712,0.927,248.882,131.189,0.938,232.572,122.342,0.915,293.833,75.904,0.946
76.712,212.159,0.915,108.235,173.697,0.900,206.171,157.910,0.898,242.039,129.585,0.937,230.235,126.781,0.898,292.280,77.983,0.901
76.586,213.124,0.972,114.123,165.507,0.915,209.023,158.878,0.900,242.799,126.666,0.902,231.316,128.001,0.937,289.856,78.030,0.908
83.167,218.250,0.934,108.332,177.117,0.941,207.537,157.760,0.926,239.384,123.887,0.956,232.000,124.716,0.939,288.662,82.690,0.927
80.626,216.924,0.916,111.027,176.425,0.895,207.714,153.843,0.962,236.315,125.898,0.905,231.043,125.380,0.894,287.188,79.327,0.913
88.103,219.252,0.927,107.962,179.253,0.873,208.588,150.923,0.962,241.164,123.761,0.876,236.865,129.745,0.888,284.149,79.185,0.910
89.019,219.682,0.946,103.763,181.792,0.887,204.173,150.397,0.883,234.659,121.950,0.962,233.367,131.273,0.928,286.491,78.775,0.943
89.129,214.834,0.923,106.606,181.776,0.913,204.203,149.071,0.929,233.849,118.830,0.905,232.367,129.898,0.924,279.826,81.718,0.874
94.373,216.863,0.886,110.386,180.216,0.925,206.353,145.802,0.903,233.048,121.184,0.909,236.660,132.881,0.853,283.309,81.454,0.921
100.697,217.930,0.904,112.866,185.542,0.907,200.526,146.243,0.894,232.282,121.407,0.944,236.210,130.096,0.885,278.109,84.180,0.922
100.238,218.332,0.906,112.410,184.146,0.939,200.026,140.514,0.931,229.804,117.053,0.922,238.684,132.052,0.888,278.703,80.106,0.983
102.084,218.318,0.970,114.380,186.707,0.954,195.232,143.495,0.980,226.330,121.027,0.890,240.456,132.808,0.926,274.536,84.949,0.988
106.950,215.521,0.902,113.652,190.452,0.973,196.053,144.173,0.926,225.975,118.845,0.916,241.982,136.847,0.946,273.851,86.302,0.936
108.812,217.506,0.879,112.846,190.155,0.934,195.797,140.074,0.935,220.635,116.364,0.905,244.404,134.702,0.922,275.203,84.671,0.852
110.734,213.604,0.925,117.918,192.021,0.851,189.650,138.790,0.889,223.813,121.046,0.932,245.392,136.588,0.861,273.261,88.112,0.960
116.733,215.655,0.920,118.164,192.779,0.925,193.398,140.496,0.905,217.413,119.164,0.907,247.403,137.751,0.892,271.959,86.350,0.924
119.884,215.809,0.912,122.942,195.378,0.953,188.367,138.927,0.902,215.284,114.909,0.923,250.601,139.041,0.920,272.521,88.044,0.954
119.394,212.132,0.928,123.590,195.322,0.940,182.948,142.181,0.881,211.001,117.372,0.932,248.082,136.315,0.902,270.490,89.803,0.887
123.510,210.563,0.910,127.967,197.631,0.909,183.576,138.535,0.879,207.482,118.908,0.867,250.714,137.754,0.889,270.575,91.232,0.952
123.388,212.723,0.915,125.197,193.875,0.924,180.816,139.033,0.886,211.680,120.766,0.966,254.664,137.908,0.838,269.422,92.374,0.895
125.377,206.579,0.944,130.954,200.472,0.908,179.275,138.206,0.904,211.939,120.159,0.932,259.093,141.039,0.913,272.060,89.372,0.932
126.938,203.014,0.965,134.308,199.021,0.905,173.009,137.168,0.889,206.656,123.432,0.899,261.064,135.574,0.930,269.543,98.272,0.901
130.480,200.506,0.928,135.252,196.400,0.934,177.679,136.840,0.945,199.710,123.428,0.919,258.558,138.644,0.896,266.891,99.668,0.851
128.989,199.219,0.918,140.126,201.149,0.913,172.604,138.276,0.907,200.427,120.451,0.880,261.778,135.652,0.892,265.378,99.109,0.926
126.129,198.930,0.918,142.644,196.669,0.882,164.509,136.895,0.925,199.976,122.342,0.933,262.024,139.548,0.913,271.161,96.631,0.943
128.983,194.718,0.900,144.750,198.811,0.915,167.542,137.656,0.871,197.526,122.651,0.894,266.334,135.135,0.900,269.686,96.917,0.933
127.007,195.832,0.910,145.288,195.721,0.884,164.196,141.072,0.847,196.131,123.574,0.933,267.986,140.424,0.937,267.980,101.234,0.900
125.694,190.731,0.878,150.529,196.633,0.903,161.696,140.503,0.908,195.587,124.375,0.914,272.313,135.946,0.887,268.965,104.882,0.934
123.811,187.678,0.924,154.454,199.167,0.917,156.869,144.403,0.897,191.788,125.460,0.952,272.334,136.011,0.944,267.482,103.272,0.952
124.001,186.928,0.917,151.995,195.160,0.934,158.626,145.593,0.873,190.413,127.645,0.953,275.155,137.701,0.872,268.314,105.250,0.928
122.213,187.109,0.956,159.093,192.630,0.924,153.808,145.396,0.894,193.808,133.271,0.910,273.927,134.645,0.898,270.601,104.858,0.827
119.542,184.187,0.860,158.150,188.924,0.917,155.146,142.545,0.901,191.284,128.440,0.979,279.192,132.926,0.897,273.209,101.933,0.928
115.333,184.216,0.969,158.436,190.932,0.898,151.125,144.605,0.966,186.722,128.558,0.924,278.597,134.128,0.926,270.781,107.174,0.908
112.250,182.879,0.935,166.299,186.850,0.918,154.515,151.630,0.929,187.976,130.748,0.934,278.918,132.628,0.921,275.925,111.236,0.933
113.276,184.700,0.931,164.032,186.142,0.930,153.541,147.484,0.914,189.554,138.615,0.903,279.759,131.957,0.936,275.519,112.110,0.923
110.567,183.497,0.911,165.851,187.119,0.934,150.527,148.935,0.914,186.535,137.652,0.952,282.299,127.247,0.926,270.936,106.579,0.925
111.635,179.803,0.896,170.560,189.472,0.832,149.889,150.879,0.919,190.517,136.677,0.858,282.817,125.944,0.954,276.587,107.809,0.900
103.868,180.340,0.873,170.594,185.541,0.895,147.529,153.038,0.907,192.401,139.063,0.945,284.399,129.824,0.972,275.435,113.089,0.914
103.156,178.575,0.929,167.828,180.827,0.979,147.417,158.956,0.945,186.826,138.568,0.923,283.421,124.549,0.919,276.509,108.978,0.929
100.357,176.677,0.875,169.879,181.354,0.925,149.222,157.949,0.938,185.997,143.538,0.903,289.118,127.262,0.942,277.453,113.714,0.884
94.698,179.948,0.987,169.750,176.471,0.913,149.036,157.063,0.943,188.610,137.228,0.917,287.333,121.506,0.977,282.933,113.802,0.902
91.861,175.345,0.937,166.790,174.447,0.953,146.623,157.398,0.956,192.003,146.364,0.874,286.110,126.059,0.899,279.175,115.018,0.923
87.804,185.177,0.885,165.508,176.139,0.933,150.329,162.115,0.928,193.386,143.997,0.851,288.762,122.906,0.935,279.932,115.923,0.930
89.272,178.640,0.929,167.114,173.292,0.892,147.455,165.194,0.912,191.987,147.342,0.935,286.686,122.103,0.906,287.003,113.203,0.928
79.896,179.535,0.898,164.899,172.263,0.935,151.355,159.682,0.985,193.687,148.531,0.967,286.446,117.036,0.947,288.877,118.286,0.968
80.190,181.265,0.889,166.324,170.113,0.889,149.506,162.707,0.883,194.757,149.962,0.922,289.127,116.988,0.895,286.562,115.736,0.896
80.587,182.078,0.919,161.595,168.523,0.955,154.295,166.560,0.899,191.788,150.650,0.891,284.598,117.606,0.917,291.482,116.723,0.961
75.372,180.269,0.876,162.351,166.005,0.906,154.650,168.243,0.897,196.383,152.339,0.936,292.003,115.124,0.953,289.963,117.576,0.945
72.459,189.326,0.933,154.842,164.165,0.912,153.152,170.230,0.968,197.076,150.418,0.859,289.609,114.407,0.886,294.161,118.655,0.915
72.346,186.084,0.956,158.206,162.141,0.935,157.640,172.089,0.961,199.945,153.973,0.948,286.480,110.535,0.930,296.891,116.979,0.924
71.498,187.529,0.940,155.643,162.980,0.960,161.600,171.442,0.917,199.845,155.296,0.906,285.275,108.557,0.928,298.042,118.312,0.937
70.443,190.282,0.898,154.542,158.401,0.911,160.245,173.286,0.940,205.721,153.977,0.890,284.010,110.939,0.936,294.644,117.793,0.945
69.048,194.464,0.906,149.020,161.768,0.947,159.229,175.177,0.869,204.653,153.552,0.927,285.295,107.702,0.895,300.167,116.833,0.929
69.483,198.226,0.925,150.517,159.293,0.937,163.052,177.955,0.967,207.759,155.454,0.874,282.555,107.160,0.929,298.325,118.335,0.930
69.700,198.375,0.935,143.940,159.448,0.923,169.490,178.060,0.874,206.485,158.254,0.955,282.635,106.528,0.943,306.709,119.298,0.919
65.748,203.574,0.945,146.757,157.448,0.923,168.728,179.916,0.946,211.069,160.888,0.919,281.655,103.546,0.942,305.507,120.821,0.910
67.685,204.502,0.946,141.846,159.272,0.950,170.444,178.301,0.958,211.459,157.709,0.957,279.720,106.108,0.897,304.180,117.022,0.892
70.985,203.794,0.917,135.937,156.887,0.914,169.243,177.406,0.907,215.497,156.054,0.932,279.179,103.682,0.977,308.024,117.752,0.901
71.337,203.894,0.918,134.901,158.046,0.951,174.268,178.233,0.923,216.647,159.164,0.878,276.330,103.586,0.890,308.750,115.511,0.910
72.244,209.665,0.952,133.269,159.249,0.952,178.728,179.884,0.919,220.156,158.429,0.951,272.932,102.674,0.911,310.452,116.451,0.909
74.820,209.689,0.896,132.974,154.977,0.926,180.054,179.579,0.972,217.729,156.821,0.875,271.676,102.575,0.931,314.422,115.824,0.906
77.345,211.874,0.909,129.775,158.086,0.948,182.408,174.077,0.905,222.831,154.905,0.874,272.394,97.508,0.986,320.007,114.530,0.970
75.935,213.840,0.892,123.901,158.899,0.911,182.686,175.848,0.846,226.411,158.097,0.956,271.272,99.672,0.936,318.241,114.602,0.928
77.627,214.332,0.886,122.454,160.749,0.935,185.799,177.664,0.925,228.192,159.079,0.921,269.243,100.055,0.920,316.376,114.692,0.918
80.397,214.406,0.918,121.146,163.285,0.941,191.059,179.007,0.882,233.452,155.684,0.947,267.799,101.996,0.970,319.272,109.195,0.901
89.209,214.124,0.915,118.763,165.475,0.902,195.287,178.692,0.939,228.925,154.427,0.924,262.937,96.361,0.883,317.846,114.843,0.890
86.304,219.634,0.887,114.185,164.151,0.854,190.529,176.454,0.922,236.100,153.175,0.976,263.188,97.037,0.936,319.623,111.646,0.945
90.967,218.476,0.951,116.156,169.587,0.931,196.002,176.960,0.916,234.802,152.339,0.916,260.657,94.473,0.897,322.888,107.412,0.934
94.156,218.890,0.905,111.385,168.468,0.896,200.948,173.138,0.904,234.139,156.048,0.908,261.527,97.864,0.877,325.644,108.318,0.918
99.715,216.398,0.902,110.592,168.370,0.925,197.994,167.933,0.904,237.150,153.602,0.894,258.025,100.129,0.894,327.118,109.169,0.929
97.302,218.912,0.904,108.703,166.737,0.926,201.995,170.997,0.898,242.175,149.482,0.904,254.389,91.921,0.917,323.546,107.970,0.968
103.791,215.304,0.895,108.038,169.342,0.908,202.573,167.685,0.930,239.493,146.965,0.924,248.708,95.301,0.902,328.689,103.761,0.902
109.321,215.194,0.904,108.464,175.856,0.970,206.284,173.700,0.864,240.113,147.877,0.917,250.579,100.325,0.945,327.970,102.660,0.932
112.044,218.940,0.944,106.265,175.239,0.865,205.902,168.330,0.869,242.242,144.704,0.911,248.830,103.286,0.952,329.937,102.639,0.934
113.420,218.949,0.957,106.265,176.526,0.919,204.548,162.957,0.916,246.595,143.355,0.946,247.624,101.811,0.932,326.980,100.422,0.946
114.703,215.489,0.953,108.604,178.344,0.937,204.938,161.303,0.911,241.419,144.066,0.917,248.179,98.704,0.916,326.706,102.586,0.920
121.170,208.688,0.940,108.945,179.750,0.909,204.018,161.079,0.931,244.815,144.730,0.931,247.092,94.689,0.936,324.303,101.390,0.895
116.521,212.119,0.930,110.250,182.104,0.944,207.949,157.180,0.897,246.164,139.452,0.904,243.852,99.918,0.913,326.326,96.389,0.931
123.793,207.226,0.927,109.175,183.377,0.940,207.379,159.813,0.869,249.051,138.594,0.904,241.013,99.678,0.954,325.252,96.742,0.922
124.548,208.964,0.943,107.791,188.813,0.902,206.900,156.536,0.891,253.683,138.331,0.925,243.997,103.889,0.966,329.816,97.222,0.901
126.129,208.575,0.927,110.455,185.409,0.935,208.058,154.609,0.883,251.835,135.222,0.968,241.680,102.068,0.935,323.911,94.593,0.898
126.594,203.487,0.938,113.262,187.902,0.897,208.748,153.377,0.893,243.357,135.876,0.887,237.021,100.475,0.867,328.279,92.579,0.887
127.275,198.125,0.918,114.269,190.100,0.925,205.962,154.788,0.892,247.279,137.497,0.938,238.014,105.220,0.905,322.750,89.302,0.901
129.207,199.016,0.916,116.377,191.015,0.927,202.684,149.490,0.875,246.948,133.644,0.853,231.121,107.168,0.964,326.841,93.276,0.937
125.194,195.352,0.940,118.789,195.047,0.925,206.864,149.664,0.899,250.027,133.458,0.943,236.081,110.722,0.916,325.296,87.581,0.914
124.832,195.223,0.900,119.855,191.217,0.866,202.816,150.058,0.920,246.284,131.057,0.957,229.062,106.560,0.935,324.630,89.857,0.933
127.149,192.416,0.982,123.052,196.176,0.870,201.163,149.867,0.969,244.608,126.584,0.929,227.906,109.269,0.874,325.433,86.791,0.913
126.106,194.309,0.856,121.654,196.861,0.917,200.029,142.827,0.921,243.845,131.020,0.945,229.451,109.633,0.887,319.521,84.193,0.902
125.193,184.764,0.854,130.209,198.936,0.934,199.199,143.294,0.942,242.211,126.705,0.948,226.901,112.229,0.956,320.332,84.113,0.891
126.611,186.087,0.895,128.278,195.403,0.886,197.417,143.493,0.924,240.857,124.215,0.887,228.556,112.264,0.954,321.010,81.585,0.922
120.552,184.844,0.934,134.947,195.287,0.936,197.445,145.355,0.941,240.741,127.041,0.916,227.835,113.132,0.898,316.714,81.887,0.970
121.227,182.648,0.886,141.177,198.141,0.898,193.994,143.123,0.913,240.696,119.684,0.917,225.380,112.728,0.889,316.273,81.118,0.902
118.263,182.303,0.953,140.716,199.255,0.902,192.762,137.244,0.911,239.825,125.256,0.937,226.057,119.848,0.925,314.055,78.683,0.872
119.777,181.986,0.930,139.873,197.224,0.931,187.159,136.507,0.934,234.686,120.845,0.924,227.850,117.142,0.898,313.897,79.919,0.868
109.596,183.773,0.912,145.088,196.466,0.918,187.542,140.966,0.928,232.140,124.600,0.926,224.804,119.087,0.929,310.177,77.343,0.907
108.500,179.079,0.876,145.946,198.382,0.879,182.651,134.103,0.927,230.589,118.341,0.870,230.038,120.296,0.900,308.779,80.220,0.921
105.737,174.516,0.970,147.578,195.774,0.963,181.167,135.416,0.915,231.937,116.503,0.926,227.682,123.711,0.937,310.280,76.962,0.916
106.249,177.485,0.946,153.456,194.646,0.922,180.542,141.595,0.948,225.747,118.754,0.908,229.909,122.761,0.901,306.954,80.192,0.914
98.856,176.620,0.913,157.307,192.682,0.903,176.495,137.809,0.909,227.260,119.196,0.950,228.142,125.557,0.906,304.965,80.064,0.929
100.666,179.253,0.958,156.561,192.384,0.945,176.854,135.384,0.908,219.397,119.750,0.887,230.074,123.363,0.962,304.306,75.477,0.907
97.401,176.937,0.897,160.725,193.507,0.961,171.356,139.050,0.945,222.776,117.938,0.978,230.289,123.739,0.932,304.292,76.145,0.940
92.825,180.284,0.904,158.379,189.225,0.914,167.675,136.870,0.908,220.387,114.967,0.951,232.814,130.158,0.933,299.101,76.397,0.932
88.925,175.442,0.900,161.585,189.356,0.881,169.707,140.128,0.950,217.989,119.347,0.933,230.837,129.047,0.918,300.358,75.511,0.887
81.997,174.436,0.966,165.222,186.613,0.945,164.978,138.986,0.918,216.286,116.826,0.897,228.146,127.990,0.914,297.430,77.431,0.958
82.666,181.077,0.964,162.680,183.424,0.918,163.801,137.358,1.000,215.244,116.991,0.951,236.422,131.831,0.912,297.855,81.752,0.922
76.797,183.532,0.908,163.857,184.052,0.907,161.797,141.102,0.893,205.845,120.591,0.940,237.020,131.442,0.930,294.623,75.974,0.878
76.483,181.133,0.935,164.477,180.439,0.949,158.719,141.793,0.918,205.377,119.445,0.944,238.891,134.242,0.930,293.926,77.863,0.945
75.384,184.897,0.940,166.386,183.144,0.847,162.647,141.099,0.861,209.011,120.070,0.949,238.443,135.177,0.913,291.545,77.374,0.960
72.374,184.980,0.905,164.331,178.149,0.870,158.753,140.078,0.960,205.468,115.681,0.873,236.357,136.864,1.000,288.926,79.652,0.914
73.173,191.354,0.925,169.694,176.239,0.885,152.633,142.896,0.973,201.190,116.698,0.916,243.035,134.088,0.922,286.932,81.450,0.912
69.578,191.108,0.948,162.888,176.469,0.927,152.317,145.215,0.943,199.283,122.812,0.901,246.118,135.308,0.938,283.473,80.408,0.925
65.604,191.636,0.898,165.254,172.721,0.820,150.400,147.244,0.924,197.211,121.669,0.924,243.304,134.838,0.891,278.624,81.086,0.908
65.759,193.436,0.933,168.507,171.672,0.896,150.468,145.325,0.892,198.963,121.863,0.868,250.012,136.230,0.891,281.420,79.736,0.927
64.830,198.318,0.887,163.487,172.584,0.911,150.704,151.016,0.948,196.436,121.695,0.963,250.194,136.028,0.932,278.846,80.164,0.900
66.571,197.571,0.908,167.572,172.099,0.889,148.072,152.199,0.888,194.168,121.782,0.869,251.686,137.466,0.887,280.307,83.137,0.921
69.854,199.729,0.940,161.478,163.863,0.920,147.737,151.161,0.905,190.032,124.934,0.915,254.020,142.694,0.887,276.490,83.681,0.929
68.852,201.562,0.892,161.895,166.696,0.907,149.828,153.880,0.872,192.010,130.512,0.918,257.317,139.243,0.911,276.709,84.450,0.871
69.322,204.360,0.944,159.271,162.602,0.903,146.277,158.899,0.933,188.788,127.775,0.944,256.502,137.330,0.903,280.896,84.442,0.937
67.188,210.120,0.926,159.799,162.383,0.888,146.831,156.238,0.925,190.729,127.636,0.930,259.286,136.721,0.905,270.865,83.909,0.956
75.914,206.619,0.910,155.290,161.124,0.905,149.886,161.231,0.983,190.422,131.974,0.968,262.559,137.235,0.945,269.468,87.621,0.903
72.819,210.470,0.906,152.646,162.774,0.932,146.228,161.991,0.922,189.220,132.449,0.964,266.292,136.045,0.907,274.744,88.901,0.919
79.676,208.666,0.937,151.936,157.549,0.982,146.201,160.403,0.927,186.814,136.042,0.934,267.247,135.502,0.937,267.311,87.727,0.933
75.319,212.649,0.950,149.992,159.245,0.917,149.338,164.458,0.933,185.071,139.226,0.965,267.910,139.951,0.880,267.629,88.483,0.908
78.349,209.968,0.935,142.885,156.097,0.970,151.128,166.849,0.906,188.218,135.187,0.863,268.394,133.890,0.944,269.436,90.806,0.920
87.308,217.578,0.902,142.588,160.192,0.860,150.145,169.068,0.929,187.272,135.245,0.938,272.466,135.263,0.933,269.979,90.658,0.936
82.747,217.345,0.924,144.067,158.703,0.939,155.277,168.511,0.946,185.501,135.412,0.925,271.295,138.841,0.920,268.661,93.865,0.896
88.656,216.317,0.985,137.767,155.950,0.965,151.633,170.991,0.914,188.614,143.515,0.950,275.447,138.997,0.968,268.294,90.504,0.914
90.166,214.219,0.892,136.411,156.912,0.919,154.757,171.767,0.893,187.897,140.934,0.924,276.595,133.445,0.897,269.972,93.620,0.930
92.308,221.339,0.919,132.247,156.393,0.926,157.972,170.317,0.917,187.718,145.341,0.916,278.512,131.916,0.920,265.172,95.717,0.957
101.383,220.808,0.966,131.208,158.685,0.884,161.462,172.344,0.862,189.911,144.734,0.913,279.336,133.096,0.910,269.658,96.274,0.921
98.179,214.724,0.899,124.133,156.992,0.921,161.278,176.054,0.994,188.644,144.390,0.939,279.768,128.943,0.928,269.789,93.343,0.905
105.074,215.212,0.847,124.066,161.232,0.903,165.720,174.572,0.943,190.502,141.893,0.918,282.770,126.290,0.881,266.471,98.201,0.893
108.512,214.745,0.914,122.209,158.705,0.968,165.489,175.391,0.931,192.605,150.149,0.929,281.666,125.419,0.961,268.455,103.191,0.889
107.202,214.142,0.932,121.981,160.130,1.000,164.887,176.006,0.898,193.482,151.179,0.860,284.017,125.958,0.970,267.986,101.776,0.936
108.220,213.608,0.927,114.417,161.353,0.892,170.192,178.499,0.868,196.763,149.577,0.901,285.920,123.934,0.901,267.775,103.300,0.947
111.077,213.658,0.903,113.084,162.575,0.889,172.569,174.330,0.954,196.322,151.636,0.943,282.591,128.465,0.908,267.870,104.827,0.966
115.470,209.461,0.916,115.360,161.560,0.942,176.456,177.934,0.940,197.476,148.371,0.849,284.859,123.583,0.959,271.596,103.897,0.876
119.726,212.347,0.946,113.349,169.466,0.917,175.825,176.796,0.900,201.783,156.251,0.880,283.504,121.770,0.933,265.923,108.508,0.956
121.918,208.571,0.919,110.625,165.749,0.938,178.216,175.756,0.912,202.291,151.590,0.900,284.132,121.788,0.938,267.769,107.090,0.910
122.570,206.910,0.919,109.843,169.912,0.961,180.428,178.114,0.925,207.192,154.063,0.906,287.131,117.280,0.919,269.700,109.857,0.939
124.154,207.902,0.907,112.039,169.758,0.871,185.720,179.976,0.880,203.712,154.113,0.891,287.169,115.379,0.914,273.870,114.102,0.888
127.429,205.581,0.928,106.931,169.236,0.936,188.055,175.794,0.910,208.958,156.301,0.874,287.544,116.433,0.895,277.297,114.553,0.908
127.821,201.256,0.934,105.422,174.232,0.947,188.567,173.922,0.942,210.378,159.190,1.000,283.813,112.498,0.899,277.288,110.986,0.930
127.524,198.202,0.912,109.971,174.438,0.953,189.045,175.062,1.000,206.595,157.108,0.949,286.047,111.254,0.845,279.940,109.948,0.905
125.688,197.756,0.893,107.060,175.687,0.893,191.572,174.920,0.936,217.571,158.767,0.938,285.801,111.188,0.912,277.153,109.983,0.933
128.303,194.248,0.914,107.562,179.703,0.877,195.876,173.947,0.904,217.973,157.323,0.989,289.265,111.605,0.937,277.110,110.391,0.892
126.610,194.922,0.889,106.953,181.188,0.918,194.478,172.228,0.870,218.100,160.020,0.954,286.056,109.193,0.905,278.627,112.835,0.889
123.930,188.137,0.933,107.159,183.005,0.931,198.159,171.608,0.908,218.998,156.146,0.962,280.781,106.172,0.904,281.460,115.237,0.936
123.138,187.839,0.934,108.502,187.267,0.911,199.466,170.594,0.909,225.791,156.128,0.955,278.649,106.862,0.957,284.911,117.174,0.942
125.314,185.996,0.907,109.317,188.226,0.868,199.143,169.495,0.882,225.541,155.077,0.948,282.556,104.838,0.896,285.066,120.949,0.930
124.828,184.623,0.923,113.681,185.504,0.886,201.654,165.805,0.907,224.217,154.069,0.952,283.292,102.902,0.914,289.886,120.007,0.897
118.093,183.549,0.903,114.545,190.273,0.996,201.710,167.844,0.939,225.874,154.410,0.879,280.701,100.273,0.909,288.138,112.916,0.913
112.767,181.105,0.880,115.232,192.694,0.946,205.383,161.813,0.909,229.771,156.869,0.946,277.722,102.248,0.883,289.114,120.018,0.902
115.648,178.113,0.927,115.009,192.432,0.871,205.495,160.788,0.910,231.774,153.690,0.929,277.274,103.792,0.914,291.178,115.455,0.909
110.024,179.475,0.989,121.656,198.008,0.875,208.818,159.794,0.945,235.580,154.720,0.889,279.284,99.830,0.978,294.093,118.651,0.911
110.489,180.376,0.887,120.056,194.907,0.918,207.007,162.079,0.932,237.417,149.954,0.995,272.549,102.595,0.891,293.026,117.615,0.877
105.331,173.400,0.922,125.966,196.782,0.946,209.390,155.717,0.952,235.023,151.027,0.891,274.651,97.315,0.913,294.170,119.611,0.928
107.500,177.499,0.949,128.603,194.192,0.912,208.722,157.497,0.959,243.164,149.655,0.922,272.546,100.409,0.892,298.537,114.031,0.914
100.155,177.268,0.923,132.647,199.786,0.946,203.435,152.886,0.896,245.312,147.106,0.916,268.943,97.915,0.945,306.212,115.355,0.939
98.592,178.788,0.995,128.039,198.974,0.971,207.669,153.763,0.910,241.694,147.076,0.918,267.938,96.195,0.923,305.872,116.070,0.891
91.211,175.733,0.942,132.172,194.487,0.943,206.812,154.487,0.987,245.449,147.316,0.914,267.196,96.954,0.882,303.611,114.654,0.909
84.892,177.237,0.908,138.166,192.385,0.921,203.380,147.039,0.878,241.788,144.290,0.971,263.826,98.401,0.896,307.121,114.384,0.840
87.760,178.964,1.000,140.032,197.971,0.873,205.162,147.833,0.932,241.735,142.467,0.938,261.315,95.696,0.893,304.666,113.711,0.947
85.072,177.618,0.909,145.024,194.834,0.912,203.707,145.809,0.948,248.586,136.758,0.921,260.771,97.538,0.932,311.347,112.129,0.936
83.182,178.862,0.904,144.924,194.559,0.888,205.642,144.156,0.861,244.193,138.461,0.937,258.992,94.923,0.952,314.225,113.812,0.945
77.992,179.922,0.957,148.892,194.437,0.905,198.157,144.185,0.925,245.231,141.319,0.927,257.706,94.504,0.919,317.025,113.135,0.864
74.067,179.190,0.941,149.613,195.793,0.911,197.286,145.293,0.924,244.054,140.641,0.916,252.794,99.577,0.890,311.646,114.274,0.953
71.220,184.500,0.936,152.986,193.033,0.981,199.194,142.764,0.907,248.480,136.408,0.913,250.566,98.036,0.874,314.899,110.462,0.958
73.542,185.785,0.897,149.355,191.451,0.910,192.929,140.687,0.913,245.363,137.837,0.924,251.476,98.541,0.942,316.894,112.234,0.932
72.138,186.842,0.954,158.224,190.840,0.924,193.438,138.834,0.900,247.452,134.176,0.887,247.236,96.910,0.858,322.656,109.315,0.952
67.531,186.815,0.915,160.400,190.926,0.885,193.771,134.183,0.908,248.777,133.562,0.928,242.715,96.822,0.882,317.806,109.814,0.897
67.093,191.232,0.949,164.132,187.428,0.944,190.364,139.521,0.911,247.068,133.456,0.859,244.809,99.896,0.906,316.913,109.586,0.915
65.871,192.934,0.905,160.741,188.288,0.936,188.824,137.329,0.932,243.786,128.796,0.950,244.714,100.445,0.867,320.803,111.031,0.967
63.037,193.477,0.907,163.104,183.975,0.871,185.274,133.046,0.880,247.201,125.730,0.918,240.467,100.130,0.918,321.188,106.073,0.877
67.053,193.742,0.944,165.250,180.706,0.933,182.768,138.093,0.906,243.443,127.017,0.908,240.675,101.223,0.938,322.636,107.683,0.915
68.502,199.639,0.926,165.176,179.424,0.937,181.100,137.897,0.898,241.561,126.529,0.924,235.387,101.237,0.925,326.746,105.537,0.890
66.846,200.791,0.922,163.191,182.442,0.886,178.070,133.995,0.872,239.889,122.760,0.896,236.014,104.066,0.924,327.040,103.465,0.916
65.252,204.219,0.922,169.285,177.425,0.943,175.216,135.198,0.998,239.756,121.394,0.888,233.357,102.748,0.878,321.060,101.146,0.928
68.817,202.371,0.904,163.023,176.913,0.924,170.261,135.890,1.000,236.950,121.295,0.920,233.516,103.955,0.875,324.855,99.087,0.935
73.359,201.594,0.921,163.734,175.435,0.914,167.236,136.095,0.905,238.148,119.894,0.959,237.060,105.751,0.940,325.722,100.599,0.900
76.592,209.030,0.961,164.930,174.685,0.941,165.848,139.189,0.952,232.834,119.720,0.938,233.236,108.041,0.909,326.692,94.867,0.921
74.838,209.577,0.965,164.468,170.752,0.900,163.141,136.941,0.925,230.176,120.406,0.961,230.126,106.941,0.966,325.953,97.289,0.922
74.934,209.018,0.937,165.804,170.801,0.924,160.256,138.009,0.882,229.895,117.856,0.905,230.262,103.234,0.908,325.925,97.203,0.928
74.973,211.710,0.917,162.896,167.273,0.891,159.846,140.728,0.939,229.689,120.638,0.953,227.369,109.048,0.951,323.989,95.685,0.890
78.477,213.085,0.922,163.261,167.296,0.899,159.384,140.970,0.946,224.657,114.328,0.905,228.466,113.129,0.910,323.076,95.480,0.977
84.180,213.211,0.900,160.711,164.995,0.921,154.847,142.706,0.931,222.788,119.239,0.946,227.968,113.933,0.912,327.191,93.564,0.905
87.733,216.921,0.943,156.994,164.042,0.923,154.085,138.218,0.889,221.557,117.856,0.845,232.380,110.594,0.920,326.440,93.065,0.932
90.819,212.636,0.945,158.712,164.028,0.897,154.458,145.455,0.927,218.937,117.918,0.958,225.823,111.102,0.902,326.677,91.981,0.879
92.873,212.525,0.953,156.321,158.661,0.925,149.544,143.247,0.924,219.453,118.441,0.925,221.890,115.806,0.877,325.943,89.340,0.921
93.440,212.050,0.934,148.984,158.423,0.919,148.505,145.117,0.911,217.396,116.987,0.957,228.557,115.882,0.956,324.790,87.804,0.951
96.501,217.092,0.937,151.586,157.799,0.893,150.013,151.150,0.902,216.282,113.013,0.918,224.680,119.250,0.964,318.861,85.639,0.901
103.042,209.704,0.915,146.500,160.582,0.958,145.682,151.562,0.963,210.687,117.506,0.928,227.296,115.171,0.898,318.797,83.859,0.914
104.123,215.926,0.971,146.761,156.157,0.939,143.601,152.488,0.887,210.155,114.030,0.946,225.187,121.832,0.939,322.311,83.239,0.875
111.305,215.406,0.910,146.807,154.209,0.888,144.902,156.942,0.892,209.662,116.488,0.976,226.103,122.364,0.939,321.410,85.829,0.933
108.567,213.542,0.969,143.783,158.281,0.924,146.052,154.222,0.925,204.489,119.845,0.930,225.732,121.372,0.918,318.855,86.172,0.979
117.485,212.833,0.875,137.312,156.102,0.849,145.051,154.421,0.856,204.538,116.828,0.952,231.335,122.762,0.938,317.455,80.176,0.943
115.210,212.893,0.901,135.444,155.947,0.884,148.054,159.546,0.949,201.121,121.406,1.000,226.183,127.553,0.852,316.477,83.482,0.874
119.201,208.832,0.937,128.949,154.966,0.888,148.840,156.029,0.966,202.112,117.718,0.910,229.146,121.513,0.921,310.852,78.357,0.897
121.169,208.192,0.954,130.198,155.104,0.942,148.965,158.824,0.937,196.518,122.286,0.934,234.571,129.282,0.934,314.050,77.617,0.946
121.737,210.271,0.939,125.186,155.191,0.980,141.281,162.399,0.902,198.409,122.802,0.956,233.214,126.399,0.893,311.571,81.423,0.882
119.815,203.851,0.919,122.942,162.168,0.947,150.141,163.273,0.927,193.593,123.035,0.933,234.412,129.585,0.897,309.971,79.158,0.898
123.995,202.042,0.909,117.921,161.317,0.914,150.793,162.809,0.985,194.792,124.948,0.967,234.504,133.054,0.910,311.213,75.556,0.903
128.809,202.072,0.902,114.217,158.246,0.930,148.272,166.355,0.931,191.989,122.907,0.898,235.679,130.956,0.943,309.671,77.662,0.947
123.685,199.099,0.913,117.956,163.755,0.898,150.919,166.181,0.964,192.438,125.220,0.962,237.405,131.981,0.965,308.147,79.513,0.911
122.719,196.315,0.926,114.223,161.606,0.899,149.154,172.100,0.919,191.344,128.218,0.957,238.361,132.155,0.914,304.819,77.194,0.958
125.793,194.719,0.903,115.723,165.759,0.917,152.949,172.441,0.943,188.396,130.396,0.883,243.826,133.481,0.897,303.941,72.650,0.910
124.907,190.941,0.901,111.874,165.759,0.958,154.012,173.510,0.927,188.876,131.209,0.915,244.230,136.210,0.870,299.661,76.072,0.898
122.325,190.304,0.906,109.547,166.787,0.884,154.184,172.065,0.919,189.512,128.452,0.945,241.330,133.547,0.927,297.046,75.304,0.924
122.272,190.240,0.939,108.593,168.630,0.864,161.671,173.888,0.876,188.725,131.861,0.900,245.265,135.573,0.959,297.021,77.396,0.955
121.382,186.824,0.923,112.716,167.214,0.946,163.833,172.610,0.907,187.340,133.675,0.891,250.682,132.537,0.862,293.147,75.812,0.915
119.800,182.276,0.878,106.581,172.046,0.894,165.454,173.951,0.975,185.684,134.752,0.950,249.462,134.480,0.945,291.833,75.962,0.856
118.967,181.070,0.864,108.689,174.393,0.920,166.980,175.477,0.963,184.352,137.184,0.907,253.817,137.036,0.892,293.545,74.607,0.936
117.827,178.357,0.870,107.189,176.339,0.939,168.503,176.075,0.938,184.773,139.374,0.905,251.294,136.775,0.963,291.636,77.037,0.906
114.739,180.691,0.945,105.698,177.840,0.894,167.495,176.331,0.875,187.708,141.236,0.930,255.865,136.811,0.918,287.911,79.080,0.922
112.007,181.102,0.889,106.416,180.836,0.912,175.238,176.067,0.912,187.757,142.062,0.877,261.905,135.658,0.908,284.026,75.114,0.945
111.878,176.796,0.906,104.915,179.726,0.843,173.874,174.155,0.901,190.127,140.431,0.938,260.922,133.640,0.934,285.066,78.729,0.915
107.769,180.220,0.904,112.675,181.875,0.951,179.446,178.158,0.917,189.759,143.478,0.978,261.506,140.449,0.906,282.365,77.823,0.927
96.712,175.712,0.976,109.146,183.719,0.908,178.867,172.605,0.924,186.014,146.667,0.880,268.741,135.868,0.933,282.052,81.050,0.914
98.702,173.228,0.918,107.897,187.757,0.890,182.259,174.965,0.901,191.524,144.279,0.920,268.086,133.975,0.921,280.929,79.838,0.967
93.131,175.021,0.873,112.617,188.046,0.869,187.253,178.099,0.884,189.755,147.860,0.868,266.908,133.630,0.944,280.840,82.024,0.945
91.762,176.942,0.891,113.988,188.515,0.890,185.104,176.025,0.961,197.086,153.187,0.936,271.239,135.383,0.951,274.165,79.194,0.920
91.574,176.898,0.904,115.596,192.263,0.879,184.054,169.260,0.956,196.291,149.123,0.930,272.931,131.200,0.877,274.429,80.992,0.973
86.588,177.167,0.904,118.475,195.949,0.957,190.321,171.978,0.900,196.173,153.178,0.907,276.037,132.385,0.874,271.716,82.154,0.914
83.194,175.121,0.951,121.659,195.320,0.921,193.341,169.018,0.933,195.483,145.958,0.907,271.360,133.889,0.934,271.266,83.969,0.906
83.880,179.754,0.955,122.778,192.878,0.907,195.980,172.117,0.887,196.591,151.406,0.928,274.771,127.771,0.904,268.627,86.030,0.876
75.597,178.883,0.905,126.221,195.965,0.851,198.112,172.161,0.923,201.499,153.577,0.950,281.527,132.753,0.938,271.671,87.355,0.892
75.969,178.668,0.906,126.628,193.632,0.916,197.927,169.033,0.883,202.041,153.839,0.961,278.549,131.168,0.907,269.058,86.154,0.937
75.026,183.260,0.884,125.019,195.400,0.956,199.567,165.653,0.945,203.473,153.583,0.934,278.798,126.472,0.952,271.502,90.322,0.899
71.993,184.780,0.957,131.112,195.044,0.911,201.957,160.627,0.907,206.107,154.079,0.906,283.598,125.089,0.927,266.810,88.428,0.946
67.900,187.984,0.945,131.981,196.413,0.950,200.507,167.135,0.901,210.034,154.307,0.935,283.860,124.924,0.953,267.011,90.082,0.927
68.748,187.407,0.918,135.086,196.032,0.955,202.748,166.555,0.904,206.225,157.819,0.961,283.256,125.051,0.959,268.405,87.832,0.869
69.276,194.869,0.879,139.663,193.967,0.854,205.685,159.860,0.907,211.510,157.225,0.932,282.301,122.563,0.877,265.825,90.572,0.924
67.555,194.156,0.907,142.822,197.080,0.903,206.096,160.984,0.912,216.777,155.560,0.926,284.957,120.124,0.936,266.723,92.806,0.961
66.977,195.686,0.835,145.546,198.447,0.938,207.518,157.936,0.920,218.264,155.106,0.917,281.249,123.079,0.975,267.242,97.189,0.959
66.785,193.059,0.923,147.035,196.098,0.962,207.126,157.251,0.899,216.997,156.656,0.952,284.934,120.990,0.901,266.868,92.374,0.896
66.597,193.932,0.937,151.102,194.842,0.927,207.378,156.233,0.928,220.439,157.511,0.906,285.722,120.373,0.933,265.962,96.047,0.879
64.328,200.301,0.947,154.789,192.460,0.990,207.264,156.881,0.920,225.140,152.793,0.940,283.750,115.894,0.852,264.490,99.283,0.957
66.998,204.017,0.924,155.039,191.856,0.860,203.778,155.694,0.911,227.229,156.226,0.906,285.488,115.793,0.859,266.062,98.490,0.874
69.595,206.773,0.952,156.197,190.670,0.906,204.835,152.886,0.941,224.701,156.199,0.940,285.309,113.115,0.936,267.833,98.107,0.896
63.923,204.231,0.964,160.312,190.361,0.939,204.048,150.258,0.897,230.012,152.865,0.920,285.157,112.599,0.965,268.354,103.191,0.927
73.369,211.344,0.869,161.857,192.048,0.884,203.222,147.586,0.889,226.971,155.781,0.950,285.504,106.404,0.901,268.998,97.767,0.894
74.498,206.927,0.945,164.284,185.844,0.961,204.825,148.438,0.931,233.564,150.097,0.943,284.959,106.399,0.888,271.662,104.822,0.898
73.868,209.456,0.974,160.877,181.712,0.901,199.849,145.814,0.916,233.072,149.634,0.912,284.658,107.892,0.948,268.816,104.500,0.957
76.977,210.789,0.859,164.530,184.228,0.887,194.077,143.270,0.884,235.051,152.133,0.913,280.157,107.456,0.974,269.876,108.184,0.895
80.688,214.813,0.966,164.963,185.076,0.899,198.456,144.906,0.969,236.908,147.591,0.885,284.953,108.188,0.961,271.946,107.981,0.956
84.714,213.539,0.877,163.749,179.913,0.973,196.356,140.728,0.978,240.450,149.298,0.891,281.217,104.249,0.923,269.354,105.185,0.905
86.063,217.572,0.900,166.520,178.189,0.874,193.987,138.753,0.927,239.498,150.697,0.915,279.500,102.050,0.953,272.223,105.175,0.934
92.171,214.171,0.890,166.017,173.609,0.928,191.447,133.867,0.979,239.597,141.327,0.920,280.181,104.482,0.896,274.514,108.830,0.919
93.758,219.105,0.866,166.917,172.756,0.965,192.054,135.425,0.913,242.008,143.652,0.926,276.773,104.986,0.925,276.134,113.219,0.964
94.487,216.302,0.901,163.050,173.579,0.959,184.823,138.736,0.920,244.694,143.808,0.922,273.800,102.796,0.961,274.565,108.188,0.936
98.246,214.807,0.938,166.579,166.833,0.895,189.126,132.997,0.946,244.217,142.519,0.932,276.043,101.501,0.906,278.482,110.462,0.873
102.738,215.532,0.960,166.123,168.612,0.905,187.476,134.476,0.939,242.040,141.201,0.926,273.567,102.943,0.957,282.331,114.404,0.888
106.766,216.651,0.889,167.583,167.372,0.924,179.272,139.018,0.926,250.792,139.070,0.913,271.804,97.080,0.930,280.758,114.412,0.932
109.594,213.151,0.987,162.668,162.869,0.940,178.583,137.034,0.932,245.280,139.862,0.924,269.921,98.309,0.918,287.505,114.412,0.932
110.829,211.729,0.942,160.871,163.859,0.951,179.447,138.648,0.896,246.720,136.329,0.911,269.402,98.146,0.914,282.928,118.016,0.893
113.950,214.150,0.936,159.771,162.655,0.887,173.186,134.640,0.882,246.922,133.792,0.882,269.213,97.108,0.898,285.652,111.928,0.878
116.034,213.325,0.898,153.986,160.519,0.869,172.214,134.200,0.949,246.274,132.932,0.944,261.448,95.886,0.903,287.874,111.369,0.910
119.942,212.070,0.896,154.360,160.196,0.953,168.394,135.627,0.964,247.879,127.308,0.881,263.438,97.268,0.917,288.998,115.511,0.928
118.294,205.206,0.884,150.807,158.707,0.928,166.121,138.151,0.952,244.184,129.536,0.901,258.206,92.898,0.874,293.465,113.640,0.967
123.176,206.723,0.905,147.233,154.834,0.926,165.502,134.610,0.967,245.139,127.824,0.916,257.490,91.212,0.939,291.670,116.347,0.950
119.684,205.385,0.889,146.697,156.280,0.987,160.147,138.410,0.912,241.383,126.327,0.950,260.993,94.287,0.938,294.752,118.190,0.945
125.409,199.038,0.853,142.391,157.318,0.893,160.141,142.163,0.906,241.587,125.822,0.909,250.928,97.639,0.933,297.316,115.000,0.933
125.825,201.034,0.937,138.874,159.011,0.901,160.109,136.905,0.903,241.889,126.985,0.937,255.380,93.051,0.888,301.324,114.119,0.916
125.797,199.338,0.919,137.572,157.749,0.936,156.872,141.926,0.940,239.453,125.881,0.924,254.391,94.187,0.939,299.258,118.190,0.894
121.690,199.704,0.913,137.047,154.760,0.910,155.993,143.557,0.940,236.418,122.411,0.916,247.030,98.298,0.934,302.387,115.661,0.940
128.917,191.627,0.920,132.593,161.859,0.934,151.615,145.410,0.892,234.812,118.739,0.937,249.735,98.531,0.897,303.354,118.756,0.831
127.083,191.649,0.923,130.566,155.478,0.940,156.631,143.657,0.908,235.966,120.001,0.939,247.059,96.418,0.932,304.699,116.879,0.912
124.517,194.926,0.895,129.948,154.392,0.874,150.837,145.113,0.885,233.041,119.258,0.864,246.677,97.735,0.925,305.132,114.352,0.947
124.252,186.034,0.963,124.576,154.929,0.916,152.707,146.589,0.946,230.192,118.147,0.907,244.726,98.364,0.903,308.812,111.744,0.854
120.023,184.881,0.937,125.276,160.375,0.913,147.745,149.316,0.879,225.233,116.048,0.918,242.456,100.202,0.951,312.781,112.859,0.858
121.209,183.170,0.923,122.127,154.995,0.953,145.478,148.445,0.960,226.209,116.563,0.914,238.846,96.578,0.906,310.373,111.798,0.940
121.322,179.529,0.915,116.481,161.056,0.910,147.442,149.023,0.897,224.858,121.768,0.943,236.707,100.371,0.944,313.965,111.357,0.962
113.619,182.760,0.884,118.450,159.103,0.944,148.661,150.275,0.960,221.635,115.110,0.865,233.935,100.595,0.889,311.669,110.263,0.913
118.913,184.573,0.928,112.605,164.666,0.958,147.943,156.560,0.870,225.433,116.116,0.906,233.489,102.444,0.896,318.645,110.109,0.872
110.014,179.860,0.952,109.863,160.983,0.942,144.535,159.689,0.910,220.034,114.813,0.961,233.690,105.234,0.958,314.704,107.599,0.903
109.738,179.457,0.967,111.888,161.516,0.874,145.210,157.915,0.893,220.119,118.338,0.981,230.888,104.171,0.934,320.828,108.211,0.926
103.493,174.076,0.919,112.040,167.686,0.950,146.161,157.023,0.974,214.537,114.533,0.928,234.678,102.838,0.937,321.507,101.900,0.940
102.886,175.797,0.949,108.534,166.768,0.911,147.141,164.864,0.949,212.820,116.366,0.860,230.578,107.292,0.904,320.764,105.693,0.977
96.449,174.396,0.898,112.286,167.762,0.922,151.105,161.086,0.935,212.728,114.622,0.930,228.378,105.633,0.941,324.717,106.797,0.868
94.537,173.403,0.909,105.931,171.558,0.863,151.202,161.750,0.926,206.979,115.240,0.856,229.832,110.899,0.950,321.870,108.802,0.889
92.255,172.627,0.909,108.012,171.302,0.945,149.670,168.759,0.947,206.436,117.206,0.953,225.197,109.742,0.893,323.048,103.949,0.908
88.293,177.606,0.944,103.545,176.878,0.902,151.142,164.017,0.905,204.351,122.058,0.915,226.558,106.937,0.867,321.960,104.903,0.899
86.082,174.741,0.952,104.244,175.622,0.908,154.091,169.026,0.913,207.167,119.139,0.956,226.949,112.598,0.949,325.785,98.106,0.893
85.579,178.911,0.911,106.875,176.743,0.934,153.914,170.876,0.948,199.924,118.332,0.894,225.610,113.771,0.970,325.002,102.011,0.880
78.268,179.631,0.919,105.098,176.816,0.893,153.247,169.971,0.931,195.474,119.496,0.927,223.499,112.560,0.883,324.481,101.131,0.910
75.791,180.273,0.988,104.748,183.341,0.924,157.519,173.671,0.898,196.660,121.248,0.926,224.169,117.565,0.866,325.689,96.288,0.928
75.830,178.768,0.904,110.169,184.900,0.877,164.542,175.793,0.958,196.043,120.066,0.960,222.516,118.760,0.927,326.661,102.195,0.940
72.381,185.278,0.879,110.766,186.763,0.953,165.102,174.792,0.954,190.875,121.273,0.906,223.394,120.865,0.878,322.424,95.893,0.951
69.519,185.614,0.919,111.357,184.418,0.931,168.111,173.893,0.919,190.039,124.309,0.926,226.894,120.428,0.936,324.990,92.957,0.882
70.074,189.030,0.911,112.225,187.399,0.927,167.761,174.580,0.872,189.793,122.902,0.886,227.041,123.978,0.919,329.196,94.015,0.911
67.250,190.320,0.933,119.804,191.646,0.964,167.439,175.099,0.957,193.212,126.191,0.918,226.797,125.817,0.940,325.087,93.598,0.929
67.919,190.466,0.933,115.888,191.247,0.968,171.384,175.121,0.905,188.434,126.929,0.968,231.234,124.937,0.907,329.507,91.715,0.934
66.348,194.495,0.914,115.653,194.833,0.879,170.890,174.434,0.923,191.241,128.195,0.911,229.492,124.878,0.896,324.115,91.024,0.941
65.528,194.303,0.932,122.131,193.124,0.968,173.846,175.333,0.906,188.813,131.150,0.895,229.083,125.766,0.955,321.296,89.833,0.949
65.623,195.221,0.937,126.829,194.841,0.901,176.575,178.473,0.961,184.773,129.894,0.913,230.743,127.840,0.874,321.844,86.502,0.901
67.964,196.510,0.906,127.202,193.226,0.965,184.090,176.166,0.925,188.203,130.221,0.910,235.674,130.474,0.893,324.557,86.224,0.927
69.031,200.116,0.884,127.043,194.839,0.935,181.581,174.702,0.869,185.599,131.815,0.864,234.546,130.267,0.931,323.150,84.221,0.933
66.890,202.145,0.888,131.148,196.366,0.910,187.482,175.314,0.898,182.432,138.860,0.976,235.736,128.299,0.945,317.287,82.013,0.964
66.269,200.425,0.971,135.661,194.982,0.938,186.163,173.007,0.931,181.097,134.206,0.932,238.178,132.194,0.953,320.081,84.771,0.910
66.726,206.247,0.983,136.672,193.037,0.879,189.469,173.647,0.904,186.510,138.886,0.930,235.989,132.611,0.970,319.438,84.750,0.944
66.986,210.053,0.935,142.171,195.968,0.926,192.590,170.153,0.888,182.416,140.565,0.899,235.242,133.742,0.945,316.453,82.405,0.935
71.071,208.042,0.971,140.884,194.707,0.970,194.531,167.235,0.898,189.353,139.415,0.985,239.231,136.835,0.960,313.944,84.234,0.918
73.933,215.258,0.901,146.892,194.371,0.930,195.424,169.371,0.914,185.998,143.302,0.903,246.853,134.011,0.927,314.436,79.745,0.906
77.967,210.320,0.904,148.517,192.039,0.958,198.707,168.628,0.869,190.622,140.761,0.903,246.363,129.275,0.883,312.825,81.310,0.910
76.938,213.926,0.940,151.689,188.647,0.931,197.760,171.744,0.877,186.618,143.982,0.919,245.784,133.911,0.948,311.999,77.464,0.966
86.351,216.431,0.906,152.100,195.486,0.912,199.885,167.941,0.902,191.898,145.351,0.950,248.318,133.303,0.947,308.029,77.326,0.985
88.544,217.150,0.897,154.215,190.667,0.930,205.351,166.265,0.932,187.842,146.273,0.894,250.329,136.706,0.953,306.579,79.529,0.866
91.935,216.393,0.896,156.625,190.365,0.956,198.859,169.844,0.935,193.130,148.721,0.950,254.064,138.893,0.927,307.092,78.404,0.885
91.514,215.986,0.907,158.737,189.929,0.927,204.698,165.625,0.932,195.353,153.372,0.889,258.981,135.143,0.947,304.928,80.552,0.885
96.158,216.845,0.906,154.632,186.651,0.894,205.586,159.938,0.050,195.107,150.333,0.934,257.742,140.106,0.931,306.327,78.004,0.859
96.905,212.980,0.947,162.450,183.783,0.908,204.489,160.749,0.050,197.469,150.023,0.896,255.382,130.786,0.867,302.722,75.865,0.907
104.995,214.542,0.864,160.925,182.406,0.962,205.501,157.206,0.050,195.766,153.032,0.889,260.649,133.499,0.928,297.189,75.159,0.961
102.497,212.765,0.882,167.428,185.134,0.886,205.949,159.926,0.050,201.645,152.036,0.950,261.548,136.817,0.920,297.267,77.367,0.895
106.822,215.038,0.829,164.673,180.186,0.943,206.559,155.654,0.050,200.845,150.465,0.873,264.931,136.272,0.927,294.864,78.870,0.943
113.488,216.215,0.910,162.922,179.627,0.964,208.476,155.407,0.050,202.679,151.099,0.889,263.775,137.985,0.968,295.412,75.072,0.903
118.249,210.849,0.903,169.295,175.651,0.906,206.360,152.682,0.050,207.527,155.984,0.920,266.871,133.548,0.944,288.420,83.314,0.916
115.520,210.650,0.929,167.091,177.609,0.951,207.065,146.580,0.050,210.711,153.867,0.952,272.415,134.724,0.914,291.208,75.495,0.934
117.090,212.783,0.915,167.201,175.367,0.936,204.734,150.675,0.050,211.122,156.574,0.897,271.650,131.884,0.908,286.020,76.702,0.953
114.875,207.204,0.940,167.263,168.792,0.910,200.075,148.274,0.050,215.606,155.593,0.915,277.972,132.621,0.931,285.406,76.759,0.938
125.015,206.243,0.913,165.573,169.214,0.891,199.287,145.988,0.050,214.412,154.953,0.882,275.328,133.594,0.932,283.637,74.778,0.893
123.630,204.216,0.893,162.324,171.163,0.901,202.217,141.431,0.050,214.218,153.836,0.894,276.692,128.672,0.945,284.695,76.866,0.935
120.366,202.452,0.910,159.881,166.840,0.888,201.206,143.600,0.050,218.259,156.307,0.877,276.908,128.597,0.905,279.886,78.608,0.937
126.683,196.448,0.937,162.351,165.534,0.962,192.785,140.098,0.050,222.334,159.193,0.977,280.968,128.131,0.923,280.070,81.004,0.898
126.654,199.449,0.949,157.074,165.012,1.000,193.755,136.162,0.050,223.901,154.218,0.916,281.925,127.323,0.900,279.282,82.023,0.927
124.876,196.810,0.853,157.603,161.446,0.889,191.621,136.275,0.050,224.013,154.604,0.876,282.125,127.071,0.898,280.778,77.686,0.926
124.300,189.758,0.892,156.181,159.587,0.938,192.223,136.720,0.050,231.223,152.983,0.904,281.746,124.357,0.921,276.222,80.084,0.903
126.379,195.315,0.936,153.452,162.627,0.960,191.073,138.998,0.050,226.156,150.187,0.900,286.532,123.216,0.873,273.226,80.454,0.952
124.569,189.184,0.940,145.811,155.702,0.829,187.399,134.767,0.050,232.337,150.880,0.906,285.244,117.255,0.883,274.047,82.927,0.889
123.944,184.716,0.922,147.582,157.860,0.944,186.280,132.264,0.050,233.126,151.255,0.880,285.865,123.890,0.922,272.900,83.859,0.932
123.992,185.333,0.912,144.127,156.742,0.937,180.568,135.696,0.050,236.537,149.483,0.934,286.710,118.847,0.941,269.992,84.623,0.924
122.210,185.329,0.939,143.427,156.276,0.880,181.141,135.930,0.050,236.868,148.666,0.926,284.851,117.705,0.937,267.889,85.812,0.954
119.363,180.831,0.910,140.794,155.815,0.924,181.611,132.724,0.050,238.451,148.581,0.942,284.513,115.670,0.933,271.085,84.842,0.932
116.787,181.913,0.902,139.181,158.213,0.924,176.429,139.835,0.050,236.855,146.694,0.903,285.783,117.427,0.950,270.511,90.082,0.953
110.614,179.029,0.928,133.475,157.602,0.959,175.493,134.729,0.050,239.616,147.804,0.956,283.161,115.901,0.953,263.167,88.206,0.908
108.301,179.952,0.961,134.427,154.244,0.933,170.877,137.743,0.050,242.919,143.224,0.903,284.348,113.310,0.873,267.264,88.731,0.967
109.366,177.134,0.967,131.119,156.985,0.906,163.628,137.202,0.050,243.451,139.493,0.949,287.454,112.633,0.974,267.781,94.551,0.876
106.086,177.484,0.964,130.134,158.765,0.941,162.027,136.955,0.050,240.940,143.684,0.910,286.296,107.444,0.902,267.603,95.630,0.927
102.790,177.589,0.930,126.596,158.282,0.888,163.562,137.094,0.050,247.008,141.761,0.950,282.391,111.517,0.924,263.805,91.708,0.915
100.328,176.190,0.857,126.960,159.411,0.863,163.864,137.083,0.050,245.444,142.777,0.898,285.647,110.774,0.919,264.005,92.917,0.918
94.398,176.873,0.922,117.402,157.115,0.865,160.085,136.359,0.050,243.793,143.248,0.846,285.615,106.082,0.909,263.217,95.185,0.965
93.495,175.681,0.937,118.719,158.448,0.914,155.493,140.232,0.050,243.443,134.746,0.906,279.076,107.449,0.902,265.918,98.810,0.893
87.281,176.637,0.877,116.593,161.885,0.882,156.462,139.653,0.050,244.861,139.598,0.913,279.545,105.273,0.931,263.565,96.567,0.849
86.345,179.394,0.887,112.322,163.823,0.857,155.956,142.479,0.050,245.111,132.297,0.923,284.133,103.936,0.907,267.710,97.237,0.980
85.142,176.272,0.958,111.741,162.167,0.912,150.367,145.946,0.050,244.308,132.774,0.931,274.778,101.346,0.932,265.956,100.781,0.898
79.127,179.122,0.908,111.225,164.405,0.905,147.775,141.884,0.050,244.293,129.406,0.931,273.678,102.606,0.948,268.452,100.878,0.934
81.748,174.787,0.940,109.488,166.757,0.945,148.338,142.380,0.050,243.185,130.561,0.935,275.872,104.025,0.875,267.959,100.895,0.898
77.665,180.458,0.950,106.823,165.876,0.947,150.094,144.207,0.050,243.377,125.630,0.937,273.994,99.529,0.957,269.336,105.519,0.905
75.916,183.677,0.913,106.906,169.241,0.911,149.144,152.020,0.050,245.780,127.291,0.952,275.641,96.904,0.922,269.168,104.913,0.901
70.768,184.620,0.960,105.694,171.023,0.904,145.366,148.114,0.050,243.113,121.796,0.943,271.867,100.122,0.904,269.760,105.760,0.920
66.698,183.798,0.906,106.603,172.065,0.948,146.455,149.194,0.050,240.927,127.377,0.924,267.469,96.412,0.938,270.422,104.905,0.912
66.648,187.520,0.905,108.643,174.304,0.884,144.979,150.851,0.050,239.136,125.726,0.994,265.298,98.080,0.905,271.943,106.975,0.877
68.018,188.900,0.885,103.235,177.027,0.945,147.879,150.263,0.050,236.833,120.690,0.928,265.833,90.086,0.870,273.078,109.293,0.925
65.539,192.674,0.915,106.726,179.500,0.868,141.604,157.464,0.050,237.724,121.949,0.899,266.698,98.560,0.825,272.535,107.921,0.885
67.044,194.508,0.913,109.091,182.561,0.939,145.823,155.336,0.050,233.281,120.314,0.890,261.655,98.234,0.930,279.513,107.817,0.929
65.733,193.879,0.917,110.140,183.724,0.970,145.464,159.280,0.050,233.352,116.164,0.931,262.715,96.232,0.934,274.978,107.877,0.981
64.412,201.979,0.930,106.553,183.045,0.915,149.260,162.792,0.050,231.617,120.702,0.852,257.765,98.042,0.988,281.165,114.448,0.923
67.947,197.547,0.908,107.544,184.396,0.909,149.831,163.452,0.050,226.079,116.979,0.942,256.112,97.267,0.951,278.609,112.448,0.929
69.590,203.537,0.947,111.844,187.503,0.917,148.092,163.393,0.050,228.799,118.296,0.932,255.514,95.266,0.929,280.246,111.491,0.894
66.543,202.899,0.906,114.255,188.796,0.876,147.384,162.082,0.050,227.779,115.932,0.918,250.628,96.956,0.903,279.592,111.919,0.921
70.452,207.276,0.871,113.031,190.712,0.933,148.003,167.346,0.050,225.244,119.015,0.888,250.306,97.504,0.915,282.237,118.531,0.918
71.447,210.483,0.951,118.931,188.899,0.898,149.388,169.803,0.050,219.695,114.050,0.899,248.359,95.729,0.946,286.482,111.164,0.938
73.667,210.880,0.944,115.859,192.446,0.936,152.727,165.222,0.050,226.538,114.889,0.953,246.681,96.207,0.959,287.100,113.724,0.948
75.113,210.720,0.878,118.250,193.678,0.913,154.555,169.988,0.050,211.237,114.367,0.944,245.383,94.171,0.915,290.104,115.182,0.884
75.252,212.263,0.881,120.780,194.564,0.891,155.594,169.981,0.050,214.664,111.938,0.937,240.391,97.002,0.904,297.240,113.470,0.990
83.205,212.062,0.963,127.076,192.210,0.911,161.365,167.652,0.050,210.650,114.453,0.925,241.062,95.566,0.859,291.926,115.430,0.949
81.092,212.996,0.922,127.707,194.823,0.909,158.260,172.442,0.050,211.354,114.152,0.935,240.499,98.439,0.936,295.944,115.749,0.924
84.366,216.562,0.896,129.980,194.599,0.916,164.999,173.319,0.050,205.930,114.792,0.968,240.087,100.682,0.901,298.316,115.605,0.911
90.448,214.534,0.878,132.700,197.436,0.920,165.994,175.009,0.050,210.011,114.445,0.934,237.710,99.019,0.872,299.190,116.957,0.909
92.592,216.148,0.920,133.054,198.038,0.919,166.954,176.150,0.050,203.396,114.118,0.952,235.330,99.054,0.899,300.402,116.790,0.902
93.772,218.306,0.911,135.001,190.860,0.905,172.025,178.478,0.050,202.515,118.601,0.959,236.074,102.991,0.941,303.296,116.191,0.898
97.180,216.277,0.941,140.210,192.760,0.910,174.972,176.204,0.050,201.268,118.470,0.917,231.487,101.266,0.918,305.073,112.898,0.929
101.275,212.918,0.915,144.759,194.178,0.854,174.687,171.663,0.050,196.982,117.379,0.874,231.217,102.581,0.927,307.072,113.600,0.949
103.749,212.413,0.910,143.934,194.939,0.923,177.164,177.574,0.050,198.445,118.267,0.862,228.179,107.998,0.901,305.385,115.277,0.916
108.842,210.999,0.877,146.203,194.757,0.930,181.428,175.101,0.050,192.113,117.777,0.917,229.967,106.744,0.917,308.049,112.645,0.869
108.014,210.681,0.866,152.738,188.581,0.946,182.446,174.674,0.050,194.508,122.291,0.853,226.749,106.197,0.855,309.923,110.541,0.916
113.699,209.895,0.932,156.272,191.326,0.931,184.734,175.840,0.050,192.068,117.732,0.914,226.608,108.219,0.954,314.019,114.189,0.946
118.469,211.148,0.910,154.898,188.050,0.931,186.614,173.951,0.050,189.624,124.533,0.835,222.122,110.407,0.947,310.041,113.198,0.965
118.027,206.894,0.965,156.042,188.833,0.900,190.611,174.546,0.050,187.918,127.617,0.954,228.220,112.634,0.955,315.801,112.071,0.925
117.820,206.055,0.919,161.047,188.376,0.940,187.820,167.358,0.050,188.491,122.113,0.880,228.509,117.009,0.921,313.137,110.252,0.930
119.856,201.655,0.873,159.292,186.742,0.946,192.094,171.768,0.050,188.734,127.183,0.829,225.988,115.188,0.904,317.685,109.305,0.877
122.811,201.486,0.886,161.581,186.246,0.906,197.243,172.805,0.050,188.427,124.506,0.926,225.450,114.812,0.926,321.014,108.647,0.873
122.597,201.055,0.938,160.929,184.699,0.904,198.279,164.258,0.050,185.218,128.124,0.889,223.833,115.405,0.888,317.988,105.104,0.934
127.123,199.655,0.888,165.420,179.614,0.949,195.537,167.628,0.050,184.356,127.715,0.907,223.997,116.759,0.898,318.060,107.985,0.873
121.460,199.777,0.917,164.769,173.967,0.852,198.438,169.130,0.050,187.811,130.760,0.935,227.851,121.823,0.956,323.475,108.824,0.911
128.579,195.077,0.912,169.257,175.778,0.910,198.383,163.572,0.050,186.280,133.568,0.957,227.691,127.074,0.940,322.587,104.089,0.879
121.083,196.308,0.951,162.540,175.548,0.902,200.594,163.489,0.050,185.515,136.462,0.923,226.893,122.630,0.889,320.437,102.686,0.915
124.556,187.318,0.902,164.429,174.682,0.851,205.604,164.029,0.050,183.242,137.814,0.901,225.601,124.892,0.941,325.435,99.939,0.890
121.655,191.204,0.913,166.121,167.961,0.872,203.969,160.946,0.050,187.332,136.287,0.928,224.162,122.935,0.899,321.117,102.781,0.888
124.333,186.532,0.875,163.516,167.853,0.966,203.464,159.443,0.050,186.313,137.899,0.922,226.842,124.893,0.931,325.608,96.866,0.968
119.715,187.378,0.919,165.906,167.297,0.909,205.236,160.912,0.050,186.354,140.746,0.926,224.965,128.095,0.956,325.938,99.099,0.916
117.282,186.010,0.939,160.209,165.015,0.931,203.857,152.384,0.050,188.400,144.152,0.946,232.457,123.262,0.939,322.456,96.776,0.892
116.889,183.036,0.915,158.367,162.995,0.925,204.941,153.990,0.050,186.158,147.065,0.906,231.573,128.711,0.896,323.349,99.810,0.909
114.522,178.716,0.913,160.478,162.824,0.972,208.603,150.711,0.050,191.610,144.924,0.867,227.742,133.966,0.967,327.639,95.304,0.921
109.030,179.645,0.910,159.937,163.392,0.933,200.443,152.366,0.050,192.104,143.721,0.895,233.328,130.049,0.915,328.725,91.445,0.897
111.172,179.756,0.938,156.470,161.845,0.907,205.683,149.185,0.050,194.435,150.927,0.877,234.838,127.920,0.924,326.329,92.822,0.921
102.676,175.635,0.902,152.057,158.109,0.927,201.817,145.812,0.050,192.889,147.571,0.963,239.272,132.627,0.925,326.824,91.015,0.900
106.879,177.529,0.881,149.185,157.229,0.910,198.080,145.878,0.050,195.895,147.117,0.937,235.694,134.432,0.920,321.946,91.099,0.954
100.829,177.626,0.855,148.557,158.132,0.895,202.853,147.484,0.050,200.025,148.000,0.919,241.668,131.482,0.947,320.726,88.317,0.907
100.290,175.685,0.891,141.838,156.871,0.890,199.767,142.715,0.050,200.342,152.858,0.947,246.786,131.745,0.905,320.554,89.948,0.880
94.044,173.145,0.872,146.664,155.656,0.987,198.880,143.049,0.875,201.498,151.728,0.885,246.068,135.206,0.925,322.525,85.089,0.946
90.519,174.009,0.939,144.301,156.784,0.889,197.670,144.097,0.922,201.108,155.297,0.950,247.107,134.005,0.844,321.728,85.145,0.891
90.304,175.295,0.879,139.216,156.147,0.938,194.164,139.188,0.939,204.213,154.823,0.906,248.750,133.683,0.943,320.437,83.833,0.905
84.795,178.030,0.906,132.379,159.183,0.900,195.559,141.535,0.926,207.269,154.525,0.900,251.837,132.008,0.893,318.663,84.341,0.921
79.933,176.659,0.927,131.006,156.986,0.895,191.260,139.057,0.893,206.317,148.966,0.900,258.337,135.718,0.957,317.624,82.009,0.938
80.053,176.225,0.897,131.671,155.298,0.879,190.948,138.037,0.955,209.110,155.588,0.971,253.850,135.002,0.910,318.139,81.755,0.917
74.836,181.496,0.929,127.293,155.390,0.902,190.084,137.867,0.888,214.135,154.545,0.845,255.092,135.491,0.905,315.154,82.738,0.938
75.120,181.758,0.923,127.886,159.653,0.860,185.579,138.277,0.907,215.012,157.729,0.954,260.399,137.185,0.924,314.439,80.131,0.935
75.680,184.066,0.916,122.696,155.753,0.897,185.610,133.777,0.905,216.575,157.561,0.876,261.503,138.093,0.915,310.396,75.541,0.913
72.868,180.764,0.904,119.305,159.355,0.936,179.735,137.364,0.960,214.495,159.394,0.899,262.935,136.703,0.953,313.207,80.147,0.952
69.233,182.723,0.883,121.242,162.470,0.969,176.681,138.996,0.928,222.132,154.509,0.928,263.492,133.862,0.841,308.921,79.139,0.912
67.469,188.234,0.844,119.606,160.877,0.947,175.452,133.984,0.926,223.498,152.492,0.936,270.475,137.614,1.000,308.198,80.526,0.942
66.038,189.419,0.890,114.724,161.212,1.000,171.206,136.497,0.946,227.834,154.872,0.928,267.632,133.289,0.920,307.364,75.305,0.912
64.581,186.195,0.931,111.552,160.769,0.922,172.446,134.167,0.967,224.091,154.405,0.919,268.118,132.150,0.928,306.247,74.855,0.888
66.071,193.540,0.862,108.118,163.998,0.905,166.372,135.338,0.931,230.223,155.609,0.925,272.449,132.364,0.920,304.647,76.577,0.928
64.878,193.583,0.903,112.316,167.909,0.906,170.040,135.012,0.954,230.759,149.375,0.937,268.709,131.291,0.969,298.520,76.755,0.950
64.591,199.205,0.911,105.160,167.756,0.920,162.392,136.922,0.935,232.683,151.303,0.948,270.071,129.259,0.887,297.165,78.338,0.918
66.383,200.889,0.919,106.879,170.661,0.849,157.285,137.601,0.909,235.013,149.066,0.920,274.750,129.010,0.894,295.295,72.146,0.925
62.616,202.299,0.917,109.893,174.558,0.920,159.006,136.085,0.944,234.972,150.813,0.901,278.869,127.715,0.879,297.269,74.485,0.904
71.688,201.003,0.931,104.719,171.558,0.908,159.924,142.403,0.927,237.382,147.126,0.894,283.171,127.775,0.935,297.820,78.098,0.937
70.457,206.995,0.880,104.958,175.438,0.940,158.076,141.396,0.880,238.703,145.991,0.982,281.657,126.142,0.912,292.865,78.770,0.895
68.117,202.779,0.962,106.621,181.416,0.954,152.701,142.989,0.960,243.028,145.945,0.906,284.128,126.772,0.953,291.768,76.440,0.961
73.108,206.571,0.955,102.172,176.968,0.908,152.179,142.395,0.922,239.006,143.549,0.915,283.052,123.056,0.891,287.239,74.476,0.918
72.837,206.487,0.951,107.541,181.869,0.923,149.697,142.513,0.939,245.855,141.893,0.892,279.323,126.144,0.924,282.528,76.355,0.931
76.454,205.830,0.926,105.138,182.798,0.955,150.135,147.533,0.901,241.448,140.343,0.963,283.420,121.511,0.911,285.532,74.547,0.884
78.373,210.573,0.929,104.931,182.969,0.879,147.256,146.954,0.912,243.009,140.414,0.922,285.620,121.640,0.889,285.687,77.972,0.918
85.142,213.808,0.863,107.529,184.879,0.917,148.447,148.110,0.933,243.103,143.683,0.909,283.418,116.652,0.927,287.094,79.834,0.940
82.045,213.319,0.893,114.112,184.641,0.905,149.905,150.090,0.905,244.409,139.758,0.942,281.070,122.068,0.949,281.607,80.952,0.920
88.208,216.896,0.865,110.583,190.617,0.930,145.522,149.089,0.937,244.622,135.204,0.902,284.918,116.489,0.879,280.582,77.204,0.933
88.717,211.086,0.920,110.897,191.887,0.907,146.006,154.057,0.911,245.567,134.503,0.907,283.549,119.114,0.938,278.282,77.436,0.923
95.108,213.672,0.894,117.144,189.689,0.945,145.271,153.561,0.867,242.138,130.414,0.958,284.129,114.372,0.928,274.243,81.060,0.934
97.646,213.176,0.905,117.936,192.938,0.951,145.783,155.027,0.940,248.309,132.106,0.913,284.518,111.290,0.952,275.253,77.355,0.911
98.567,215.262,0.949,121.769,194.536,0.910,144.091,156.254,0.876,244.510,132.252,0.924,288.476,110.150,0.912,276.915,80.349,0.908
107.290,212.756,0.914,123.898,191.444,0.941,146.235,155.083,0.863,242.502,126.266,0.935,290.192,114.118,0.926,273.180,82.621,0.910
110.466,214.415,0.938,122.266,189.987,0.884,145.297,159.637,0.886,243.280,126.358,0.923,288.007,108.578,0.973,274.798,81.179,0.963
109.006,212.606,0.908,129.610,193.658,0.971,145.005,163.169,0.945,241.690,129.676,0.877,283.947,108.183,0.892,269.044,82.679,0.953
113.810,212.542,0.964,129.680,197.003,0.936,150.011,162.129,0.912,238.701,126.474,0.919,279.291,103.889,0.949,271.834,86.339,0.920
114.906,205.020,0.906,133.342,196.786,0.947,145.622,167.426,0.895,240.719,127.635,0.925,283.865,104.447,0.980,270.044,84.885,0.946
117.908,208.524,0.902,135.519,194.348,0.948,153.385,166.939,0.935,237.753,121.091,0.934,280.024,101.687,0.946,266.496,87.916,0.942
122.459,205.103,0.894,141.280,193.887,0.924,155.041,164.613,0.900,239.417,122.937,0.928,279.248,101.641,0.937,264.532,86.606,0.945
120.565,205.054,0.936,140.088,195.757,0.889,154.046,171.654,0.947,232.060,119.671,0.944,277.586,102.350,0.949,266.387,92.014,1.000
126.110,201.517,0.937,143.621,195.700,0.964,154.078,169.920,0.889,237.783,117.815,0.944,276.720,99.349,0.923,266.709,88.823,0.948
123.072,202.898,0.962,145.381,193.112,0.909,158.205,170.658,0.883,232.960,121.197,0.922,273.473,102.574,0.980,267.025,88.509,0.880
124.271,197.876,0.879,149.047,194.453,0.907,157.392,173.316,0.977,229.660,119.628,0.945,273.822,100.286,0.904,264.184,92.051,0.902
128.726,199.095,0.918,150.966,192.506,0.941,163.385,170.872,0.876,227.881,115.954,0.983,275.893,96.512,0.895,265.929,92.439,0.905
125.660,195.716,0.901,155.015,191.078,0.955,163.268,174.004,0.877,227.541,116.338,0.918,272.300,99.233,0.913,266.582,94.497,0.976
120.879,192.579,0.945,154.460,186.353,0.947,160.326,175.973,0.861,224.130,117.841,0.940,269.202,98.637,0.888,265.950,96.681,0.924
124.899,191.195,0.937,159.460,190.823,0.963,167.253,173.756,0.928,224.893,119.456,0.935,269.009,96.535,0.972,260.384,99.724,0.887
121.070,187.285,0.895,157.848,187.708,0.949,169.487,174.830,0.872,219.062,114.425,0.938,266.266,96.367,0.977,266.342,97.141,0.950
119.181,184.143,0.926,156.050,183.972,0.935,168.896,174.364,0.923,222.629,114.150,0.861,261.895,94.433,0.945,263.878,100.537,0.945
119.193,182.308,0.907,163.443,184.546,0.936,177.867,173.518,0.901,216.260,116.612,0.937,264.140,93.017,0.944,263.088,99.464,0.945
120.018,185.152,0.873,161.863,181.616,0.868,177.973,174.767,0.898,215.910,112.773,0.879,260.309,96.528,0.914,264.577,98.152,0.910
115.161,179.966,0.927,165.198,182.486,0.928,179.992,174.716,0.876,211.645,115.747,0.907,259.830,97.473,0.912,265.239,101.811,0.935
112.362,180.687,0.884,167.048,177.312,0.951,181.998,173.876,0.883,213.627,117.473,0.895,258.403,99.179,0.944,268.454,106.605,0.901
111.963,177.897,0.956,165.516,175.465,0.908,185.809,175.907,0.966,211.579,119.559,0.936,251.955,96.649,0.875,270.683,107.838,0.904
110.896,178.240,0.948,167.588,173.834,0.895,188.645,172.342,0.935,203.805,115.112,0.907,249.005,90.845,0.886,272.828,108.784,0.960
105.894,177.747,0.922,163.547,172.098,0.910,191.266,176.157,0.909,204.050,116.749,0.906,250.275,95.222,0.839,266.897,108.424,0.935
101.740,176.659,0.918,166.568,173.413,0.965,191.805,170.516,0.916,202.095,114.959,0.924,245.393,97.642,0.958,272.303,104.778,0.917
96.972,178.297,0.950,160.197,166.233,0.849,197.772,168.337,0.952,200.830,116.478,0.928,249.452,98.139,0.930,274.248,110.285,0.940
96.661,172.560,0.934,162.160,166.710,0.938,199.751,168.530,0.930,196.502,120.285,0.958,243.939,98.395,0.940,278.788,113.314,0.893
96.765,171.941,0.890,163.249,166.123,0.936,197.711,168.791,0.911,197.519,120.244,0.941,244.491,98.297,0.937,276.452,110.231,0.865
93.942,177.575,0.909,162.094,164.312,0.895,196.992,165.887,0.932,195.273,116.813,0.913,241.323,100.893,0.926,276.811,109.765,0.970
90.414,173.581,0.925,159.642,166.461,0.902,201.791,164.479,0.882,194.735,120.842,0.912,234.218,98.201,0.918,278.320,111.691,0.886
85.449,175.024,0.906,159.159,162.151,0.908,205.507,163.328,0.892,191.036,118.335,0.900,236.965,95.397,0.921,280.791,112.986,0.933
83.125,181.687,0.927,156.940,156.062,0.922,202.777,163.734,0.929,189.209,123.636,0.925,238.974,98.785,0.907,283.846,113.641,0.928
82.602,179.561,0.912,154.377,157.008,0.950,200.719,165.557,0.915,189.391,123.532,0.915,232.730,99.055,0.946,285.109,116.540,0.923
75.693,173.362,0.938,150.826,157.068,0.950,205.041,157.975,0.882,187.993,128.110,0.918,230.578,99.036,0.967,283.526,115.224,0.924
75.717,181.755,0.952,146.962,156.731,0.877,206.674,160.289,0.898,191.035,123.541,0.931,231.449,101.698,0.947,286.164,114.004,0.948
69.025,182.264,0.900,147.692,155.673,0.928,205.731,156.574,0.946,188.947,128.537,0.900,229.156,104.682,0.906,284.964,111.536,0.936
72.153,179.096,0.939,144.455,156.249,0.931,203.457,154.435,0.866,188.111,134.046,0.918,228.251,105.706,0.922,289.294,111.544,0.883
68.174,187.116,0.893,141.003,156.663,0.923,205.939,154.265,0.894,185.730,130.489,0.980,229.742,107.085,0.901,291.860,116.537,0.895
65.338,189.038,0.941,135.906,154.385,0.939,205.537,153.445,0.967,186.004,132.759,0.900,230.942,107.509,0.942,291.407,114.178,0.910
68.068,186.840,0.894,138.305,153.202,0.880,208.754,152.731,0.874,186.458,133.601,0.863,227.008,105.984,0.904,294.869,115.040,0.925
63.485,191.622,0.930,130.907,155.013,0.882,205.649,149.751,0.896,183.429,137.871,0.942,226.915,106.414,0.906,299.768,113.798,0.947
63.480,194.291,0.898,126.456,155.392,0.928,204.795,147.715,0.878,184.721,139.056,0.940,226.685,111.135,0.963,300.465,113.642,0.920
68.122,193.149,0.889,130.052,156.055,0.966,203.157,147.154,0.896,184.776,139.867,0.868,227.518,114.984,0.914,300.986,115.972,0.923
63.119,196.394,0.932,124.402,156.195,0.866,204.489,140.367,0.961,187.221,139.585,0.909,219.317,111.028,0.953,304.501,117.927,0.931
64.389,200.748,0.913,121.916,164.127,0.895,198.415,143.628,0.961,187.940,137.808,0.947,223.595,115.533,0.828,305.936,112.390,0.937
65.146,202.567,0.951,119.900,159.311,0.906,202.316,141.809,0.926,183.694,143.851,0.960,224.905,116.308,0.902,302.723,112.211,0.957
69.206,202.756,0.871,117.186,154.696,0.850,198.126,139.539,0.915,187.246,144.441,0.954,225.253,120.443,0.893,305.821,113.457,0.936
65.388,202.440,0.901,117.359,157.597,0.910,195.648,139.046,0.914,183.667,146.041,0.888,229.162,117.045,0.904,311.133,113.015,0.885
73.270,204.929,0.900,113.093,160.172,0.941,191.875,136.742,0.903,193.927,144.219,0.915,223.962,119.798,0.889,310.498,112.131,0.930
72.257,209.178,0.929,112.123,163.571,0.976,191.882,134.897,0.976,192.872,151.692,0.854,223.971,120.922,0.915,314.729,110.798,0.891
74.329,208.289,0.855,109.991,162.919,0.948,188.034,136.746,0.922,193.011,145.659,0.932,227.814,122.069,0.923,317.542,106.239,0.908
75.608,213.998,0.909,108.405,165.401,0.962,184.970,135.708,0.962,196.443,149.240,0.921,226.295,126.408,0.914,314.586,107.450,0.928
79.743,212.083,0.961,106.002,167.880,0.931,184.143,135.401,0.908,197.737,149.872,0.978,228.388,124.449,0.895,317.953,107.296,0.884
85.771,210.472,0.916,107.792,169.331,0.876,179.098,135.501,0.971,201.659,152.433,0.882,231.121,128.441,0.946,317.251,110.588,0.940
86.186,207.529,0.916,103.359,172.149,0.907,180.274,131.419,0.844,199.380,152.965,0.929,228.473,124.920,0.901,317.076,108.911,0.923
86.927,214.654,0.923,102.551,172.305,0.952,179.044,132.684,0.927,203.915,152.642,0.938,232.724,123.481,0.959,319.167,106.176,0.881
91.198,216.183,0.914,102.690,175.928,0.897,175.918,132.247,0.928,203.325,153.065,0.916,235.301,125.990,0.889,321.804,105.433,0.862
96.096,214.516,0.934,105.039,175.309,0.968,170.809,133.440,0.919,204.420,151.941,0.965,233.488,130.458,0.892,324.037,101.407,0.899
98.333,214.320,0.880,106.402,178.421,0.941,171.838,133.420,0.950,206.532,155.980,0.923,240.065,130.251,0.895,325.801,102.439,0.913
100.748,213.012,0.901,105.199,178.247,0.901,170.795,135.707,0.950,209.471,155.810,0.910,238.336,132.499,0.901,325.661,99.666,0.921
105.504,212.675,0.926,110.764,184.050,0.922,168.201,136.661,0.850,212.427,155.719,0.919,238.308,133.692,0.873,325.526,105.099,0.939
107.947,211.196,0.911,108.140,186.532,0.934,161.785,138.673,0.930,212.180,154.696,0.963,241.208,132.939,0.931,327.976,103.383,0.930
107.866,214.331,0.876,109.591,184.348,0.907,162.084,137.268,0.884,219.627,153.604,0.866,244.771,130.089,0.924,322.986,100.279,0.904
108.824,210.307,0.975,111.337,186.362,0.917,161.300,137.258,0.942,217.630,156.777,0.918,242.058,134.954,0.903,326.968,95.375,0.930
116.094,210.441,0.945,114.378,184.802,0.894,155.070,133.270,0.904,220.709,155.905,0.966,246.115,138.271,0.892,321.081,99.801,0.912
121.028,209.164,0.911,114.689,188.569,0.858,155.655,138.339,0.912,220.238,153.717,0.945,249.726,135.529,0.896,325.456,96.526,0.916
117.647,211.407,0.940,118.442,190.842,0.906,152.431,137.774,0.906,227.124,156.512,0.891,249.587,132.323,0.928,321.777,92.915,0.974
120.715,204.522,0.903,119.673,191.217,0.947,153.646,141.550,0.940,226.901,150.461,0.892,251.402,132.921,0.938,328.326,89.428,0.924
125.130,203.057,0.959,123.014,189.993,0.983,150.767,147.887,0.907,230.841,151.564,0.904,256.883,136.679,0.948,325.651,93.230,0.886
127.026,203.560,0.897,121.177,195.439,0.887,152.532,147.623,0.922,230.970,151.703,0.927,250.618,130.933,0.921,324.304,89.893,0.947
124.489,201.410,0.896,121.602,194.159,0.945,146.695,141.440,0.958,233.678,153.219,0.949,260.060,136.308,0.919,321.463,88.601,0.902
127.348,199.618,0.866,131.070,190.373,0.892,148.455,144.755,0.894,235.122,149.143,0.895,257.173,136.214,0.894,321.636,86.264,0.950
126.513,194.830,0.942,129.361,192.826,0.909,147.424,152.189,0.931,232.573,148.933,0.934,264.483,135.737,0.966,323.412,85.753,0.932
123.735,189.885,0.932,134.505,192.336,0.963,145.778,154.013,0.947,238.482,149.012,0.933,261.872,135.383,0.916,319.161,84.177,0.935
120.317,189.544,0.939,138.177,192.029,0.928,140.867,153.189,0.915,239.858,146.277,0.934,265.031,132.485,0.929,319.789,85.886,0.880
121.723,183.607,0.904,137.536,194.241,0.923,145.657,153.189,0.918,241.448,150.795,0.922,266.974,133.985,0.879,321.924,84.086,0.938
123.154,183.573,0.879,142.494,192.375,0.891,147.315,155.963,0.932,242.383,147.979,0.905,267.849,133.418,0.909,321.454,82.059,0.892
121.828,189.229,0.977,145.554,191.342,0.899,147.433,158.579,0.911,243.124,145.091,0.937,272.322,134.962,0.882,318.504,82.907,0.919
118.274,185.003,0.919,149.141,193.575,0.915,143.508,157.740,0.894,243.417,144.943,0.892,272.259,128.657,0.862,316.359,83.176,0.941
115.586,180.550,0.904,149.578,191.636,0.889,143.324,160.310,0.910,240.599,141.768,0.899,276.154,127.032,0.972,315.832,83.250,0.954
111.880,178.801,0.938,148.416,190.442,0.940,146.755,161.373,0.859,247.139,140.883,0.945,274.725,134.233,0.916,312.379,75.713,0.950
109.279,176.882,0.916,156.318,188.860,0.870,145.880,162.701,0.914,243.319,143.150,0.879,278.231,127.537,0.928,316.311,81.076,0.961
109.761,175.801,0.907,153.972,189.002,0.924,146.996,164.195,0.928,242.904,137.008,0.894,282.179,124.914,0.959,310.334,78.746,0.892
104.058,177.394,0.882,155.525,186.608,0.848,149.025,167.476,0.889,243.617,136.578,0.876,281.034,129.127,0.902,306.808,80.420,0.891
104.245,177.619,0.967,157.014,187.684,0.918,152.718,167.368,0.933,246.789,132.227,0.927,279.748,122.030,0.925,308.456,79.640,0.909
99.645,175.108,0.949,161.267,184.433,0.906,151.094,167.537,0.890,248.852,134.572,0.910,280.678,127.378,0.878,308.611,75.798,0.928
97.287,177.573,0.952,160.130,183.304,0.917,154.495,172.317,0.883,245.329,132.684,0.930,280.296,124.054,0.919,303.989,75.274,0.954
99.254,169.967,0.893,161.313,185.001,0.907,158.436,168.055,0.907,240.575,129.715,0.942,277.776,121.143,0.918,302.338,72.275,0.904
91.963,177.023,0.921,164.417,176.853,0.930,159.394,171.553,0.903,242.749,127.278,0.871,278.638,120.808,0.901,299.940,75.999,0.970
88.078,179.169,0.926,165.470,180.270,0.912,166.572,170.952,0.903,239.827,127.398,0.917,281.697,118.755,0.944,298.835,72.921,0.921
85.385,177.277,0.881,166.896,176.468,0.870,162.030,176.180,0.966,243.959,125.167,0.948,286.016,119.258,0.911,302.516,74.873,0.899
79.852,175.233,0.957,165.233,176.529,0.941,166.576,170.272,0.941,242.399,122.232,0.889,283.839,120.003,0.959,292.675,77.835,0.839
82.680,176.768,0.956,166.677,174.033,0.929,169.588,174.958,0.942,240.496,124.171,0.918,284.815,117.008,0.945,296.027,75.064,0.969
79.063,176.185,0.922,164.777,172.321,0.960,168.850,174.610,0.921,236.253,121.524,0.953,283.763,115.881,0.922,292.271,75.497,0.933
73.863,178.218,0.930,161.881,173.475,0.931,172.348,176.122,0.912,234.865,122.749,0.907,281.866,113.087,0.910,290.290,74.533,0.930
73.165,177.997,0.884,160.038,168.272,0.920,170.510,171.860,0.944,235.886,119.538,0.904,283.195,108.558,0.894,289.847,79.560,0.887
69.387,183.715,0.867,160.131,161.682,0.867,179.755,175.070,0.937,234.113,120.877,0.928,285.302,110.181,0.932,285.729,73.338,0.888
69.812,184.111,0.950,160.066,167.895,0.872,178.677,173.549,0.933,230.551,120.733,0.922,285.102,107.576,0.929,282.874,78.137,0.864
64.908,187.631,0.947,161.814,160.988,0.998,182.895,172.704,0.925,227.515,119.556,0.929,284.830,109.735,0.887,282.328,78.147,0.961
67.003,190.040,0.909,154.583,161.673,0.894,184.241,173.150,0.900,227.630,117.084,0.923,281.451,104.978,0.930,279.379,76.088,0.961
68.658,191.269,0.901,154.526,160.644,0.956,188.968,174.251,0.891,224.924,118.138,0.912,280.069,107.816,0.935,282.186,77.654,0.896
66.057,191.127,0.939,151.987,159.867,0.902,189.869,172.191,0.912,222.914,115.020,0.929,280.159,105.582,0.899,274.129,80.763,0.921
63.820,193.110,0.905,150.203,158.429,0.902,194.033,172.862,0.839,223.730,114.928,0.891,278.781,102.427,0.860,275.330,80.883,0.901
67.064,197.412,0.893,148.082,154.785,0.962,192.898,170.197,0.875,218.411,114.147,0.942,279.969,101.077,0.895,277.540,79.774,0.893
69.557,197.071,0.879,147.405,156.808,0.911,196.954,172.283,0.989,215.016,116.154,0.893,273.951,102.914,0.929,275.217,81.860,0.946
67.930,202.043,0.944,142.090,151.949,0.893,197.787,166.010,0.886,217.257,112.406,0.901,275.175,97.465,0.924,273.604,81.340,0.928
67.788,204.354,0.904,142.196,158.453,0.926,195.568,171.099,0.866,207.925,112.049,0.969,273.205,101.674,0.902,274.102,89.649,0.952
67.415,204.881,0.904,139.291,155.330,0.956,200.859,169.670,0.928,208.800,114.564,0.915,271.406,96.646,0.932,269.202,86.691,0.946
71.601,206.991,0.910,139.206,150.686,0.900,196.718,166.936,0.912,209.858,111.508,0.954,270.746,98.094,0.887,270.546,82.633,0.890
76.551,207.883,0.852,132.102,154.165,0.901,202.402,163.842,0.892,207.212,114.200,0.914,272.279,96.081,0.897,269.214,81.984,0.888
70.893,211.086,0.840,132.002,155.130,0.886,203.351,162.266,0.900,205.557,116.663,0.925,267.297,94.657,0.901,272.236,88.520,0.871
79.322,210.290,0.934,129.657,155.988,0.916,200.698,161.356,0.886,201.651,114.600,0.908,265.479,95.319,0.910,266.027,89.637,0.849
80.297,212.061,0.926,126.617,155.865,0.987,205.275,158.880,0.923,199.256,120.219,0.860,264.274,97.160,0.931,265.173,90.513,0.865
85.826,217.831,0.957,122.490,157.495,0.929,203.962,156.607,0.884,196.551,117.935,0.959,264.495,93.650,0.940,263.715,91.376,0.983
85.476,212.118,0.977,115.892,154.592,0.893,204.518,154.684,0.904,198.779,118.807,0.918,257.343,89.312,0.915,265.434,93.764,0.935
84.437,214.055,0.945,116.690,158.036,0.919,202.999,153.212,0.935,194.233,121.120,0.902,260.344,92.449,0.907,261.245,93.828,0.891
95.850,216.071,0.900,114.131,158.991,0.919,208.877,152.538,0.940,196.456,124.854,0.919,254.811,91.685,0.913,266.941,94.738,0.940
92.684,214.042,0.926,112.365,160.980,0.921,202.315,149.163,0.966,190.253,122.828,0.932,251.995,96.594,0.949,263.671,95.236,0.913
99.740,215.444,0.939,109.963,160.211,0.917,202.960,150.307,0.909,188.011,123.557,0.900,250.000,94.421,0.883,260.641,97.030,0.938
100.986,214.900,0.964,107.210,165.131,0.900,204.879,146.116,0.951,187.578,123.657,0.937,251.758,94.356,0.921,270.010,94.776,0.945
104.196,214.883,0.942,108.073,167.438,0.895,201.140,144.153,0.977,185.869,126.344,0.856,250.881,95.190,0.925,265.897,99.659,0.867
107.482,214.600,0.929,110.918,168.362,0.962,205.236,145.697,0.885,185.177,129.545,0.902,246.308,93.071,0.983,270.537,99.809,0.933
108.914,216.241,0.916,105.969,167.095,0.902,199.732,140.353,0.901,185.492,128.133,0.905,247.624,93.751,0.927,267.478,102.034,0.926
113.013,212.853,0.923,106.570,170.940,0.957,195.113,143.460,0.906,187.704,129.510,0.952,245.234,94.186,0.902,264.887,102.696,0.958
115.696,211.425,0.941,108.207,170.973,0.990,198.654,141.223,0.888,186.536,130.178,0.916,241.553,98.685,0.938,267.919,99.989,0.891
118.905,210.477,0.920,104.138,171.300,0.879,196.319,138.863,0.972,183.276,129.844,0.931,238.267,98.011,0.930,269.015,103.243,0.897
119.528,207.287,0.935,105.209,178.868,0.889,191.821,138.716,0.900,187.973,137.137,0.939,238.262,100.212,0.960,269.257,107.872,0.886
121.627,208.676,0.929,103.613,173.842,0.942,189.522,140.391,0.893,185.450,134.247,0.905,235.220,100.991,0.914,270.226,106.269,0.889
125.072,201.860,0.941,103.168,180.419,0.896,190.161,137.423,0.935,185.547,139.556,0.890,238.036,101.391,0.868,271.454,107.776,0.935
121.738,200.931,0.939,108.886,182.405,0.908,191.098,134.367,0.949,183.744,135.567,0.986,234.712,98.493,0.922,268.773,104.217,0.918
124.495,200.517,0.913,104.725,181.177,0.933,183.885,138.324,0.886,181.879,142.832,0.917,229.044,100.392,0.920,272.681,108.912,0.904
125.804,197.154,0.902,106.053,185.145,0.931,182.003,137.718,0.929,184.849,138.803,0.898,231.428,101.549,0.916,273.232,108.460,0.870
127.083,193.854,0.929,108.996,183.821,0.944,179.853,134.971,0.883,186.075,139.513,0.924,230.855,105.206,0.886,278.645,110.853,0.955
124.721,191.971,0.950,109.154,187.278,0.870,178.051,133.925,0.922,189.421,143.265,0.882,229.966,106.791,0.928,277.226,111.791,0.890
124.557,190.725,0.921,110.689,188.532,0.883,172.638,134.089,0.923,187.604,140.759,0.939,225.397,104.698,0.993,274.769,110.879,0.954
122.857,186.554,0.966,113.462,189.878,0.947,171.608,135.311,0.965,188.776,148.154,0.983,231.189,106.186,0.928,282.893,110.558,0.949
124.903,185.511,0.944,119.398,189.734,0.977,172.912,135.070,0.944,193.737,147.645,0.861,220.464,110.186,0.884,281.588,110.528,0.875
120.355,184.386,0.969,123.409,185.463,0.936,172.839,136.666,0.863,195.639,150.432,0.868,227.270,106.366,0.880,282.876,111.365,0.904
120.659,181.762,0.950,121.655,195.898,0.864,166.990,135.340,0.883,196.284,151.091,0.939,224.977,111.747,0.922,284.493,113.994,0.923
117.109,183.305,0.906,127.849,194.023,0.969,159.451,134.515,0.902,197.117,151.855,0.890,227.687,114.632,0.935,287.685,110.929,0.946
115.155,178.987,0.875,126.951,197.149,0.897,162.117,134.630,0.903,197.078,149.789,0.931,223.149,117.342,0.864,290.720,113.125,0.933
110.208,180.104,0.940,131.477,195.839,0.922,158.217,137.999,0.907,199.945,154.715,0.890,223.823,112.526,0.901,292.458,116.973,0.896
110.135,174.618,0.964,131.201,196.629,0.843,158.618,139.768,0.941,201.378,155.178,0.910,221.654,117.556,0.936,292.672,115.475,0.891
107.166,176.947,0.888,138.090,195.525,0.887,154.090,137.343,0.933,201.161,154.207,0.934,225.492,119.783,0.922,294.209,116.941,0.851
101.327,179.213,0.863,138.076,193.401,0.864,156.712,139.284,0.899,203.788,152.348,0.943,228.984,119.264,0.971,293.195,112.377,0.856
99.781,174.163,0.948,142.281,193.960,0.916,149.436,142.195,0.969,208.867,156.978,0.882,226.462,119.787,0.899,297.489,111.516,0.931
97.254,178.525,0.872,144.323,190.445,0.949,149.285,144.482,0.843,213.058,153.938,0.938,225.543,123.955,0.944,297.397,111.958,0.937
91.970,178.443,0.955,145.257,193.042,0.939,149.057,145.878,0.891,210.703,155.479,0.911,226.164,126.729,0.898,302.046,115.672,0.926
89.458,175.932,0.929,150.832,192.566,0.916,153.671,144.956,0.889,213.142,154.325,0.884,226.740,125.009,0.937,301.592,111.129,0.925
91.732,175.137,0.910,155.798,191.076,0.878,146.000,149.795,0.919,214.027,154.066,0.897,231.004,121.837,0.911,302.507,115.331,0.885
83.701,177.476,0.892,152.369,196.478,0.929,147.102,148.398,0.959,216.894,153.024,0.936,230.814,130.650,0.927,304.747,114.595,0.980
81.117,172.491,0.936,160.875,190.514,0.892,145.439,152.106,0.901,220.449,156.790,0.922,232.735,131.551,0.977,306.854,112.740,0.897
77.242,178.079,0.909,158.509,188.234,0.881,149.168,148.494,0.951,221.486,150.577,0.932,233.583,134.260,0.946,307.645,113.863,0.927
79.856,180.867,0.996,165.572,188.202,0.931,144.556,158.131,0.908,225.008,155.086,0.856,232.975,128.065,0.961,312.923,107.067,0.944
76.799,180.906,0.962,159.540,186.516,0.913,149.561,160.124,0.949,228.533,153.740,0.898,235.694,133.420,0.889,314.318,111.540,0.889
73.380,181.126,0.897,161.173,183.180,0.927,142.237,154.875,0.914,229.238,152.716,0.938,238.287,132.474,0.892,316.519,109.400,0.900
70.937,184.069,0.881,165.779,180.912,0.909,145.827,157.570,0.905,230.712,150.243,0.964,237.284,132.908,0.872,314.060,111.803,0.927
68.076,184.198,0.897,165.542,181.428,0.948,146.533,158.712,0.885,233.000,150.373,0.956,240.466,134.305,0.932,313.405,106.883,0.944
67.067,186.029,0.950,162.472,177.052,0.937,147.618,160.377,0.957,235.878,146.853,0.910,240.745,134.132,0.913,316.546,105.512,0.916
65.164,189.819,0.945,165.857,177.097,0.908,149.347,165.115,0.920,235.504,146.290,0.927,246.069,135.322,0.936,319.775,112.816,0.944
67.018,190.588,0.927,164.213,174.943,0.926,146.570,165.752,0.945,240.343,150.230,0.912,244.627,129.944,0.921,319.895,110.125,0.956
66.596,192.319,0.941,166.355,170.772,0.961,143.912,167.683,0.853,238.516,149.374,0.929,244.856,132.945,0.913,323.547,105.699,0.898
66.874,192.012,0.910,163.323,172.712,0.978,150.225,162.887,0.948,240.594,144.244,0.934,251.884,134.626,1.000,320.151,105.153,0.925
69.312,199.714,0.920,162.444,170.746,0.966,153.643,168.849,0.906,243.125,144.540,0.940,250.342,136.137,0.906,321.188,102.462,0.905
67.122,197.031,0.958,163.929,169.101,0.936,155.159,169.128,0.888,242.590,143.715,0.906,252.561,134.269,0.927,322.214,102.760,0.939
67.791,199.684,0.964,160.416,166.287,0.948,155.052,169.985,0.928,244.652,144.697,0.945,256.520,132.797,0.953,322.982,104.775,0.912
69.656,203.527,0.868,160.243,163.754,0.931,155.742,171.520,0.906,241.736,141.824,0.930,257.077,136.842,0.929,326.234,100.163,0.914
65.992,204.844,0.877,159.090,162.281,0.845,160.915,172.163,0.893,241.616,133.600,0.954,260.189,134.720,0.910,327.007,98.316,0.912
70.798,204.066,0.884,159.214,161.299,0.927,163.299,173.493,0.863,243.015,140.359,0.863,258.359,135.044,0.933,324.650,101.921,0.916
69.741,207.370,0.912,153.567,160.409,0.892,166.285,173.638,0.946,246.904,138.429,0.910,263.028,133.216,0.924,323.030,96.614,0.946
78.143,209.435,0.921,149.157,161.481,0.920,167.845,171.433,0.950,243.178,135.673,0.848,268.235,136.908,0.902,325.846,92.375,0.914
76.445,213.630,0.964,149.356,155.804,0.973,168.698,175.714,0.931,244.444,133.928,0.880,267.720,133.427,0.880,328.056,94.413,0.916
83.612,210.792,0.968,149.508,158.925,0.912,173.143,173.269,0.956,244.247,133.132,0.916,270.514,133.587,0.963,325.666,91.591,0.945
84.989,211.429,0.939,145.066,154.137,0.913,172.037,176.344,0.953,247.073,128.722,0.863,276.116,134.662,0.882,323.234,92.464,0.902
84.695,214.498,0.945,144.265,159.338,0.914,172.610,175.246,0.930,245.421,129.820,0.885,273.964,132.070,0.953,325.833,90.967,0.908
85.515,213.548,0.950,140.284,154.789,0.871,180.766,177.783,0.955,243.144,127.563,0.902,272.332,130.461,0.891,326.219,89.757,0.960
89.690,213.082,0.882,139.787,157.208,0.907,180.188,176.191,0.944,244.874,124.062,0.957,274.819,125.757,0.907,322.821,88.016,0.909
97.153,216.046,0.933,132.379,158.244,0.917,182.231,177.950,0.919,243.123,126.680,0.922,278.278,127.139,0.925,321.015,87.780,0.900
97.571,214.647,0.923,133.806,153.674,0.900,184.742,176.005,0.962,240.746,124.564,0.885,279.936,126.484,0.938,321.540,84.833,0.922
98.355,214.569,0.966,132.637,155.496,0.917,190.289,172.725,0.917,241.160,120.782,0.857,274.998,126.485,0.964,321.155,88.173,0.908
103.903,216.286,0.966,126.215,154.556,0.891,193.488,170.716,0.962,236.172,120.376,0.919,283.206,125.423,0.939,320.925,86.020,0.892
110.672,213.460,0.884,127.031,161.146,0.947,192.846,172.611,0.918,239.475,121.648,0.913,281.593,122.113,0.924,320.737,81.600,0.921
113.305,211.510,0.925,126.237,155.070,0.951,198.732,171.378,0.901,233.073,119.983,0.949,281.105,125.529,0.906,319.063,80.130,0.900
111.776,208.150,0.902,123.260,154.460,0.913,197.644,172.344,0.924,232.886,116.944,0.925,283.269,121.782,0.910,318.980,79.319,0.899
115.781,207.470,0.920,120.172,160.963,0.877,196.420,166.748,0.909,228.843,119.689,0.925,282.668,116.678,0.929,317.824,79.812,0.921
118.613,207.533,0.921,116.977,159.517,0.953,198.831,165.113,0.914,228.225,118.233,0.875,284.329,117.921,0.913,310.897,78.723,0.938
116.407,205.866,0.925,118.230,161.751,0.943,200.619,167.590,0.947,228.034,116.427,0.968,284.066,112.889,0.934,311.843,79.087,0.895
120.012,202.487,0.890,108.400,161.252,0.923,203.772,165.850,0.891,226.325,118.567,0.897,284.094,118.721,0.903,311.705,78.673,0.934
121.695,202.403,0.943,111.577,164.524,0.911,205.123,158.827,0.877,223.635,115.193,0.956,288.352,115.297,0.933,307.668,77.935,0.914
124.442,200.555,0.950,108.220,166.500,0.932,202.601,161.713,0.951,219.618,118.990,0.981,286.107,114.878,0.935,311.342,76.440,0.863
123.428,195.969,0.977,108.481,168.481,0.918,208.341,159.841,0.892,220.474,114.570,0.936,286.740,113.070,0.916,303.434,73.520,0.908
122.148,195.945,0.920,107.603,171.890,0.914,203.382,157.507,0.881,216.718,113.246,0.938,282.535,112.161,0.948,302.352,75.128,0.890
125.758,191.964,0.935,104.904,173.489,0.922,205.774,158.100,0.926,216.233,116.269,0.911,287.214,107.063,0.940,300.756,76.109,0.867
123.663,189.737,0.869,105.291,174.285,0.934,208.465,153.103,0.883,211.905,112.811,0.961,283.834,109.071,0.933,303.122,73.747,0.955
122.003,193.104,0.945,108.441,174.570,0.940,203.429,153.485,0.988,209.690,114.443,0.992,286.846,109.680,0.910,301.796,76.038,0.993
121.198,190.069,0.944,104.942,175.703,0.963,205.766,155.657,0.951,209.484,117.038,0.908,281.795,106.258,0.906,296.896,76.228,0.950
122.080,182.813,0.866,106.854,179.409,0.995,200.175,151.960,0.935,206.128,117.072,0.911,279.903,105.113,0.941,298.346,73.442,0.942
124.005,182.769,0.934,105.204,180.488,0.951,203.261,143.029,0.886,204.258,113.409,0.924,281.185,104.502,0.961,296.603,74.832,0.945
119.046,183.095,0.953,103.660,182.396,0.911,202.206,146.979,0.888,204.252,116.463,0.934,280.319,107.343,0.952,292.943,76.309,0.943
119.567,180.737,0.911,110.085,185.467,0.888,203.954,146.458,0.960,202.259,111.998,0.907,276.437,100.588,0.915,290.765,73.557,0.890
110.711,180.163,0.902,109.568,183.563,0.937,199.332,145.341,0.945,196.882,117.318,0.912,278.407,102.836,0.896,287.111,73.835,0.958
111.088,178.844,0.907,110.418,185.744,0.877,196.685,143.306,0.919,197.913,116.357,0.968,274.767,98.895,0.940,286.052,74.975,0.893
107.619,178.571,0.919,113.301,185.643,0.939,194.196,139.635,0.918,194.436,124.161,0.906,274.948,101.015,0.891,285.615,78.645,0.957
106.790,173.674,0.870,114.066,189.283,0.949,193.008,138.214,0.899,193.076,123.332,0.967,272.172,95.822,0.898,281.897,75.268,0.897
105.951,175.917,0.966,115.865,191.149,0.921,190.344,139.758,0.904,192.578,120.756,0.929,273.352,98.924,0.940,277.837,79.366,0.892
100.287,176.158,0.964,116.869,192.385,0.925,189.315,140.281,0.900,191.981,124.590,0.942,267.027,94.351,0.960,281.102,76.263,0.934
95.793,172.623,0.944,122.048,190.753,0.921,188.402,138.651,0.930,192.811,121.769,0.928,264.920,96.335,0.935,276.929,77.768,0.930
97.044,175.500,0.895,123.807,192.403,0.932,182.493,137.701,0.906,188.121,126.549,0.908,273.203,96.530,0.961,276.433,83.515,0.937
90.491,177.565,0.974,127.513,196.985,0.909,182.187,135.317,0.911,186.126,124.379,0.876,261.905,96.941,0.922,278.080,80.105,0.965
89.462,174.496,0.933,124.615,195.940,0.955,183.555,135.378,0.922,184.052,131.006,0.919,259.236,91.228,0.944,276.292,78.639,0.924
84.557,176.692,0.941,130.675,192.061,0.895,178.752,134.079,0.929,189.352,132.756,0.916,259.088,99.454,0.895,272.151,80.549,0.955
83.992,176.732,0.966,131.547,195.979,0.920,181.235,134.472,0.912,186.687,134.182,0.915,255.565,96.438,0.903,270.796,79.680,0.967
79.396,183.261,0.931,137.410,197.416,0.974,172.191,140.299,0.999,186.324,135.155,0.882,254.925,94.425,0.908,268.429,82.965,0.889
79.123,180.951,0.943,139.885,197.353,0.938,172.925,138.995,0.971,185.267,134.095,0.939,252.629,95.824,0.928,272.255,86.811,0.903
76.337,179.714,0.927,140.004,196.042,0.936,169.856,135.339,0.912,184.684,136.952,0.916,254.210,95.120,0.912,269.978,85.712,0.921
77.320,178.067,0.944,145.951,194.243,0.937,168.332,136.484,0.865,185.796,138.322,0.935,251.646,98.238,0.912,268.757,89.258,0.886
70.744,184.365,0.883,147.620,193.644,0.939,164.760,136.824,0.845,183.246,135.564,0.935,247.368,91.142,0.916,272.685,88.947,0.875
67.247,184.624,0.898,149.378,191.248,0.912,160.910,136.218,0.917,185.910,139.703,0.896,247.073,98.603,0.918,266.035,89.326,0.903
65.452,190.571,0.960,149.954,190.152,0.852,160.298,135.254,0.912,187.214,140.337,0.878,245.705,98.161,0.907,268.421,89.235,0.890
65.458,192.595,0.980,153.652,191.012,0.966,158.729,137.884,0.889,182.421,144.863,0.942,242.102,96.945,0.871,265.284,90.918,0.865
66.594,193.960,0.902,156.327,191.333,0.938,156.282,138.259,0.986,189.265,147.349,0.975,239.849,97.433,0.984,263.350,92.742,0.913
63.927,193.898,0.939,157.979,187.578,0.913,154.053,138.464,0.870,190.241,146.833,0.868,240.078,96.444,0.910,265.811,92.222,0.926
68.232,192.690,0.952,158.765,190.987,0.915,153.286,144.344,0.908,191.174,145.072,0.900,237.495,97.228,0.938,266.452,96.613,0.896
65.762,199.396,0.899,165.082,186.148,0.877,152.946,144.674,0.869,190.381,149.347,0.878,231.447,99.670,0.937,266.059,93.414,0.901
63.902,199.329,0.900,160.672,184.376,0.970,148.322,147.345,0.909,187.832,148.239,0.914,235.664,101.851,0.890,263.895,97.541,0.901
65.746,204.120,0.928,162.612,181.772,0.921,149.504,146.715,0.945,194.993,147.838,0.924,235.334,101.374,0.872,266.248,97.357,0.941
66.524,202.736,0.880,164.822,176.256,1.000,150.264,147.502,0.904,196.029,150.534,0.910,233.072,103.434,0.913,270.104,98.285,0.906
69.586,201.967,0.864,166.347,179.964,0.856,146.093,150.194,0.948,196.385,150.143,0.926,229.518,102.610,0.882,268.396,101.414,0.961
68.892,203.366,0.919,166.544,178.161,0.855,147.424,150.691,0.875,197.783,152.740,0.874,228.790,104.821,1.000,265.001,100.594,0.863
75.486,206.376,0.952,166.866,171.365,0.932,145.062,151.825,0.907,201.630,150.339,0.895,231.706,106.862,0.919,265.325,103.335,0.842
74.434,211.998,0.892,165.341,175.955,0.949,145.559,151.374,0.922,206.540,154.594,0.942,226.440,109.747,0.889,267.912,103.503,0.918
77.115,208.447,0.913,160.143,169.619,0.913,145.249,155.140,0.936,203.211,154.739,0.905,230.855,106.959,0.900,268.928,104.047,0.937
82.073,212.479,0.826,162.527,168.772,0.874,143.671,156.438,0.929,209.353,152.091,0.949,224.016,109.615,0.983,269.763,105.425,0.909
81.531,212.075,0.885,163.491,168.732,0.922,143.892,159.269,0.889,209.068,154.035,0.935,227.672,113.566,0.926,271.848,106.320,0.934
85.961,216.962,0.911,160.060,163.767,0.900,146.409,162.472,0.856,209.623,155.454,0.955,224.994,112.170,0.916,270.549,107.659,0.896
92.585,214.916,0.947,160.783,166.207,0.919,149.718,157.544,0.987,212.911,152.215,0.958,222.213,110.169,0.916,277.274,110.412,0.877
92.928,213.190,0.862,163.500,165.886,0.888,149.043,161.708,0.978,219.893,156.386,0.953,224.283,118.587,0.914,274.081,110.527,0.963
95.832,215.509,0.939,156.759,162.255,0.929,147.019,166.223,0.931,219.014,155.712,0.906,227.092,116.051,0.915,276.838,110.077,0.934
97.431,217.691,0.940,153.993,161.258,0.935,146.999,163.634,0.888,218.781,155.410,0.894,226.292,117.085,0.982,280.635,112.642,0.888
99.501,215.519,0.952,153.750,163.266,0.896,151.377,167.084,0.918,225.672,154.685,0.918,225.033,121.561,0.953,278.579,113.356,0.919
108.024,214.801,0.874,151.399,158.980,0.937,154.028,167.899,0.923,225.677,151.920,0.916,225.694,119.349,0.911,281.483,110.898,0.944
107.141,210.434,0.916,148.369,158.529,0.949,152.691,169.315,0.905,226.012,151.541,0.901,226.413,122.841,0.872,282.094,112.735,0.944
114.059,214.555,0.950,144.404,162.019,0.878,157.436,169.149,0.907,228.816,153.152,0.934,225.452,125.105,0.870,285.262,112.085,0.952
111.533,211.777,0.926,143.428,154.441,0.893,157.469,175.181,0.924,229.928,151.782,0.907,226.046,125.970,0.951,289.339,114.658,0.865
117.854,212.048,0.921,140.674,156.110,0.938,159.827,173.144,0.950,236.100,151.990,0.927,230.503,127.232,0.917,287.346,116.647,0.963
117.158,208.106,0.924,140.453,157.909,0.948,164.810,169.314,0.924,232.992,149.885,0.910,231.480,125.709,0.911,290.321,114.924,0.909
120.382,205.882,0.923,131.242,154.113,0.936,163.741,178.815,0.905,235.001,149.665,0.918,232.658,126.262,0.941,292.000,119.607,0.949
123.696,208.105,0.905,128.812,149.325,0.925,163.025,170.917,0.922,238.682,148.519,0.990,232.058,126.137,0.924,290.988,112.899,0.964
123.575,201.127,0.868,132.877,153.731,0.977,170.288,173.481,0.894,241.283,147.059,0.821,231.482,128.271,0.919,292.008,113.373,0.912
125.427,199.868,0.889,126.762,156.790,0.913,171.688,173.476,0.904,238.342,145.195,0.974,237.412,130.121,0.900,296.374,116.555,0.895
121.512,199.860,0.925,125.516,158.478,0.932,174.387,178.551,0.927,238.146,145.875,0.951,238.140,131.305,0.929,299.726,116.869,0.933
124.212,192.826,0.897,118.795,157.900,0.973,176.169,170.550,0.923,239.934,142.776,0.909,240.753,131.132,0.902,297.921,115.710,0.932
129.391,195.091,0.852,120.015,157.954,0.970,177.745,175.244,0.914,240.342,142.706,0.913,240.938,128.889,0.957,299.640,114.578,0.906
124.683,195.874,0.947,116.700,161.031,0.928,177.075,174.702,0.946,243.744,141.481,0.917,240.544,134.355,0.926,303.323,117.379,0.914
125.291,188.882,0.895,118.486,160.045,0.970,182.056,173.599,0.922,244.536,140.776,0.853,244.358,134.409,0.908,304.638,112.133,0.911
123.519,186.034,0.967,116.146,163.478,0.956,184.790,176.118,0.932,245.207,137.288,0.885,245.320,131.179,0.904,306.004,113.856,0.952
121.481,186.331,0.949,113.631,162.595,0.911,189.932,174.602,0.916,245.770,138.598,0.948,245.805,135.980,0.958,307.179,110.762,0.922
118.314,187.773,0.909,108.910,163.298,0.945,191.051,169.679,0.966,245.571,137.170,0.903,248.305,130.929,0.907,309.278,111.104,0.899
117.313,182.464,0.888,111.186,167.331,0.883,193.273,172.084,0.925,247.197,133.063,0.934,251.964,135.114,0.938,311.802,112.693,0.948
120.990,178.600,0.885,105.542,171.493,0.938,194.126,169.461,0.899,243.839,132.776,0.948,251.375,133.169,0.948,315.819,113.790,0.985
115.250,182.311,0.955,106.238,170.823,0.869,198.501,169.581,0.917,243.096,132.511,0.900,251.581,137.981,0.944,315.821,112.844,0.902
110.594,178.803,0.930,107.697,169.617,0.916,196.595,170.723,0.981,245.804,133.680,0.913,254.561,136.099,0.892,314.796,108.578,0.931
108.534,178.387,0.908,103.407,172.714,0.921,201.971,166.183,0.903,241.968,129.507,0.901,258.255,135.952,0.900,319.959,109.060,0.934
109.296,182.552,0.989,107.250,172.117,0.899,201.799,167.541,0.918,242.280,126.313,0.955,261.169,139.691,0.936,318.640,111.401,0.916
102.727,175.776,0.891,107.880,175.755,0.899,199.959,163.169,0.927,242.604,126.206,0.919,261.528,132.924,0.898,322.470,108.949,0.945
100.342,172.226,0.865,106.312,178.430,0.938,200.112,162.072,0.867,240.456,121.581,0.950,265.785,135.171,0.886,319.333,103.322,0.904
96.262,177.222,0.949,107.982,179.336,0.946,202.144,162.434,0.878,242.381,122.724,0.944,266.786,134.390,0.900,321.404,109.126,0.930
92.846,178.096,0.913,108.936,179.748,0.903,204.621,158.219,0.898,237.884,124.865,0.893,264.364,132.216,0.886,321.938,100.398,0.888
95.531,175.710,0.956,111.546,183.972,0.953,203.589,158.630,0.910,239.966,122.367,0.913,269.793,132.422,0.868,321.187,104.257,0.912
88.854,177.008,0.915,109.918,185.150,0.977,204.703,158.674,0.954,232.871,121.005,0.914,271.772,131.955,0.971,325.767,102.170,0.946
85.464,177.175,0.989,110.744,190.295,0.913,206.553,157.926,0.914,233.873,120.068,0.909,271.816,134.998,0.975,323.262,103.544,0.903
81.977,178.313,0.911,112.445,186.785,0.918,203.940,154.451,0.933,229.026,115.731,0.951,274.931,131.634,0.897,324.024,98.075,0.977
81.811,181.732,0.926,116.706,186.333,0.936,207.498,152.407,0.941,229.273,118.378,0.894,274.869,133.068,0.924,327.023,96.658,0.928
77.880,175.916,0.946,114.385,188.324,0.973,203.650,149.017,0.878,227.267,117.796,0.921,281.850,126.783,0.854,324.882,94.179,0.959
75.906,180.149,0.949,118.797,195.287,0.923,200.847,150.289,0.936,226.350,116.910,0.965,276.491,126.674,0.916,325.295,93.934,0.943
73.379,182.989,0.936,119.025,190.793,0.920,201.451,147.581,0.899,220.923,113.460,0.833,277.957,125.298,0.893,325.052,95.192,0.936
70.419,185.926,0.886,125.475,193.833,0.907,204.655,146.482,0.923,221.531,121.149,0.917,280.866,126.156,0.897,326.438,96.517,0.974
68.466,182.149,0.941,125.373,193.534,0.937,203.665,147.152,0.911,220.411,116.479,0.946,281.831,126.791,0.915,325.775,91.853,0.921
64.537,187.489,0.891,128.680,193.009,0.930,201.162,145.243,0.876,217.872,116.776,0.908,284.520,122.149,0.923,324.763,90.005,0.925
65.903,188.649,0.941,131.770,196.467,0.902,196.016,143.639,0.910,214.505,118.373,0.863,284.984,123.292,0.877,325.289,94.721,0.932
70.406,189.316,0.896,131.394,193.749,0.883,195.001,144.745,0.937,214.090,117.667,0.930,283.489,121.103,0.880,324.885,90.896,0.932
63.113,196.111,0.917,134.311,192.227,0.941,195.820,140.845,0.929,211.343,115.212,0.895,285.239,121.183,0.943,323.710,86.752,0.932
65.441,196.887,0.891,141.077,195.329,0.907,194.850,143.044,0.947,207.861,114.976,0.917,284.733,119.512,0.922,324.848,87.422,0.894
66.273,200.024,0.886,146.668,192.091,0.928,188.187,136.320,0.914,208.346,117.696,0.901,285.233,117.683,0.889,325.757,85.792,0.889
68.485,201.745,0.958,142.738,192.334,0.934,186.428,136.818,0.959,204.872,115.211,0.886,287.774,118.900,0.900,325.336,81.140,0.924
72.231,202.232,0.893,145.340,195.923,0.923,185.122,137.430,0.903,203.120,120.283,0.934,282.696,116.329,0.942,317.038,81.960,0.910
67.251,201.499,0.928,152.790,194.957,0.953,187.019,137.753,0.911,199.789,117.265,0.870,286.082,114.901,0.897,317.961,86.418,0.956
67.721,202.296,0.872,149.618,190.865,0.912,183.730,133.782,0.932,193.760,119.171,0.876,286.584,112.829,0.901,318.786,80.065,0.921
73.311,207.628,0.928,157.033,194.281,0.912,182.462,137.002,0.910,197.396,120.501,0.938,281.464,111.785,0.874,319.170,79.410,0.913
73.598,208.855,0.943,157.465,190.812,0.919,177.787,132.786,0.871,197.098,119.811,0.930,284.616,104.248,0.891,314.520,80.242,0.925
79.410,208.369,0.908,159.199,184.181,0.927,176.438,132.797,0.919,190.753,124.451,0.949,284.111,110.870,0.966,315.956,76.572,0.967
79.293,211.711,0.909,161.356,188.360,0.914,171.504,136.526,0.976,190.251,122.589,0.925,285.360,107.233,0.919,311.222,79.442,0.904
79.143,211.756,0.942,158.753,184.718,0.887,169.085,138.437,0.926,194.243,123.092,0.912,280.991,105.625,0.937,310.894,78.483,0.916
82.890,214.518,0.920,168.948,181.967,0.881,167.387,133.102,0.908,189.368,127.050,0.927,280.670,104.497,0.931,309.084,77.330,0.906
87.066,219.055,0.940,166.622,181.863,0.852,165.554,134.700,0.890,190.585,125.379,0.890,277.484,100.399,0.923,308.400,79.131,0.880
90.260,215.351,0.893,162.028,181.132,0.874,168.317,137.775,0.926,188.331,122.053,0.889,279.318,100.351,0.962,304.719,78.393,0.999
90.097,216.581,0.951,168.378,181.493,0.908,162.947,140.987,0.914,186.922,129.880,0.938,277.819,98.275,0.983,300.920,77.224,0.927
91.658,216.658,0.910,167.393,181.717,0.912,157.418,140.813,0.929,188.465,130.505,0.915,277.549,99.844,0.879,301.998,71.376,0.922
95.439,218.968,0.920,164.333,176.208,0.907,156.549,138.015,0.862,184.771,131.022,0.979,280.392,98.380,0.866,303.523,71.721,0.926
102.988,214.363,0.923,163.182,176.012,0.934,155.336,139.511,0.894,185.213,135.029,0.958,270.984,99.702,0.904,297.143,75.697,0.893
104.485,212.464,0.910,163.889,172.621,0.892,156.242,138.735,0.980,183.957,134.487,0.928,273.268,96.220,0.927,296.774,77.217,0.914
104.059,212.986,0.912,162.605,170.400,0.911,151.075,144.566,0.929,185.871,135.709,0.850,272.201,101.600,0.973,292.813,77.439,0.877
109.430,210.768,0.938,164.821,168.924,0.905,150.828,143.603,0.915,185.684,138.806,0.881,267.715,97.870,0.905,294.291,78.077,0.908
109.297,213.398,0.871,162.227,165.014,0.936,147.555,144.794,0.945,184.607,136.599,0.932,263.784,97.686,0.942,289.882,78.918,0.884
115.090,210.592,0.934,160.597,165.311,0.868,145.940,144.927,0.916,187.142,142.615,0.905,263.658,96.074,0.925,290.431,76.529,0.990
116.111,205.940,0.883,160.250,163.223,0.962,149.737,150.166,0.903,186.433,141.478,0.935,262.124,99.701,0.935,287.801,77.281,0.890
118.707,208.431,0.932,159.047,160.728,0.909,147.249,147.832,0.941,188.436,145.649,0.918,259.699,96.490,0.942,286.175,76.530,0.916
121.370,202.372,0.952,157.773,163.296,0.871,146.013,150.908,0.947,188.672,143.067,0.940,259.439,94.363,0.955,287.551,78.426,0.893
123.335,201.990,0.933,152.276,159.118,0.932,147.105,155.055,0.911,189.151,145.204,0.884,256.949,95.910,0.897,283.706,76.685,0.924
124.220,202.825,0.909,152.641,157.928,0.960,147.025,154.999,0.931,189.854,148.914,0.884,255.778,93.271,0.897,285.930,79.147,0.963
127.502,196.452,0.910,145.888,161.526,0.908,142.498,158.184,0.888,190.995,150.923,0.901,250.402,92.922,0.897,280.153,80.696,0.933
130.218,199.214,0.904,147.766,155.428,0.946,147.885,157.005,0.956,192.455,150.176,0.921,255.130,94.198,0.926,280.605,80.020,0.933
127.289,193.470,0.914,146.065,155.353,0.972,146.008,156.372,0.980,195.705,152.075,0.919,246.842,97.662,0.916,280.748,79.430,0.947
125.047,189.278,0.901,145.189,154.865,0.890,146.732,161.230,0.846,194.587,151.969,0.904,243.250,98.049,0.956,272.034,80.836,0.919
126.445,192.488,0.898,137.531,159.362,0.865,149.351,161.831,0.935,197.350,149.660,0.899,246.935,97.559,0.930,276.450,82.196,0.941
122.679,190.826,0.937,136.874,153.762,0.919,150.374,167.101,0.946,193.781,154.270,0.901,241.302,95.061,0.881,272.167,80.453,0.944
121.362,186.684,0.901,134.999,154.866,0.930,151.148,167.141,0.899,200.938,152.478,0.900,242.342,98.832,1.000,273.021,83.369,0.893
119.851,186.264,0.860,129.539,155.511,0.927,148.690,164.544,0.973,203.464,152.790,0.981,240.187,99.296,0.887,274.559,88.353,0.949
120.474,181.460,0.969,128.422,154.303,0.939,151.464,164.201,0.878,206.983,154.418,0.915,240.605,96.305,0.937,269.253,83.544,0.889
120.395,183.582,0.946,124.774,158.416,1.000,153.198,170.465,0.909,209.968,156.840,0.938,238.827,102.495,0.984,270.426,84.996,0.948
120.152,184.626,0.960,121.821,157.722,0.945,154.492,171.641,0.961,206.180,154.108,0.882,234.453,100.506,0.902,266.937,82.824,0.954
115.917,177.261,0.934,120.075,162.434,0.943,157.001,169.807,0.943,213.145,154.387,0.942,235.537,102.327,0.893,267.747,88.700,0.888
112.036,176.195,0.903,117.681,159.063,0.945,158.026,169.446,0.952,215.476,153.729,0.911,227.619,102.126,0.902,270.121,86.782,0.918
106.472,176.315,0.907,115.770,162.754,0.883,162.706,172.980,0.958,215.864,154.756,0.916,234.630,104.963,0.893,264.641,88.520,0.933
105.076,179.398,0.906,112.970,161.420,0.928,164.733,173.436,0.944,220.407,156.818,0.890,231.275,108.442,0.917,267.472,92.296,0.905
102.983,174.398,0.924,112.299,161.643,0.887,162.866,173.074,0.920,222.284,158.094,0.934,230.281,104.434,0.954,268.940,92.357,0.879
98.555,175.630,0.932,109.768,163.109,0.882,169.192,177.059,0.868,222.516,159.113,0.918,225.143,108.744,0.907,267.983,91.655,0.948
99.396,174.605,0.934,109.765,164.393,0.919,168.960,172.744,0.954,226.203,157.307,0.892,226.350,108.442,0.915,267.014,95.352,0.900
90.900,174.388,0.940,107.456,170.138,0.889,173.791,179.256,0.876,229.303,153.769,0.940,229.730,109.821,0.871,265.088,97.899,0.843
88.016,174.730,0.887,105.652,169.502,0.949,174.853,176.264,0.846,225.891,153.521,0.893,228.261,110.420,0.924,265.490,97.469,0.908
87.177,177.926,0.930,105.034,168.343,0.964,173.900,175.358,0.900,229.343,150.170,0.923,226.263,115.021,1.000,265.393,96.930,0.925
87.505,176.543,0.915,111.384,172.951,0.957,176.559,174.441,0.921,230.357,151.142,0.888,225.521,114.151,0.907,268.313,97.772,0.932
77.074,182.349,0.941,105.111,174.355,0.903,183.835,173.818,0.906,232.178,150.423,0.954,227.547,116.950,0.923,264.099,101.365,0.909
76.380,178.324,0.843,108.408,177.118,0.921,182.015,176.186,0.937,233.642,150.018,0.894,228.120,116.857,0.900,267.411,103.595,0.896
78.213,184.031,0.951,104.415,176.982,0.911,188.878,174.882,0.918,236.185,146.988,0.933,226.093,116.037,0.923,267.752,103.205,0.890
72.065,184.284,0.898,106.200,185.511,0.885,189.751,173.882,0.919,238.437,149.411,0.949,225.080,119.203,0.954,268.883,105.697,0.900
75.571,182.056,0.932,106.876,184.164,0.937,189.243,171.057,0.949,243.836,152.361,0.938,226.923,119.181,0.966,267.592,104.692,0.939
68.105,187.903,0.881,108.880,179.000,0.916,193.782,169.463,0.932,243.546,145.630,0.929,229.630,126.570,0.879,271.732,103.880,0.937
70.474,189.187,0.947,108.018,187.693,0.919,198.786,173.230,0.950,238.338,142.622,0.899,224.622,120.300,0.947,269.637,104.934,0.902
67.033,188.984,0.976,111.218,187.156,0.905,198.334,165.850,0.906,241.029,142.776,0.930,227.204,122.515,0.922,276.404,109.171,0.870
67.322,191.124,0.927,113.906,189.783,0.919,200.375,168.390,0.941,247.571,141.853,0.891,229.213,128.395,0.904,274.975,105.592,0.976
63.846,195.341,0.941,117.084,187.387,0.866,199.674,170.039,0.897,246.845,143.322,0.946,232.211,122.515,0.889,278.765,109.329,0.976
62.547,195.885,0.890,115.036,187.977,0.929,199.693,164.450,0.947,245.787,138.133,0.925,229.572,124.683,0.874,275.382,114.222,0.896
67.481,199.189,0.932,119.053,191.798,0.921,204.396,163.669,0.911,240.283,141.974,0.929,233.505,129.624,0.906,279.021,110.627,0.894
65.369,201.090,0.946,116.331,191.320,0.910,203.807,160.897,0.895,244.860,134.678,0.916,235.345,129.495,0.890,281.350,112.078,0.889
65.409,204.606,0.926,123.808,197.737,0.911,203.412,163.078,0.914,243.004,134.628,0.911,233.067,128.905,0.878,282.191,113.152,0.986
66.168,203.050,0.916,125.424,195.263,0.859,204.401,162.022,0.900,243.768,133.331,0.932,237.131,133.921,0.881,281.646,113.117,0.917
67.720,203.984,0.892,130.192,196.302,0.905,208.980,156.487,0.909,244.562,129.158,0.888,238.169,132.970,0.951,285.375,117.549,0.901
74.233,210.261,0.922,130.358,196.590,0.894,205.796,156.012,0.908,243.625,131.923,0.909,241.133,131.725,0.922,285.269,113.135,0.908
71.664,207.854,0.935,136.497,196.998,0.939,206.005,152.166,0.914,241.976,129.674,0.922,240.443,131.834,0.944,286.205,116.576,0.961
74.651,213.372,0.948,136.917,195.650,0.969,206.711,151.352,0.883,239.171,126.661,0.953,240.134,136.762,0.934,292.813,115.386,0.890
82.116,211.761,0.878,137.265,193.148,0.959,204.602,150.222,0.877,243.166,124.764,0.887,245.328,133.070,0.937,294.560,111.536,0.911
79.958,211.750,0.904,143.767,194.332,0.915,205.623,152.639,0.939,239.997,126.158,0.874,249.789,135.304,0.922,295.550,113.331,0.903
83.616,215.583,0.927,146.224,194.338,0.924,205.173,147.775,0.900,242.551,123.653,0.921,249.742,132.796,0.948,291.600,114.158,0.886
87.300,216.207,0.927,148.773,192.628,0.917,200.527,150.382,0.893,236.001,122.233,0.950,250.934,136.776,0.924,295.166,116.177,0.906
89.012,218.370,0.981,150.915,188.999,0.917,199.237,147.376,0.923,236.775,122.741,0.974,249.114,136.353,0.922,298.321,111.006,0.948
91.336,213.708,0.942,149.601,191.221,0.955,201.469,146.450,0.949,236.359,121.588,0.877,260.213,132.959,0.976,299.583,114.205,0.959
98.413,220.143,0.952,154.340,192.326,0.895,198.693,146.542,0.853,238.468,119.913,0.917,258.215,134.465,0.879,300.909,111.925,0.934
99.637,215.302,0.993,159.803,190.293,0.880,197.593,141.828,0.936,229.316,117.697,0.961,257.863,137.062,0.879,301.933,113.932,0.962
100.846,215.018,0.896,159.869,188.895,0.933,196.582,143.294,0.932,228.834,120.948,0.939,260.086,134.878,0.862,299.925,114.807,0.945
102.374,214.984,0.916,160.689,189.436,0.900,193.548,141.084,0.922,229.884,118.041,0.935,261.824,133.468,0.933,309.047,112.193,0.927
105.768,215.095,0.911,164.434,187.213,0.909,190.199,142.728,0.934,222.646,116.895,0.926,265.138,132.138,0.935,309.230,112.973,0.933
108.839,212.397,0.957,164.207,182.295,0.948,195.568,139.287,0.914,221.910,114.605,0.890,263.282,138.220,0.961,311.107,113.714,0.959
109.216,211.522,0.908,163.418,181.708,0.894,189.139,138.212,0.947,221.547,117.778,0.911,270.657,131.679,0.937,310.453,111.866,0.948
118.323,209.985,0.965,165.075,182.822,0.949,186.001,135.096,0.895,219.699,118.086,0.892,271.946,133.540,0.942,311.503,107.320,0.876
118.406,212.176,0.907,163.628,179.052,0.948,183.004,138.141,0.906,219.615,116.174,0.897,270.458,135.586,0.920,315.077,111.550,0.909
121.258,204.705,0.907,167.980,177.661,0.884,179.835,131.985,0.928,213.477,113.617,0.926,270.639,133.412,0.953,317.857,113.211,0.914
119.064,203.933,0.905,165.664,173.877,0.924,175.124,136.374,0.968,212.896,115.640,0.888,273.352,127.869,0.910,316.710,109.093,0.951
122.364,203.576,0.937,166.706,176.139,0.934,175.499,137.221,0.920,214.224,118.745,0.939,275.190,131.326,0.933,316.916,108.165,0.865
123.986,201.803,0.961,168.733,175.064,0.901,175.894,138.039,0.938,206.565,118.846,0.955,277.211,129.022,0.911,322.753,107.366,0.927
125.437,197.551,0.905,163.600,168.837,0.912,174.093,136.668,0.915,204.005,113.790,0.871,278.386,128.558,0.907,317.468,108.953,0.923
125.371,196.496,0.951,166.218,172.050,0.883,170.809,135.838,0.886,206.746,118.032,0.893,279.494,129.424,0.922,320.924,109.212,0.898
123.465,194.878,0.929,164.643,169.094,0.922,167.469,139.034,0.932,201.018,114.311,0.879,280.175,129.883,0.952,324.078,105.438,0.945
127.981,195.335,0.931,163.635,166.742,0.939,167.177,140.177,0.905,201.492,117.858,0.910,283.384,122.795,0.864,324.071,104.594,0.908
126.734,192.654,0.956,161.556,160.578,0.926,162.624,140.183,0.914,198.808,119.796,0.938,285.838,128.536,0.930,323.705,104.506,0.944
124.657,191.758,0.871,161.050,164.504,1.000,160.209,136.788,0.963,201.822,120.731,0.935,283.037,124.395,0.886,327.382,99.106,0.937
125.453,186.656,0.925,156.299,163.260,0.907,159.244,138.258,0.884,196.082,121.115,0.886,286.935,122.333,0.951,325.257,102.775,0.873
124.386,183.658,0.863,152.351,160.160,0.937,155.606,141.670,0.897,199.932,119.603,0.913,282.568,120.333,0.945,328.972,99.910,0.949
123.055,185.748,0.948,152.423,163.037,0.930,155.458,142.382,0.953,196.659,122.825,0.960,287.143,119.260,0.927,326.013,96.402,0.941
118.624,181.420,0.875,152.809,158.487,0.941,155.869,141.249,0.939,193.648,125.568,0.911,282.721,116.542,0.949,331.212,97.414,0.996
115.455,178.612,0.910,144.449,160.607,0.905,151.122,144.316,0.897,187.187,126.151,0.975,288.011,116.298,0.963,329.128,95.146,0.911
112.691,178.453,0.882,146.192,158.608,0.881,151.085,149.684,0.913,189.976,127.922,0.941,286.149,116.112,0.936,325.418,96.861,0.936
112.807,178.735,0.946,137.583,158.364,0.966,148.945,148.114,0.913,185.209,125.174,0.892,285.259,110.390,0.892,323.628,95.946,0.878
106.831,173.837,0.952,142.384,153.549,0.879,147.912,147.845,0.897,185.673,128.108,0.926,285.536,111.924,0.939,322.482,92.863,0.939
103.482,176.155,0.863,137.829,156.991,0.957,148.100,152.411,0.904,188.928,129.974,0.913,286.025,112.418,0.924,324.215,88.673,0.891
103.392,178.665,0.939,133.911,154.330,0.881,144.739,147.886,0.862,184.823,132.279,0.915,285.174,111.519,0.884,322.344,87.462,0.961
100.235,175.136,0.882,134.388,153.759,0.906,147.436,150.248,0.901,186.860,134.415,0.910,286.303,110.674,0.891,323.277,88.173,0.925
97.333,177.459,0.881,129.881,151.317,0.878,144.581,153.781,0.953,188.873,134.965,0.924,283.687,109.279,0.898,320.475,85.467,0.952
91.233,178.978,0.944,129.594,157.607,0.937,146.378,160.495,0.929,187.210,136.823,0.894,279.573,105.028,0.856,325.116,88.357,0.925
90.438,177.162,0.919,122.557,153.615,0.936,148.159,156.100,0.925,184.511,139.985,0.909,281.478,104.199,0.956,322.880,86.422,0.891
88.642,177.114,0.929,119.444,159.969,0.945,149.771,163.165,0.952,189.539,139.517,0.932,280.783,103.382,0.868,317.156,85.051,0.892
82.927,177.802,0.981,119.540,162.767,0.976,146.324,158.079,0.912,184.565,140.971,0.878,283.988,101.614,0.895,319.314,80.773,0.928
80.560,183.185,0.913,117.174,158.621,0.943,148.250,162.686,0.876,188.767,144.443,0.883,277.626,102.289,0.905,318.086,84.107,0.874
77.874,180.537,0.943,114.738,165.878,0.912,149.156,162.312,0.912,189.602,142.562,0.903,278.240,100.957,0.911,316.246,81.948,0.911
79.075,182.453,0.868,111.202,165.784,0.913,150.009,167.416,0.911,189.956,144.036,0.892,273.942,99.862,0.949,312.267,81.829,0.899
75.625,184.661,0.899,112.056,162.810,0.908,151.983,167.996,0.890,191.717,147.688,0.896,273.080,98.512,0.884,318.239,82.457,0.876
69.174,183.577,0.935,109.437,164.161,0.919,154.684,170.144,0.893,188.806,147.972,0.920,271.542,98.692,0.921,308.737,79.052,0.895
67.110,187.906,0.863,105.028,169.719,0.947,152.333,172.157,0.884,192.871,150.494,0.914,270.398,99.435,0.868,312.393,77.907,0.951
70.034,184.057,0.927,107.915,168.538,0.940,155.613,171.538,0.909,194.494,149.753,0.961,267.844,97.347,0.905,307.145,79.234,0.931
67.190,190.836,0.916,106.689,173.995,0.980,156.982,171.969,0.885,189.347,149.439,0.899,266.487,96.834,0.866,306.642,75.553,0.931
67.876,193.220,0.900,107.751,174.806,0.992,160.740,170.054,0.886,198.846,151.093,0.919,264.975,96.841,0.945,304.440,76.208,0.951
66.858,194.392,0.888,102.847,174.528,0.913,162.027,173.141,0.961,199.064,150.737,0.853,261.291,98.554,0.923,306.366,77.848,0.924
68.189,194.865,0.934,108.965,177.113,0.955,163.002,172.904,0.917,205.911,155.656,0.923,261.288,96.311,0.914,301.041,78.825,0.921
63.090,197.916,0.933,107.101,178.824,0.931,167.402,176.988,0.943,201.845,153.438,0.919,257.986,96.185,0.904,298.560,78.909,0.907
65.745,203.090,0.959,108.181,182.319,0.949,167.030,176.558,0.882,203.169,154.712,0.941,260.266,97.653,0.904,299.718,76.506,0.901
68.163,203.584,0.891,108.511,186.348,0.887,172.771,178.721,0.910,209.067,157.382,0.943,257.074,97.208,0.932,295.606,79.149,0.910
69.262,205.232,0.977,107.485,182.642,0.873,172.487,175.667,0.912,209.699,153.022,0.915,249.132,94.515,0.898,294.084,75.356,0.938
68.330,205.954,0.953,108.991,183.521,0.936,175.259,177.823,0.906,208.834,156.657,0.972,252.693,99.473,0.954,294.235,77.892,0.944
70.890,205.670,0.911,113.167,188.510,0.876,179.277,174.586,0.899,216.506,158.193,0.953,252.380,99.083,0.943,292.390,77.222,0.921
72.757,208.064,0.901,112.427,188.219,0.900,179.991,176.056,0.943,215.624,157.949,0.917,248.997,95.129,0.921,287.511,74.949,0.903
76.246,210.435,0.870,111.131,186.595,0.936,181.450,176.875,0.911,217.369,152.705,0.913,244.684,95.319,0.945,286.366,76.476,0.938
80.005,213.250,0.943,117.240,192.322,0.977,187.090,179.785,0.961,219.040,157.108,0.870,242.804,102.607,0.847,289.111,77.148,0.907
80.695,215.914,0.955,119.711,191.371,0.982,190.007,177.301,0.996,224.705,153.500,0.895,241.118,98.246,0.938,287.145,81.269,0.931
83.745,209.985,0.896,122.091,191.596,0.967,187.407,169.162,0.925,227.763,154.297,0.970,243.933,99.827,0.950,281.635,77.361,0.933
82.802,213.422,0.917,125.599,191.939,0.991,193.441,170.120,0.920,226.026,155.718,0.942,238.584,102.648,0.915,285.676,79.910,0.937
87.909,216.125,0.884,128.146,195.678,0.891,190.182,171.454,0.901,228.805,155.867,0.932,235.706,101.166,1.000,280.076,81.460,0.908
96.847,219.893,0.927,126.995,193.388,0.892,197.063,172.911,0.886,229.403,151.049,0.917,232.906,96.518,0.899,279.295,76.874,0.914
92.855,213.497,0.916,129.717,193.972,0.958,197.548,170.229,0.925,233.299,151.086,0.907,234.126,105.693,0.964,274.323,78.266,0.926
102.157,215.296,0.916,134.302,195.658,0.894,202.348,168.054,0.933,237.038,150.273,0.936,234.729,105.291,0.929,277.573,83.279,0.980
101.941,218.444,0.958,139.954,199.352,0.947,196.661,163.800,0.858,234.254,148.142,0.962,229.935,109.410,0.910,275.668,80.453,0.950
101.652,216.526,0.868,135.525,196.653,0.869,202.532,168.021,0.919,237.034,152.123,0.917,229.796,106.041,0.928,273.450,85.078,0.937
111.433,210.420,0.929,140.023,195.378,0.888,200.735,165.382,0.958,238.430,145.942,0.896,227.634,105.371,0.937,269.042,82.145,0.901
113.892,209.583,0.862,147.162,197.273,0.918,203.959,162.416,0.922,240.005,148.721,0.925,228.413,107.259,0.953,272.124,85.108,0.965
112.958,211.035,0.905,150.521,197.953,0.942,202.601,160.992,0.975,241.299,147.876,0.896,228.905,109.625,0.885,269.450,83.439,0.847
118.148,208.004,0.871,150.670,191.212,0.969,208.878,160.932,0.940,241.093,145.845,0.935,226.818,109.569,0.908,269.053,89.309,0.925
117.930,209.516,0.925,156.921,193.804,0.857,206.816,155.971,0.916,242.727,146.409,0.905,225.475,109.926,0.938,269.582,87.222,0.928
120.728,210.342,0.882,153.908,194.072,0.923,206.045,155.778,0.944,243.468,144.055,0.946,225.919,108.109,0.941,269.653,88.736,0.947
122.676,206.186,0.888,158.284,186.630,0.956,205.722,155.030,0.941,246.712,142.245,0.934,229.648,114.635,0.939,266.532,86.057,0.897
123.315,204.922,0.992,161.190,190.671,0.898,204.748,155.930,0.939,244.685,141.821,0.909,224.550,117.986,0.905,269.495,92.584,0.915
125.960,199.997,0.951,158.994,188.551,0.875,208.078,150.518,0.909,243.202,139.386,0.947,229.419,116.970,0.968,266.511,91.373,0.923
126.503,198.906,0.878,163.066,187.610,0.910,205.962,148.062,0.943,245.336,138.748,0.872,226.259,121.233,0.904,265.203,94.316,0.880
125.185,199.771,0.867,164.532,181.938,0.962,202.790,149.135,0.883,249.384,137.281,0.911,228.621,118.757,0.909,270.773,95.573,0.912
126.995,197.450,0.905,163.318,180.982,0.904,199.908,149.050,0.909,249.019,133.174,0.881,226.885,123.147,0.891,267.486,95.457,0.876
125.206,196.316,0.896,165.320,181.788,0.942,202.210,144.379,0.925,245.592,137.177,0.865,231.888,124.537,0.949,263.552,95.890,0.902
126.032,193.319,0.973,165.950,173.253,0.938,203.615,143.725,0.902,242.210,136.272,0.917,230.105,123.473,0.897,263.894,92.389,0.929
123.966,192.815,0.906,164.141,179.370,0.927,198.612,142.650,0.947,247.692,130.473,0.938,229.180,124.497,0.960,268.665,102.811,0.929
124.037,185.107,0.961,166.158,177.356,0.892,197.552,141.486,0.933,240.615,124.870,0.915,232.141,120.545,0.966,263.764,99.497,0.908
125.626,188.837,0.906,163.976,172.323,0.899,197.725,140.967,0.897,244.555,128.245,0.898,231.850,125.290,0.931,267.379,100.553,0.891
119.415,179.643,0.912,162.975,175.565,0.886,191.382,141.164,0.954,240.651,128.114,0.916,232.838,128.280,0.887,266.948,104.742,0.884
115.828,184.241,0.926,162.982,170.436,0.873,189.794,140.567,0.882,239.870,124.811,0.891,233.745,129.304,0.925,265.938,103.100,0.877
119.731,185.943,0.885,162.563,167.605,0.928,187.946,138.875,0.961,239.849,121.585,0.960,234.932,130.717,0.944,265.265,103.915,0.911
114.695,179.508,0.910,163.483,162.631,0.898,189.254,139.208,0.910,237.322,123.867,0.865,233.794,129.685,0.906,271.378,104.850,0.837
110.184,180.056,0.926,160.008,166.858,0.907,188.581,138.025,0.917,234.613,122.364,0.935,239.160,130.310,0.901,266.393,106.637,0.939
108.196,177.921,0.891,158.363,160.385,0.908,185.923,135.083,0.931,233.465,120.671,0.990,236.449,131.007,0.904,272.940,109.782,0.967
103.945,175.300,0.897,161.495,162.189,0.873,180.239,138.707,0.902,233.707,121.268,0.897,239.797,134.265,0.898,275.861,110.373,0.939
104.623,176.642,0.924,155.716,160.890,0.905,178.698,137.956,0.926,231.331,116.139,0.924,242.547,133.042,0.923,275.097,110.073,0.902
101.081,177.420,0.921,157.274,164.681,0.874,174.385,135.902,0.943,230.304,120.796,0.945,241.809,135.670,0.952,271.840,109.958,0.934
97.784,176.793,0.909,152.581,159.223,0.911,170.736,134.097,0.911,228.213,113.508,0.961,250.023,133.928,0.932,280.852,109.877,0.897
93.840,177.759,0.921,150.027,159.273,0.915,172.797,139.174,0.915,226.465,117.555,0.845,248.333,135.560,0.906,277.708,113.613,0.888
86.206,176.564,0.892,147.285,161.279,0.944,168.007,136.188,0.884,225.861,116.418,0.903,251.149,130.327,0.928,283.493,111.540,0.953
84.907,174.252,0.885,148.457,157.379,0.886,167.111,138.092,0.922,220.833,119.840,0.917,250.600,138.914,0.898,275.325,111.934,0.930
84.927,181.113,0.878,141.319,156.443,0.909,165.965,137.501,0.950,219.610,115.092,0.961,251.811,134.616,0.946,282.730,114.013,0.940
76.259,179.113,0.880,135.005,155.681,0.877,164.744,133.461,0.928,219.535,118.765,0.929,259.124,136.339,0.861,282.514,110.616,0.892
78.785,177.895,0.891,135.016,152.586,0.899,162.587,142.617,0.919,217.801,115.039,0.934,258.463,136.579,0.925,289.437,115.697,0.915
74.461,180.016,0.895,135.711,155.233,0.887,160.565,137.681,0.903,217.226,114.721,0.933,261.854,133.049,0.935,288.831,119.828,0.945
75.567,181.579,0.915,132.548,158.984,0.934,156.590,139.990,0.925,210.995,116.373,0.941,265.549,136.170,0.934,289.387,116.333,0.859
71.939,184.191,0.924,130.159,158.230,1.000,153.327,143.522,0.909,207.148,114.014,0.879,261.843,137.372,0.915,293.165,121.288,0.880
72.748,186.738,0.907,124.252,156.652,0.940,155.356,141.990,0.980,205.904,118.083,0.953,265.822,135.299,0.926,294.350,114.457,0.944
69.889,187.050,0.954,122.513,157.725,0.911,154.929,146.588,0.924,204.123,115.395,0.916,270.263,135.917,0.930,295.576,112.750,0.939
68.324,186.629,0.927,118.953,155.922,0.938,152.057,147.594,0.877,208.952,121.043,0.926,269.528,134.588,0.970,296.867,117.191,0.901
65.346,191.238,0.947,119.725,163.052,0.930,150.870,146.884,0.894,203.826,116.825,0.923,268.673,131.806,0.925,298.707,114.661,0.909
68.065,197.817,0.956,117.682,161.295,0.926,149.530,148.011,0.946,199.917,120.405,0.908,273.415,130.751,0.936,300.307,113.606,0.949
71.413,196.903,0.912,117.883,164.689,0.889,149.826,152.739,0.882,199.331,121.617,0.997,273.357,135.184,0.916,300.229,116.544,0.898
63.406,201.057,0.905,113.941,167.323,0.879,147.336,153.909,0.919,195.629,121.435,0.908,276.167,136.166,0.921,304.259,115.875,0.948
65.280,198.512,0.919,112.527,168.927,0.963,150.567,156.492,0.899,196.562,123.568,0.951,275.977,132.369,0.930,305.848,109.599,0.927
71.477,203.046,0.888,109.911,170.779,0.917,148.413,156.665,0.927,189.677,124.555,0.945,281.304,131.265,0.920,309.201,116.627,0.925
70.306,204.458,0.943,104.444,169.713,0.943,145.630,158.455,0.917,190.310,123.332,0.863,281.820,130.663,0.919,309.008,110.882,0.899
70.125,211.384,0.909,108.038,168.071,0.899,152.107,159.203,0.937,188.698,125.945,0.895,279.798,126.949,0.917,313.133,115.160,0.908
74.000,211.728,0.882,108.138,173.410,0.906,147.911,157.426,0.887,190.759,128.055,0.950,284.937,127.937,0.887,313.770,113.645,0.922
75.086,206.689,0.884,107.663,177.022,0.915,148.399,165.146,0.916,190.344,128.867,0.951,285.887,127.224,0.901,314.110,108.130,0.949
75.345,210.631,0.927,108.095,173.101,0.867,150.195,162.279,0.891,190.454,133.133,1.000,285.723,126.286,0.934,318.075,109.029,0.922
77.763,215.317,0.913,105.731,178.135,0.907,151.003,163.747,0.935,186.130,130.833,0.895,282.910,125.013,0.938,317.735,114.503,0.936
83.452,211.821,0.946,110.073,178.860,0.918,153.510,164.556,0.926,191.581,132.360,0.895,284.759,121.554,0.932,317.767,111.094,0.923
85.235,210.413,0.942,107.604,182.219,0.954,148.716,167.108,0.951,188.639,134.523,0.926,287.397,120.834,0.896,321.641,111.808,0.892
89.644,215.470,0.965,108.869,183.766,0.901,150.750,167.812,0.927,186.679,134.992,0.917,285.946,118.759,0.918,322.093,104.926,0.963
91.838,217.701,0.912,112.108,183.487,0.100,153.442,169.649,0.912,188.287,137.813,0.908,285.711,120.755,0.909,321.894,108.630,0.940
92.413,216.763,0.947,110.862,189.302,0.100,160.913,165.489,0.939,185.678,140.138,0.872,284.345,117.264,0.952,322.219,109.454,0.879
99.834,216.216,0.900,110.510,189.475,0.100,159.911,176.415,0.955,188.580,137.269,0.948,283.428,118.306,0.984,323.327,107.519,0.916
98.085,219.271,0.935,112.877,188.569,0.100,163.294,177.436,0.851,188.350,141.259,0.901,283.302,111.901,0.853,325.013,106.078,0.877
102.135,216.934,0.895,113.956,188.014,0.100,156.515,175.164,0.922,188.710,143.856,0.938,289.109,115.736,0.901,323.250,101.477,0.903
104.518,214.401,0.952,119.480,191.849,0.100,162.460,176.641,0.904,189.030,144.108,0.897,284.189,111.878,0.897,322.642,103.538,0.925
106.222,214.252,0.914,118.140,190.598,0.100,165.746,174.150,0.915,190.762,148.377,0.898,282.043,108.386,0.858,322.662,101.289,0.936
113.076,213.301,0.931,120.688,194.828,0.100,170.941,176.058,1.000,192.370,146.683,0.940,286.823,107.648,0.931,324.868,98.202,0.880
112.368,214.735,0.901,122.175,192.806,0.100,170.422,176.101,0.956,194.079,146.630,0.920,282.369,108.370,0.971,325.051,96.855,0.941
115.554,212.418,0.955,127.424,193.806,0.100,176.185,179.409,0.928,195.523,154.347,0.907,281.176,103.223,0.952,328.110,97.248,0.920
121.038,206.980,0.912,131.631,197.133,0.100,179.411,177.764,0.887,193.023,152.185,0.946,284.327,109.159,0.931,325.563,98.731,0.888
122.868,209.657,0.918,134.447,197.849,0.100,179.434,179.710,0.903,196.572,150.553,0.887,279.720,105.043,0.979,325.082,96.137,0.888
121.614,204.314,0.887,134.353,198.293,0.100,179.950,176.572,0.953,202.978,153.278,0.911,275.831,102.448,0.945,328.665,94.977,0.918
121.675,204.150,0.893,141.088,199.345,0.100,183.152,177.315,0.908,198.806,153.376,0.925,275.641,103.222,0.970,324.530,93.682,0.909
125.217,205.864,0.880,138.190,195.820,0.100,183.379,177.112,0.876,199.271,154.687,0.893,275.124,105.685,0.915,330.710,92.504,0.918
123.052,197.717,0.939,143.227,197.184,0.100,189.953,172.356,0.922,203.062,159.722,0.901,273.200,103.061,0.978,326.142,92.570,0.889
124.727,197.529,0.895,147.039,198.573,0.100,189.467,176.146,0.937,207.229,156.438,0.924,276.880,105.682,0.875,322.122,93.260,0.886
126.146,195.997,0.905,148.955,197.127,0.100,192.255,173.624,0.895,209.141,154.652,0.912,272.836,100.805,0.962,324.702,87.712,0.917
126.450,192.392,0.944,149.976,193.446,0.885,194.333,173.076,0.932,206.434,154.777,0.933,268.457,102.053,0.914,321.668,84.967,0.950
125.174,195.139,0.890,155.472,194.609,0.850,194.490,171.817,0.905,212.182,158.237,0.937,272.427,99.364,0.867,325.479,88.128,0.893
125.190,189.646,0.897,155.765,197.680,1.000,197.852,174.033,0.889,214.713,156.503,0.921,268.748,98.764,0.905,320.756,87.334,0.922
127.129,188.860,0.912,159.570,192.147,0.953,197.658,167.757,0.906,215.191,158.633,0.924,265.424,99.643,0.883,318.338,83.042,0.878
124.203,186.590,0.964,157.450,190.707,0.864,200.990,169.014,0.904,220.032,154.803,0.914,266.639,96.849,0.974,324.922,85.349,0.900
124.006,186.944,0.922,162.887,188.334,0.884,205.367,170.506,0.920,222.983,157.270,0.935,262.744,98.896,0.923,314.533,82.632,0.895
121.073,184.415,0.932,166.316,186.504,0.919,203.597,166.145,0.927,224.127,152.977,0.887,259.991,100.051,0.924,315.342,85.346,0.921
117.533,184.393,0.908,162.796,184.730,0.898,203.926,164.967,0.912,225.798,153.856,0.915,257.338,93.471,0.914,313.014,82.386,0.931
112.211,178.691,0.947,166.463,181.817,0.929,202.745,166.308,0.879,228.786,153.460,0.915,259.451,97.333,0.898,313.747,83.145,0.939
109.342,179.029,0.891,166.697,184.002,0.842,210.923,162.523,0.941,227.331,152.739,0.911,253.367,100.055,0.840,311.635,80.302,0.904
109.184,180.553,0.923,164.861,180.231,0.922,209.726,159.198,0.916,228.092,155.167,0.923,253.374,101.989,0.934,308.644,78.071,0.947
105.486,179.152,0.936,167.655,178.063,0.925,205.952,159.420,0.900,236.436,151.252,0.856,251.533,97.505,0.883,307.613,81.003,0.906
101.411,178.770,0.914,165.681,172.877,0.917,207.729,154.517,0.927,232.236,149.399,0.912,244.488,97.739,0.934,311.610,75.595,0.860
101.007,177.524,0.946,163.919,172.623,0.955,206.422,156.245,0.975,239.833,152.383,0.977,242.340,99.882,0.945,306.277,77.511,0.935
99.509,175.516,0.925,167.518,175.768,0.942,211.272,152.994,0.927,236.202,154.622,0.893,240.506,99.833,0.940,302.090,73.058,0.840
93.798,177.627,0.942,166.875,173.877,0.979,203.761,153.095,0.883,236.295,147.916,0.889,241.075,103.256,0.914,305.273,73.884,0.878
91.014,177.106,0.908,162.238,165.324,0.951,202.589,148.517,0.927,237.123,147.421,0.889,242.392,99.808,0.911,301.026,77.058,0.873
86.725,178.887,0.947,163.181,170.119,0.955,203.718,144.029,0.967,242.391,148.647,0.955,239.699,103.316,0.951,297.599,75.400,0.917
83.521,177.374,0.928,159.226,166.966,0.901,204.214,145.918,0.973,245.303,144.758,0.906,239.752,100.858,0.894,295.719,77.736,0.869
86.056,177.913,0.949,160.660,161.374,0.923,202.325,146.727,0.865,243.201,145.493,0.994,236.536,102.894,0.967,293.858,77.977,0.926
76.971,180.404,0.942,159.323,165.326,0.876,200.345,142.289,0.910,243.835,143.673,0.965,237.396,100.954,0.910,292.273,76.164,0.940
76.731,184.183,0.902,158.080,162.771,0.875,199.728,147.119,0.894,248.482,144.962,0.897,233.590,104.467,0.975,291.215,78.836,0.875
73.948,186.253,0.892,158.845,160.822,0.930,198.576,139.535,0.905,247.619,139.015,0.921,233.573,107.915,0.931,292.855,77.795,0.919
72.656,183.769,0.946,150.286,158.614,0.925,198.489,136.204,0.888,247.960,138.611,0.926,231.650,106.011,0.934,284.764,75.974,0.919
73.268,188.273,0.908,147.622,161.578,0.946,194.352,140.632,0.932,248.265,138.774,0.891,231.379,107.193,0.895,286.639,83.373,0.966
71.747,189.807,0.954,146.338,153.521,0.919,195.290,140.268,0.939,247.902,141.429,0.942,228.255,111.357,0.931,283.116,76.873,0.990
68.363,187.304,0.921,143.982,155.599,0.903,190.860,139.772,0.873,246.409,134.182,0.992,229.842,111.969,0.919,283.945,79.051,0.918
70.087,191.860,0.942,141.776,162.351,0.908,186.198,142.154,0.859,249.969,138.068,0.926,229.527,112.140,0.902,283.690,81.097,0.903
65.826,196.785,0.902,139.561,155.780,0.914,180.187,135.647,0.918,246.156,128.913,0.893,230.878,113.876,0.910,279.096,82.916,0.921
67.915,199.016,0.841,136.311,155.298,0.896,184.445,135.389,0.937,246.818,133.153,0.927,228.776,111.867,0.866,275.947,79.473,0.901
70.937,197.334,0.917,136.443,156.703,0.888,176.617,134.254,0.906,247.026,129.846,0.917,225.635,117.218,0.873,275.071,79.459,0.943
66.724,201.109,0.894,128.171,157.394,0.864,181.234,137.063,0.882,244.876,130.154,0.934,223.856,117.645,0.873,279.430,83.586,0.917
69.112,201.390,0.884,128.423,159.962,0.906,175.449,135.879,0.905,245.551,126.474,0.932,228.138,121.000,0.919,275.722,84.563,0.945
72.834,202.711,0.887,122.601,155.557,0.988,170.993,141.178,0.886,242.855,125.717,0.924,226.509,119.476,0.938,268.496,86.710,0.934
69.587,206.123,0.913,121.804,157.716,0.910,169.258,139.036,0.917,239.932,128.784,0.898,225.268,122.471,0.873,273.265,85.290,0.925
73.120,210.324,0.982,123.938,158.412,0.931,169.601,136.461,0.912,239.998,121.588,0.910,228.554,122.147,0.897,267.370,83.057,0.966
74.348,208.845,0.827,121.657,164.921,0.881,165.378,133.908,0.901,238.468,122.894,0.929,226.736,125.336,0.940,270.447,83.765,0.965
74.974,211.647,0.911,117.610,164.054,0.928,166.107,141.279,0.942,240.152,121.905,0.960,228.196,126.082,0.902,269.756,88.764,0.913
80.466,210.315,0.987,115.722,166.024,0.876,159.020,140.391,0.908,235.233,123.850,0.964,230.711,126.157,0.918,268.514,89.691,0.958
80.613,214.052,0.890,111.610,161.054,0.919,159.094,139.591,0.875,235.051,121.692,0.925,231.052,123.862,0.970,267.262,88.470,0.909
88.420,211.327,0.947,111.986,164.634,0.927,161.729,140.352,0.909,231.403,119.010,0.897,231.417,126.111,0.903,268.791,91.835,0.872
88.092,216.308,0.863,111.329,169.651,0.816,153.079,141.647,0.942,228.505,116.202,0.915,227.327,127.786,0.939,267.987,92.901,0.869
90.673,220.992,0.918,108.732,167.129,0.973,151.659,147.635,0.920,225.209,118.777,0.916,232.232,133.578,0.900,270.739,92.450,0.891
94.286,217.063,0.903,110.186,170.524,0.867,150.335,147.675,0.939,227.392,117.402,0.885,236.309,131.762,0.915,271.950,96.857,0.954
97.556,216.314,0.928,110.225,172.831,0.915,156.484,145.121,0.921,223.196,119.387,0.920,238.389,138.028,0.888,265.768,95.337,0.882
100.098,219.477,0.936,106.726,175.081,0.901,151.519,147.498,0.920,219.574,118.376,0.932,241.404,133.041,0.919,267.350,100.195,0.886
103.722,215.502,0.984,109.113,174.086,0.932,155.217,148.679,0.944,215.649,120.008,0.100,239.380,131.115,0.904,269.190,98.308,0.941
105.501,218.928,0.920,107.749,177.923,0.955,145.062,153.209,0.905,217.709,116.516,0.100,236.667,135.736,0.908,268.495,101.396,0.913
108.593,215.794,0.899,105.096,178.105,0.885,149.477,149.387,0.921,210.441,118.299,0.100,242.360,137.464,0.897,268.710,102.304,0.977
113.454,214.111,0.929,108.829,183.124,0.942,146.498,151.034,0.893,213.107,113.644,0.100,245.001,132.784,0.955,267.127,102.021,0.889
110.771,216.116,0.920,109.233,186.374,0.846,148.081,152.596,0.909,211.963,118.193,0.100,243.695,138.480,0.926,274.229,101.244,0.882
115.895,210.715,0.936,114.284,188.465,0.959,148.189,156.754,0.907,204.729,120.220,0.100,250.412,137.796,0.886,268.483,101.980,0.941
119.741,211.663,0.888,110.500,191.168,0.885,146.092,162.650,0.887,209.201,123.219,0.100,251.508,139.791,0.919,274.085,103.320,0.926
122.395,207.826,0.914,111.215,188.076,0.922,149.028,161.058,0.940,201.706,115.625,0.100,253.186,137.437,0.919,268.766,111.116,0.928
122.649,205.682,0.925,114.012,190.955,0.948,149.517,164.759,0.940,203.211,123.116,0.100,257.655,138.796,0.917,274.440,108.001,0.887
125.139,208.791,0.898,114.796,195.253,0.922,150.807,165.506,0.942,203.923,121.134,0.100,253.856,137.929,0.918,272.185,111.048,0.870
125.303,203.353,0.914,123.488,187.226,0.950,149.352,166.884,0.916,200.742,122.391,0.100,258.413,140.328,0.993,271.778,109.443,0.951
123.103,200.930,0.940,118.801,194.362,0.905,154.274,168.289,0.950,198.045,120.070,0.100,260.806,138.821,0.941,275.939,111.662,0.960
129.207,203.717,0.880,125.087,192.629,0.920,155.175,168.037,0.907,192.596,123.641,0.100,265.269,135.998,0.926,278.149,113.135,0.929
128.036,198.853,0.929,122.736,196.174,0.908,156.039,170.726,0.945,195.896,128.660,0.100,267.942,138.235,0.965,279.417,113.909,0.935
125.431,199.513,0.965,127.816,195.728,0.918,152.510,170.727,0.902,194.655,125.743,0.100,267.654,136.309,0.910,279.877,115.047,0.870
129.815,195.822,0.978,134.049,196.697,0.978,159.243,171.342,0.972,195.355,125.584,0.100,270.054,135.290,0.903,280.732,110.583,0.919
127.417,193.141,0.912,137.849,197.023,0.902,159.659,174.285,0.945,193.656,128.309,0.100,267.271,137.800,0.902,284.127,116.073,0.932
123.696,187.780,0.917,133.047,199.173,0.878,158.372,175.619,0.903,186.612,129.925,0.100,273.522,134.849,0.920,282.186,118.551,0.925
125.744,190.222,0.893,138.311,197.330,0.957,166.658,175.000,0.892,188.544,128.613,0.931,271.684,136.227,0.847,281.820,111.556,0.957
122.909,184.567,0.948,143.289,198.835,0.926,165.816,176.639,0.928,190.632,131.550,0.922,276.164,131.184,0.927,289.277,119.378,0.922
121.523,186.035,0.949,144.615,196.971,0.909,167.702,178.434,0.906,190.717,136.096,0.900,277.389,132.503,0.893,288.805,118.706,0.943
116.451,183.096,0.939,146.187,195.997,0.874,171.991,177.209,0.957,187.222,139.907,0.879,274.621,133.200,0.962,291.620,119.257,0.920
114.112,183.998,0.932,147.768,197.322,0.874,175.641,179.041,0.913,188.347,138.141,0.894,276.734,129.836,0.900,293.162,119.321,0.879
110.957,182.242,0.927,151.608,196.594,0.947,173.990,179.742,0.947,189.677,137.208,0.918,282.573,132.452,0.933,296.454,113.321,0.963
108.732,177.248,0.992,153.079,193.244,0.885,176.273,179.359,0.993,188.600,142.319,0.953,280.712,130.218,0.933,295.926,120.071,0.963
102.266,180.523,0.961,159.167,194.297,0.913,180.715,175.220,0.915,188.320,142.087,0.884,279.900,132.895,0.920,301.179,119.374,0.946
106.037,177.230,0.930,158.341,193.552,0.962,182.923,176.653,0.901,186.111,144.847,0.914,279.643,126.021,0.945,298.111,119.503,0.899
98.417,179.019,0.923,160.751,191.322,0.906,184.803,178.566,0.894,186.361,145.756,0.940,284.549,129.569,0.930,301.291,116.952,0.896
98.792,178.212,0.964,160.241,188.010,0.934,186.398,180.864,0.916,188.635,147.267,0.918,288.302,129.029,0.928,304.268,116.543,0.916
91.931,177.359,0.911,165.780,184.781,0.937,191.763,177.362,0.883,192.217,148.298,0.868,283.173,124.338,0.917,305.035,117.810,0.882
91.669,177.886,0.950,163.462,188.269,0.925,194.087,176.037,0.952,190.853,147.587,0.879,286.028,120.983,0.985,306.950,117.434,0.983
86.028,179.837,0.949,167.521,183.633,0.906,192.985,172.287,0.889,192.327,147.432,0.974,289.414,122.134,0.944,307.760,116.846,0.928
85.452,181.178,0.894,165.173,182.103,0.890,197.331,174.886,0.912,194.080,151.804,0.937,284.243,119.022,0.901,313.689,112.414,0.959
79.505,182.476,0.913,166.170,180.313,0.942,197.053,172.803,0.851,196.359,150.699,0.951,284.822,118.790,0.861,308.524,117.007,0.908
78.897,179.413,0.865,169.415,176.430,0.909,201.762,172.677,0.940,197.709,153.782,0.932,286.821,119.419,0.902,310.558,115.818,0.942
78.970,183.261,0.954,164.882,177.888,0.947,200.682,172.928,0.927,198.226,152.416,0.943,287.240,117.377,0.945,315.148,114.326,0.905
75.869,186.217,0.915,166.489,175.062,0.911,203.080,172.982,0.921,202.809,155.165,0.888,284.490,113.287,0.913,316.573,115.692,0.869
73.817,191.355,0.921,168.452,177.893,0.892,205.699,166.969,0.931,199.781,154.322,0.906,289.988,115.314,0.934,320.284,114.125,0.925
70.058,187.175,0.928,167.301,172.350,0.925,205.320,166.136,0.960,200.109,155.588,0.928,285.317,111.005,0.957,318.583,111.968,0.919
65.967,189.432,0.927,164.109,169.664,0.931,205.342,165.686,0.890,204.242,156.930,0.865,285.912,111.999,0.945,323.103,108.784,0.893
67.459,194.653,0.923,163.708,169.371,0.900,210.570,165.023,0.961,210.666,156.133,0.940,286.552,105.540,0.921,324.310,109.257,0.876
67.421,192.601,0.953,161.466,165.591,0.873,206.641,160.193,0.923,210.886,155.943,0.938,284.309,107.295,0.884,320.930,105.535,0.914
70.921,194.891,0.970,165.453,165.044,0.885,207.732,160.035,0.911,212.031,158.657,0.928,284.139,109.013,0.904,323.097,107.622,0.892
68.947,200.900,0.905,159.201,163.427,0.884,206.190,161.149,0.938,215.723,157.059,0.940,282.291,106.842,0.889,323.738,108.148,0.903
68.616,201.591,0.923,157.178,165.751,0.923,206.752,158.391,0.896,216.277,156.430,0.986,285.831,106.866,0.975,322.760,105.818,0.938
67.321,203.480,0.941,155.178,159.748,0.894,208.352,156.126,0.903,222.464,159.315,0.873,281.376,104.289,0.912,328.453,105.445,0.954
67.849,204.164,0.951,153.505,162.963,0.945,207.009,155.038,0.841,220.896,157.419,0.925,277.890,104.882,0.939,328.440,102.112,0.956
71.725,203.689,0.917,154.586,165.190,0.985,207.346,149.505,0.869,222.434,155.302,0.908,277.633,102.926,0.969,326.227,101.919,0.884
71.136,207.972,0.902,150.036,159.046,0.931,205.867,150.953,0.951,223.186,155.519,0.937,279.001,101.808,0.959,327.462,98.582,0.916
72.927,209.440,0.931,148.757,158.760,0.861,204.978,147.214,0.917,222.587,157.406,0.948,273.348,99.101,0.862,323.164,98.264,0.918
79.423,207.767,0.879,144.255,157.252,0.927,202.371,147.020,0.951,228.216,156.342,0.933,268.524,99.477,0.918,330.483,98.762,0.875
75.855,212.410,0.902,141.864,158.960,0.907,198.507,142.412,0.919,232.532,152.902,0.881,274.427,98.527,0.916,332.404,99.889,0.901
79.706,213.810,0.916,139.218,158.817,0.926,201.892,146.820,0.931,233.729,152.552,0.904,268.688,102.094,0.950,325.118,95.044,0.973
82.414,216.338,0.948,134.161,156.799,0.887,196.100,141.281,0.914,236.375,155.061,0.929,267.981,98.725,0.984,326.288,97.697,0.888
84.419,215.641,0.965,135.104,159.585,0.945,200.227,142.758,0.873,238.978,152.966,0.947,264.118,95.872,0.907,326.187,94.580,0.947
85.841,218.454,0.933,129.337,159.689,0.930,194.468,142.621,0.897,237.852,152.578,0.901,258.750,97.813,0.889,327.556,93.166,0.908
94.252,216.622,0.949,129.061,158.535,0.906,197.211,143.009,0.886,241.499,152.670,0.892,259.253,101.378,0.929,325.414,91.651,0.910
91.995,220.785,0.887,123.142,161.134,0.924,195.868,142.064,0.956,242.049,152.803,0.938,258.763,100.430,0.962,327.418,90.599,0.996
96.151,222.746,0.898,119.879,160.675,0.987,187.012,136.919,0.958,243.056,151.798,0.943,257.724,100.456,0.926,327.316,93.920,0.929
101.625,216.248,0.902,120.307,162.849,0.934,185.441,138.378,0.937,243.340,147.499,0.932,255.235,99.520,0.934,323.993,88.062,0.930
101.737,220.013,0.923,116.469,162.021,0.917,183.927,138.733,0.961,244.519,144.486,0.908,254.240,99.520,0.933,319.818,89.168,0.935
106.957,218.712,0.909,121.214,164.283,0.923,180.469,141.557,0.901,245.574,144.719,0.928,250.911,98.261,0.950,321.625,88.780,0.907
109.698,218.282,0.889,111.538,165.412,0.941,177.723,137.656,0.894,249.583,143.186,0.906,246.488,97.055,0.926,323.276,86.659,0.913
112.546,214.980,0.802,113.027,167.379,0.942,181.214,134.574,0.912,245.644,142.059,0.939,247.933,96.991,0.875,317.602,84.145,0.888
115.384,214.513,0.918,111.081,166.908,0.879,176.334,136.049,0.890,245.241,139.831,0.881,250.984,97.879,0.913,324.846,83.713,0.920
115.298,213.721,0.896,106.038,168.975,0.906,174.856,140.561,0.925,247.935,140.315,0.970,243.770,97.735,0.933,319.039,83.003,0.916
119.247,211.887,0.958,109.259,171.312,0.937,173.747,139.386,0.883,245.517,137.708,0.920,242.398,104.244,0.929,317.436,79.642,0.909
124.902,212.817,0.943,107.291,179.496,0.910,167.178,139.697,0.859,244.505,136.483,0.971,239.302,99.571,0.898,317.058,81.190,0.841
126.382,212.690,0.960,109.252,177.869,0.932,166.626,138.277,0.948,247.137,135.221,0.921,238.125,99.399,0.909,310.923,80.290,0.950
124.329,205.181,0.846,106.103,177.662,0.953,164.036,140.353,0.920,246.846,130.719,0.931,238.209,105.520,0.901,313.132,80.676,0.883
128.796,201.862,0.932,111.798,180.595,0.911,162.705,140.195,0.916,248.185,132.451,0.913,233.480,103.801,0.959,312.221,80.046,0.944
125.570,200.393,0.922,108.910,179.700,0.931,164.406,145.272,0.980,246.738,130.760,0.918,234.309,101.825,0.945,307.134,77.470,0.908
125.224,203.165,0.918,106.837,183.181,0.911,158.070,142.899,0.895,245.812,128.531,0.920,233.338,108.433,0.912,307.411,80.565,0.892
124.092,199.120,0.930,107.505,181.625,0.916,155.218,140.979,0.944,242.627,133.148,0.937,232.556,107.123,0.843,306.508,80.299,0.903
125.747,196.291,0.929,111.676,184.662,0.960,156.593,142.408,0.924,243.420,127.454,0.982,232.425,107.553,0.933,305.553,78.373,0.942
128.413,191.101,0.899,108.911,187.892,0.969,157.179,145.777,0.958,243.239,129.195,0.914,231.064,107.083,0.917,299.197,76.909,0.950
126.040,191.444,0.905,115.020,189.015,0.887,151.635,147.661,0.859,242.964,123.289,0.933,228.026,108.308,0.951,299.015,82.407,0.929
128.900,189.434,0.875,114.531,191.289,0.903,148.075,148.029,0.931,243.254,124.605,0.896,227.986,109.179,0.955,300.375,77.663,0.952
125.841,191.630,0.925,117.439,193.195,0.936,152.088,151.221,0.936,240.324,123.682,0.930,227.338,113.305,0.908,298.352,80.110,0.922
121.754,186.559,0.905,116.125,191.616,0.940,148.339,153.737,0.944,233.858,122.106,0.925,231.101,113.405,0.896,297.549,78.173,0.918
120.051,187.080,0.920,121.140,195.136,0.956,150.121,155.218,0.941,236.929,120.606,0.939,227.535,115.557,0.918,292.457,76.861,0.875
117.856,182.526,0.931,127.898,196.739,0.881,151.032,156.066,0.918,232.584,121.637,0.951,225.351,118.148,0.971,293.688,79.007,0.928
117.856,183.597,0.857,129.536,198.172,0.898,148.458,157.202,0.941,230.485,119.938,0.882,225.782,121.150,0.906,293.243,80.728,0.941
112.467,180.528,0.915,130.965,193.858,0.939,151.515,157.157,0.994,233.129,119.832,0.883,228.398,123.887,0.919,285.544,79.821,0.910
110.419,181.505,0.904,130.664,199.873,0.891,147.480,158.871,0.903,226.540,120.394,0.908,230.207,119.494,0.904,289.391,82.661,0.878
106.057,181.209,0.880,135.674,196.922,0.928,149.048,161.077,0.895,222.796,121.537,0.918,227.708,125.350,0.949,283.331,80.376,0.858
107.103,175.923,0.895,137.286,200.842,0.947,145.483,164.214,0.950,223.518,116.776,0.964,227.299,122.810,0.918,281.163,80.828,0.889
100.717,181.056,0.959,136.830,201.073,0.898,149.853,163.366,0.912,218.198,116.637,0.961,229.413,124.981,0.958,278.364,82.475,0.887
96.996,182.061,0.875,141.850,197.002,0.905,153.987,165.311,0.898,218.960,118.344,0.938,228.214,128.309,0.899,281.276,81.210,0.903
92.125,181.759,0.876,139.060,199.726,0.897,152.948,167.337,0.930,214.591,120.999,0.991,229.973,128.046,0.916,276.189,80.402,0.956
94.007,179.160,0.905,148.401,198.683,0.862,155.779,169.070,0.885,213.470,117.941,0.831,231.780,126.418,0.985,272.531,82.840,0.892
87.869,181.334,0.897,151.756,196.936,0.961,156.967,173.428,0.851,212.701,120.375,0.896,229.173,127.629,0.871,273.391,84.181,0.913
85.991,180.690,0.900,155.508,193.466,0.871,152.848,173.894,0.942,210.360,119.402,0.900,231.580,132.032,0.958,276.363,82.622,0.890
82.524,180.476,0.927,156.239,194.557,0.948,159.227,178.839,0.967,206.091,121.064,0.963,235.402,130.437,0.909,271.343,91.383,0.993
80.349,180.564,0.935,158.654,193.340,0.948,159.521,175.595,0.930,206.191,122.040,0.880,236.545,134.429,0.918,275.449,87.987,0.957
74.328,182.206,0.879,156.912,191.446,0.909,161.637,177.388,0.882,203.306,120.416,0.953,242.012,134.375,0.921,270.859,89.153,0.912
74.514,185.485,0.853,163.115,191.357,0.947,164.063,177.411,0.890,199.298,122.349,0.909,240.469,133.825,0.907,270.848,87.813,0.941
71.951,186.688,0.888,164.041,192.160,0.923,168.835,174.849,0.895,198.653,120.437,0.927,238.730,134.656,0.911,272.100,92.163,0.959
76.776,190.618,0.949,165.938,190.350,0.932,168.135,178.155,0.923,195.705,121.348,0.942,241.976,136.078,0.962,268.140,95.284,0.938
73.698,189.077,0.931,167.267,184.538,0.940,167.500,179.439,0.903,195.057,122.607,0.901,246.441,141.771,0.896,266.201,93.908,0.906
70.766,193.973,0.964,165.388,184.133,0.889,171.109,174.009,0.913,197.629,124.688,0.945,247.718,134.881,0.977,267.364,95.393,0.893
74.062,191.033,0.953,167.416,182.984,0.949,179.210,178.832,0.924,196.075,125.227,0.850,250.286,140.262,0.969,268.737,96.071,0.950
71.163,195.576,0.899,168.354,181.687,0.949,175.693,178.920,0.922,190.222,129.916,0.904,248.827,138.290,0.888,270.764,94.327,0.916
65.765,197.948,0.945,167.965,174.619,0.885,181.183,179.159,0.946,192.316,130.020,0.941,251.819,139.010,0.893,268.263,96.635,0.910
66.060,202.225,0.877,170.032,182.037,0.893,183.022,179.722,0.939,195.700,131.463,0.889,254.049,137.407,0.932,265.462,102.914,0.885
69.668,206.190,0.930,169.678,176.088,0.868,185.718,180.448,0.860,193.080,133.164,0.957,259.699,137.738,0.937,268.930,100.620,0.929
69.818,202.362,0.887,166.601,174.553,0.933,187.164,176.003,0.883,188.353,133.411,0.967,263.615,139.647,0.911,269.401,100.559,0.927
71.516,204.761,0.943,169.347,175.824,0.964,190.696,175.662,0.899,187.836,134.478,0.865,262.233,137.751,0.931,269.249,103.498,0.872
70.880,207.740,0.908,166.119,171.856,0.944,191.756,175.937,0.927,189.330,131.842,0.917,267.024,138.517,0.882,267.505,105.447,0.917
77.942,203.574,0.877,165.558,166.607,0.956,193.871,172.820,0.927,188.727,137.146,0.974,267.927,135.475,0.920,268.875,106.762,0.883
75.536,213.983,0.881,163.660,164.297,0.923,194.351,176.540,0.913,187.751,142.802,0.908,266.185,138.512,0.944,270.100,107.374,0.919
80.710,213.308,0.937,161.941,170.985,0.947,199.192,173.379,0.873,188.885,139.261,0.950,270.527,133.456,0.911,271.236,106.971,0.951
83.840,218.455,0.931,158.169,163.514,0.914,200.735,173.596,0.874,192.373,141.706,0.929,271.546,138.001,0.887,271.679,106.676,0.939
82.396,213.950,0.917,157.862,163.441,0.932,199.753,175.294,0.893,187.337,144.835,0.851,276.156,136.549,0.971,273.481,105.925,0.943
87.528,216.545,0.941,156.409,162.291,0.900,205.126,173.173,0.900,191.030,145.680,0.941,273.537,139.805,0.957,272.217,109.377,0.925
92.504,214.471,0.959,158.375,165.044,0.907,205.183,167.507,0.883,185.800,145.602,0.915,275.103,137.285,0.899,277.171,109.061,0.936
95.279,213.411,0.903,154.215,162.691,0.907,204.255,163.546,0.859,191.934,149.173,0.922,280.845,134.539,0.901,272.186,113.372,0.955
96.978,217.039,0.866,148.898,160.162,0.943,207.789,165.804,0.947,190.010,150.236,0.902,279.236,134.788,0.938,279.355,114.491,0.910
99.501,221.129,0.946,147.367,161.859,0.961,205.356,162.758,0.905,196.357,148.355,0.928,281.605,132.329,0.970,281.881,115.314,0.933
101.927,216.012,0.902,146.381,160.404,0.926,205.362,164.980,0.856,195.659,150.354,0.977,283.708,129.541,0.953,284.150,110.023,0.974
107.419,222.735,0.888,145.174,157.539,0.948,208.286,161.200,0.916,197.669,151.445,0.974,286.286,136.048,0.849,281.474,121.336,0.933
109.092,219.270,0.917,142.654,157.537,0.940,208.177,160.613,0.953,197.534,153.748,0.910,281.330,127.564,0.980,284.163,115.652,0.938
111.117,216.137,0.951,137.569,161.115,0.908,210.703,155.018,0.942,197.681,151.071,0.944,283.488,129.947,0.914,284.383,116.421,0.917
112.732,214.972,0.865,131.539,161.910,0.912,207.969,156.189,0.890,199.467,154.200,0.922,283.063,127.671,0.935,282.518,116.645,0.909
113.617,217.268,0.959,132.790,163.029,0.872,213.116,154.172,0.886,199.041,161.308,0.909,286.997,126.612,0.954,289.610,118.161,0.916
118.427,212.424,0.951,126.594,160.794,0.881,206.239,154.775,0.924,205.821,161.082,0.900,283.055,123.600,0.947,293.425,117.916,0.920
124.735,211.523,0.925,129.017,162.350,0.867,206.494,148.132,0.901,207.693,158.476,0.953,288.602,124.022,0.954,292.985,118.637,0.905
122.026,213.907,0.912,123.632,160.403,0.950,205.541,150.358,0.923,207.372,154.168,0.916,289.629,119.409,0.931,294.084,119.957,0.934
123.432,210.816,0.895,119.889,163.672,0.942,206.121,150.101,0.925,211.958,161.565,0.902,288.767,118.847,0.886,297.061,116.143,0.914
125.670,207.098,0.939,117.498,164.467,0.870,203.075,148.362,0.928,212.694,158.550,0.918,286.571,119.572,0.894,295.990,118.972,0.908
126.863,204.833,0.880,117.995,165.220,0.950,201.513,146.716,0.937,218.266,161.461,0.878,287.565,118.029,0.919,298.369,116.145,0.940
126.994,206.163,0.857,115.705,166.424,0.886,203.452,147.041,0.919,217.102,160.451,0.966,290.565,117.764,0.918,300.751,121.998,0.988
129.901,202.876,0.935,115.952,168.027,0.899,198.483,143.917,0.832,219.773,158.323,0.935,285.891,115.712,0.946,306.045,116.683,0.888
129.442,201.137,0.952,109.445,170.478,0.952,195.769,143.217,0.895,223.330,160.583,0.937,285.962,112.501,0.939,302.721,120.983,0.919
131.003,193.802,0.888,111.876,170.018,0.911,194.456,143.243,0.930,225.386,156.784,0.933,284.954,115.643,0.913,304.822,119.869,0.878
129.360,195.995,0.907,112.516,173.568,0.942,193.829,140.613,0.926,225.342,159.480,0.962,288.984,111.021,0.885,307.666,115.426,0.903
127.729,194.536,0.936,107.164,173.136,0.968,193.202,140.970,0.976,227.483,159.251,0.917,284.901,108.026,0.911,310.722,118.261,1.000
122.036,191.580,0.947,108.396,180.296,0.900,182.527,139.891,0.983,233.874,158.284,0.929,284.917,108.054,0.942,311.034,116.461,0.935
125.222,190.015,0.905,108.639,178.200,0.938,184.130,142.297,0.920,235.886,156.225,0.910,280.841,106.460,0.877,312.502,117.531,0.877
121.822,184.310,0.926,110.252,181.053,0.928,182.269,138.330,0.910,234.920,153.530,0.916,282.867,107.836,0.894,314.778,115.793,0.929
123.319,185.416,0.954,108.775,182.293,0.955,177.264,143.033,0.919,237.630,156.885,0.921,280.643,108.019,0.916,315.309,117.407,0.930
119.102,178.754,0.865,108.512,188.138,0.916,177.619,136.851,0.966,232.901,155.453,0.915,284.769,107.837,0.947,317.638,111.188,0.983
115.001,184.285,0.939,113.101,184.432,0.954,175.949,137.221,0.956,240.337,153.024,0.903,277.576,101.390,0.865,318.491,116.369,0.901
112.817,180.604,0.901,111.233,183.632,0.950,174.971,135.794,0.941,235.510,149.947,0.952,280.556,103.882,0.905,317.928,113.586,0.992
108.714,181.046,0.919,116.657,187.471,0.921,171.415,137.059,0.952,241.130,151.913,0.901,274.499,101.322,0.817,318.895,115.190,0.893
107.102,181.931,0.937,115.614,190.663,0.978,169.713,138.424,0.901,244.699,152.996,0.871,274.998,99.446,0.955,319.589,110.720,0.976
105.805,181.378,0.905,117.242,192.188,0.912,166.452,140.734,0.924,246.322,150.542,0.902,274.816,100.682,0.950,323.418,108.726,0.896
104.443,178.870,0.878,118.065,188.861,0.932,166.327,145.445,0.930,245.655,145.659,0.907,271.086,100.383,0.859,326.735,108.097,0.925
100.000,180.466,0.911,121.684,196.358,0.874,160.021,143.382,0.921,246.539,147.031,0.906,268.237,102.878,0.884,325.411,108.070,0.959
97.455,177.451,0.945,124.826,193.776,0.902,162.662,139.484,0.975,245.650,144.919,0.944,267.952,100.919,0.941,328.195,108.262,0.946
94.528,181.320,0.924,125.693,195.122,0.920,162.236,142.589,0.956,248.439,139.638,0.938,260.676,96.932,0.900,327.285,102.449,0.917
89.077,181.430,0.908,128.015,197.988,0.929,155.641,141.283,0.920,247.231,141.879,0.954,266.595,98.014,0.974,330.338,107.383,0.946
89.710,180.663,0.889,128.730,199.598,0.928,160.651,143.314,0.883,249.346,140.942,0.955,261.592,102.482,0.963,330.032,105.164,0.967
81.314,179.525,0.931,132.780,197.822,0.893,156.269,145.902,0.945,244.945,140.406,0.931,262.002,95.988,0.972,326.572,103.855,0.924
81.642,181.831,0.914,139.489,198.618,0.928,152.202,149.964,0.878,246.718,137.860,0.891,255.752,98.583,0.912,329.958,97.317,0.916
77.915,184.327,0.936,140.000,197.069,0.924,151.412,148.509,0.936,247.592,138.986,0.912,254.489,105.240,0.877,332.542,100.421,0.924
72.826,185.615,0.908,140.735,196.507,0.897,150.159,148.697,0.903,245.050,140.746,0.870,255.050,101.382,0.909,333.052,98.811,0.925
78.111,185.759,0.936,143.541,197.439,0.953,149.132,155.052,0.964,248.268,132.623,0.884,252.688,97.366,0.912,327.183,97.520,0.991
69.098,189.027,0.956,145.394,202.735,0.900,149.296,153.664,0.923,245.610,130.171,0.898,250.383,99.435,0.920,329.824,94.579,0.949
73.058,192.219,0.892,147.467,197.927,0.861,147.632,155.532,0.940,245.855,131.882,0.884,242.221,101.479,0.916,330.014,94.457,0.920
74.152,191.068,0.948,150.874,199.194,0.940,151.271,157.685,0.908,248.456,129.014,0.933,246.839,101.508,0.897,325.530,95.610,0.865
69.358,192.926,0.890,153.292,196.084,0.878,151.262,159.443,0.861,242.909,129.650,0.996,248.139,100.627,0.864,326.713,92.721,0.836
69.054,195.055,0.939,156.020,195.466,0.911,150.116,159.294,0.940,243.617,128.090,0.922,245.963,102.345,0.925,330.114,92.736,0.926
65.334,199.225,0.872,158.758,191.938,0.896,147.672,162.085,0.942,244.111,124.876,0.919,242.474,101.597,0.933,328.590,86.446,0.989
68.808,202.840,0.893,161.872,194.072,0.893,153.714,164.225,0.914,240.239,126.775,0.904,238.385,106.267,0.916,325.716,92.102,0.958
72.712,205.869,0.869,161.178,191.501,0.893,149.221,167.999,0.922,237.490,126.615,0.955,239.530,104.283,0.938,325.070,86.620,0.907
69.590,206.032,0.931,164.121,188.020,0.896,153.388,171.220,0.956,237.314,125.131,0.933,239.404,108.089,0.944,320.743,87.073,0.845
69.822,206.397,0.911,164.269,191.087,0.877,147.809,170.417,0.915,239.479,123.296,0.919,237.042,101.818,0.883,325.729,89.642,0.911
68.577,206.790,0.862,164.518,187.134,0.935,156.365,166.566,0.941,232.668,120.595,0.990,235.115,104.204,0.915,321.204,86.896,0.873
77.501,212.048,0.922,166.884,183.730,0.886,148.473,171.171,0.936,235.812,121.802,0.884,236.147,110.919,0.881,322.685,82.996,0.926
77.741,212.996,0.899,168.229,182.517,0.887,154.630,171.458,0.902,232.145,120.429,0.877,230.902,109.302,0.912,320.095,81.756,0.942
78.546,213.549,0.954,170.010,183.544,0.940,159.849,175.298,0.899,225.258,123.215,0.937,232.615,107.093,0.963,318.088,86.259,0.910
83.687,218.646,0.901,167.304,179.414,0.893,161.600,176.234,0.895,221.866,117.104,0.916,229.589,110.329,0.953,317.920,81.853,0.890
83.185,215.002,0.898,171.858,174.440,0.860,162.750,175.645,0.911,224.179,121.999,0.898,230.211,112.929,0.901,310.778,81.165,0.884
86.388,218.762,0.922,169.072,180.590,0.895,166.192,175.904,0.945,222.769,117.605,0.944,230.394,113.533,0.934,312.136,86.597,0.905
94.247,216.083,0.894,169.656,172.374,0.956,167.221,179.920,0.910,218.464,120.693,0.867,223.772,118.245,0.893,310.606,82.888,0.964
91.251,219.589,0.947,167.352,174.681,0.928,170.921,179.322,0.913,216.929,122.923,0.930,227.687,115.938,0.917,308.686,78.547,0.937
96.737,220.256,0.860,167.364,173.113,0.910,171.434,179.476,0.930,217.096,123.161,0.893,229.179,118.080,0.917,306.958,81.163,0.898
99.751,216.966,0.991,163.636,173.108,0.863,174.803,181.667,0.917,209.345,118.109,0.902,231.258,117.138,0.935,308.398,75.196,0.965
102.646,224.032,0.886,164.893,167.627,0.942,174.946,175.621,0.962,210.508,120.906,0.909,227.667,124.465,0.950,302.270,83.687,0.935
105.577,221.389,0.915,162.467,166.451,0.924,179.935,177.205,0.973,211.138,119.162,0.895,233.515,123.566,0.923,306.639,82.032,0.950
105.996,215.165,0.962,161.989,168.255,0.991,180.120,178.962,0.940,207.274,121.550,0.913,229.947,125.978,0.927,299.046,77.387,0.919
111.277,218.072,0.931,160.121,166.726,0.893,185.173,179.874,0.913,203.888,122.469,0.920,235.666,121.977,0.925,298.730,79.323,0.875
113.877,217.912,0.979,161.277,165.690,0.905,186.800,174.652,0.927,206.126,121.861,0.952,228.338,128.226,0.908,297.584,79.207,0.928
115.669,217.662,0.946,156.603,162.885,0.879,187.690,181.256,0.931,200.899,124.134,0.882,230.310,133.985,0.913,292.519,77.225,0.859
117.792,213.339,0.877,151.161,161.738,0.911,189.392,176.328,0.909,200.943,125.509,0.921,234.743,129.816,0.930,294.186,81.672,0.908
119.687,211.256,0.926,149.629,161.285,0.913,194.534,180.497,0.947,198.862,125.439,0.919,235.146,126.583,0.957,293.914,79.721,0.891
122.060,209.721,0.969,146.858,163.161,0.915,194.931,176.333,0.864,197.272,123.574,0.957,233.428,129.644,0.929,291.704,79.269,0.952
126.218,208.187,0.961,149.227,158.028,0.961,196.481,173.657,0.870,193.245,129.579,0.948,235.062,134.566,0.922,289.551,82.334,0.936
126.910,207.134,0.990,139.824,157.534,0.945,201.386,175.825,0.930,196.383,129.337,0.899,235.709,134.061,0.854,288.396,79.408,0.952
131.285,204.695,0.933,140.261,161.664,0.907,198.861,174.809,0.882,193.066,133.477,0.919,239.883,135.795,0.901,285.424,80.887,0.916
130.005,204.217,0.859,133.707,159.807,0.914,201.129,172.738,0.911,195.213,129.512,0.953,242.286,129.028,0.896,283.504,86.116,0.963
128.111,199.715,0.907,129.398,158.784,0.916,204.121,170.695,0.964,191.039,131.549,0.925,245.535,136.348,0.949,285.739,83.034,0.958
128.399,199.002,0.913,132.569,160.854,0.876,207.164,174.881,0.894,188.800,133.134,0.962,244.175,135.216,0.902,279.794,82.056,0.924
128.979,197.839,0.890,127.023,161.616,0.876,205.148,170.837,0.888,190.123,131.106,0.953,245.702,136.727,0.892,276.930,84.387,0.888
128.145,196.869,0.942,124.399,163.424,0.879,205.781,167.174,0.924,191.125,137.225,0.886,247.558,138.102,0.937,279.281,80.808,0.949
128.051,195.107,0.904,123.768,163.120,0.909,207.480,163.548,0.908,190.880,138.502,0.948,247.143,138.555,0.897,281.044,85.922,0.931
130.812,193.853,0.921,121.444,163.906,0.929,208.101,162.329,0.949,190.142,142.833,0.887,247.396,141.091,0.915,275.373,86.471,0.892
125.212,189.536,0.941,119.135,170.602,0.898,209.142,161.740,0.913,191.501,145.129,0.897,252.702,140.433,0.948,276.403,90.905,0.930
124.081,187.358,0.928,117.527,165.465,0.903,208.290,162.415,0.930,187.771,145.374,0.928,255.161,139.723,0.877,274.264,90.134,0.940
119.469,186.034,0.897,113.050,163.800,0.892,207.640,161.941,0.924,191.251,143.943,0.912,255.883,136.979,0.907,274.643,90.769,0.956
116.643,182.616,0.934,113.543,168.297,0.931,213.397,160.555,0.924,188.269,144.267,0.930,262.355,139.642,0.873,274.257,91.881,0.951
116.944,181.693,0.942,113.349,170.331,0.913,209.136,156.889,0.898,191.454,149.837,0.934,260.634,142.301,0.926,274.029,92.185,0.936
113.759,178.940,0.897,112.680,172.635,0.975,207.779,155.367,0.936,194.631,144.815,0.957,257.307,139.722,0.952,268.519,93.625,0.965
112.210,179.244,0.934,107.962,173.917,0.910,206.072,153.265,0.902,191.943,148.719,0.924,262.224,135.143,0.851,268.728,95.369,0.968
111.601,180.693,0.906,111.635,177.007,0.904,206.514,152.620,0.958,194.740,148.986,0.914,267.398,139.777,0.957,269.689,96.302,0.888
104.844,183.258,0.887,109.245,177.970,0.944,204.912,147.869,0.869,193.721,152.571,0.900,267.355,139.696,0.926,271.799,96.185,0.920
101.406,181.511,0.933,106.023,180.233,0.984,205.801,149.055,0.896,196.592,155.641,0.902,269.967,138.379,0.905,272.468,98.119,0.908
101.608,179.853,0.934,108.184,180.073,0.928,203.881,147.940,0.892,198.024,152.512,0.932,273.342,137.425,0.903,271.589,102.331,0.928
95.656,178.230,0.920,110.307,183.870,0.928,202.857,145.187,0.925,201.973,154.774,0.942,272.123,135.102,0.921,265.061,94.731,0.963
93.552,182.240,0.873,109.461,185.131,0.968,197.921,146.497,0.956,205.335,154.011,0.909,274.854,140.909,0.966,271.528,99.460,0.944
90.204,181.722,0.924,109.556,185.533,0.898,196.693,141.965,0.897,204.994,158.645,0.918,274.816,129.417,0.922,266.136,100.052,0.947
91.254,181.042,0.846,110.782,187.567,0.946,196.750,141.473,0.911,204.144,154.622,0.919,274.173,138.189,0.940,271.007,102.597,0.928
81.343,184.227,0.954,114.881,192.504,0.904,194.692,144.241,0.866,206.603,156.527,0.916,279.389,130.307,0.933,271.102,106.600,0.967
80.446,181.297,0.975,114.523,192.023,0.935,191.878,142.366,0.905,206.536,158.552,0.864,280.792,136.560,0.962,273.963,106.363,0.929
80.960,185.258,0.994,114.785,192.173,0.916,190.141,139.196,0.921,213.516,159.725,0.967,283.302,131.881,0.967,271.007,104.317,0.941
79.770,187.894,0.918,120.156,192.587,0.931,188.800,140.863,0.946,216.506,163.895,0.894,282.114,132.969,0.904,272.224,107.615,0.953
73.427,184.718,0.918,118.902,195.298,0.903,182.099,135.962,0.950,218.174,158.526,0.940,285.044,128.990,0.932,273.013,112.009,0.964
76.144,189.206,0.904,124.046,193.494,0.908,185.594,137.747,0.927,218.291,160.464,0.877,287.965,126.349,0.907,274.364,111.195,0.878
71.431,191.187,0.949,124.864,198.519,0.954,180.209,141.512,0.922,220.586,159.584,0.905,284.455,126.154,0.908,276.278,113.610,0.898
69.806,190.372,0.933,129.107,195.022,0.884,175.332,141.046,0.937,223.569,157.166,0.903,291.771,127.277,0.919,273.478,110.238,0.853
69.198,195.756,0.925,130.448,197.119,0.886,174.910,140.655,0.872,227.557,159.982,0.863,289.472,128.862,0.957,282.728,114.845,0.900
70.686,197.217,0.956,133.669,196.028,0.929,172.638,140.005,0.907,225.874,161.182,0.984,282.598,124.345,0.896,282.810,114.782,0.947
70.795,198.277,0.940,137.428,201.803,0.942,170.765,139.904,0.892,231.778,155.639,0.877,290.262,122.079,0.910,281.696,113.576,0.872
68.252,200.379,0.931,142.237,194.162,0.858,169.716,141.764,0.838,228.981,156.828,0.912,293.568,122.102,0.881,281.371,117.418,0.906
70.916,206.508,0.857,140.998,195.926,0.897,163.742,141.017,0.960,234.455,156.099,0.980,285.191,121.033,0.961,281.543,117.015,0.926
70.565,203.959,0.966,143.700,199.414,0.879,166.500,144.476,0.846,234.224,155.674,0.899,289.602,120.234,1.000,286.919,115.269,0.927
70.080,210.363,0.926,145.626,199.713,0.929,162.406,146.672,0.891,241.108,156.233,0.905,286.967,117.177,0.898,289.508,120.372,0.935
77.286,209.502,0.928,152.252,197.923,0.953,161.801,142.474,0.929,237.733,159.322,0.956,291.307,117.459,0.904,289.683,119.728,0.903
73.690,212.769,0.883,152.419,200.364,0.882,159.479,146.714,0.939,241.578,153.581,0.911,290.085,121.330,0.943,289.490,118.709,0.891
77.818,212.251,0.909,154.329,199.055,0.924,157.723,147.852,0.917,241.565,155.681,0.904,287.139,114.038,0.898,292.239,120.229,0.915
77.515,216.809,0.899,152.670,197.885,0.993,156.129,149.169,0.965,243.971,154.422,0.888,288.850,113.624,0.914,291.725,116.968,0.904
81.434,214.850,0.916,162.174,197.064,0.923,157.073,150.765,0.891,247.583,147.375,0.920,283.314,112.921,0.907,293.919,122.479,0.950
85.124,219.072,0.880,162.501,193.816,0.910,157.277,154.273,0.959,246.199,146.195,0.918,285.213,111.951,0.943,298.471,120.062,0.875
88.074,220.520,0.867,161.637,193.121,0.929,149.621,153.634,0.959,244.765,150.353,0.865,286.073,110.011,0.904,297.782,119.248,0.935
88.647,217.025,0.909,166.306,194.717,0.925,147.979,153.652,0.847,248.599,146.992,0.928,286.217,107.404,0.907,303.725,116.581,0.912
93.500,220.942,0.955,165.510,192.493,0.904,152.878,154.424,0.918,247.680,143.520,0.901,283.210,103.923,0.877,302.013,120.951,0.915
97.552,218.539,0.967,165.366,189.676,0.903,147.204,156.418,0.919,252.011,142.979,0.911,283.685,106.347,0.963,303.130,118.610,0.990
102.968,222.228,0.911,167.704,185.921,0.927,150.161,158.895,0.884,246.199,145.571,0.926,281.963,104.772,0.872,307.038,118.545,0.906
104.744,221.376,0.958,171.466,187.538,0.957,153.097,161.534,0.919,249.100,144.428,0.883,280.226,102.269,0.906,306.167,119.929,0.917
108.406,218.450,0.899,168.760,182.898,0.883,150.453,159.514,0.913,249.609,142.800,0.897,273.333,102.507,0.952,311.301,116.740,0.940
110.571,219.320,0.903,172.196,179.444,0.919,150.310,169.776,0.992,249.167,141.107,0.921,276.985,102.936,0.891,313.056,119.209,0.970
110.914,218.875,0.912,172.267,180.544,0.866,153.286,167.812,0.933,248.595,138.119,0.975,273.346,102.420,0.934,314.558,117.295,0.920
114.401,214.784,0.893,170.401,182.453,0.894,154.300,164.610,0.911,246.078,137.710,0.897,272.794,100.870,0.913,311.874,116.830,0.942
119.516,219.977,0.913,168.289,181.598,0.894,156.579,170.425,0.898,250.873,134.067,0.906,270.692,100.830,0.929,316.550,116.535,0.861
118.781,214.807,0.896,170.210,174.326,0.903,154.319,171.808,0.907,245.661,134.307,0.905,269.606,104.514,0.944,319.807,115.516,0.914
120.145,215.126,0.868,168.844,174.084,0.913,154.307,171.786,0.948,248.477,133.372,0.922,271.242,99.422,0.964,318.577,113.981,0.942
124.288,214.473,0.894,169.167,168.619,0.904,155.743,170.311,0.919,249.816,129.202,0.902,264.898,98.356,0.863,316.532,117.495,0.979
122.461,208.022,0.918,165.995,172.009,0.947,158.182,176.474,0.941,242.302,127.779,0.895,264.138,100.933,0.910,317.537,113.101,0.968
125.969,205.805,0.892,163.884,170.019,0.914,161.484,174.491,0.997,242.558,132.371,0.828,264.788,101.495,0.911,324.525,110.289,0.897
126.392,203.969,0.924,163.166,163.857,0.900,161.038,176.949,0.884,238.713,126.570,0.909,258.044,96.460,0.940,323.906,114.017,0.932
128.671,205.816,0.967,160.807,165.522,0.900,165.771,173.087,0.966,242.756,121.292,0.899,259.089,101.999,0.928,326.322,110.811,0.955
132.623,201.868,0.896,156.653,165.341,0.880,169.066,178.282,0.924,237.091,128.099,0.926,258.532,104.697,0.952,323.494,113.117,0.901
134.813,202.201,0.909,156.629,164.499,0.914,171.594,175.738,0.957,235.442,124.692,0.961,257.208,105.917,0.943,328.356,107.697,0.873
131.208,200.013,0.876,153.618,162.044,0.908,171.870,179.420,0.980,235.191,123.648,0.949,253.244,100.726,0.896,330.194,112.814,0.959
127.621,195.982,0.937,149.476,161.703,0.869,168.019,178.736,0.914,239.211,126.940,0.941,248.860,99.765,0.951,327.772,104.916,0.878
130.203,197.154,0.946,149.078,164.988,0.946,175.570,180.979,0.936,234.803,124.236,0.908,248.324,101.031,0.892,328.546,109.612,0.939
128.468,192.836,0.886,147.926,160.231,0.924,176.943,180.816,0.903,232.491,125.513,0.921,242.816,103.854,0.905,328.232,106.282,0.892
125.009,188.656,0.974,142.889,162.049,0.927,179.327,180.814,0.946,227.706,122.241,0.941,246.197,102.584,0.875,329.490,101.507,0.878
126.277,190.209,0.900,139.921,161.621,0.917,183.215,180.860,0.941,225.045,124.957,0.891,241.881,101.923,0.908,327.361,103.038,0.935
121.583,186.060,0.873,138.884,159.520,0.922,183.601,180.001,0.901,228.148,120.004,0.955,241.102,103.939,0.941,331.057,100.227,0.900
119.183,186.586,0.865,137.398,159.553,0.935,189.671,181.363,0.992,221.355,122.034,0.944,235.746,105.041,0.919,333.266,100.632,0.903
118.027,182.952,0.898,131.220,159.582,0.923,191.206,182.004,0.974,218.395,123.334,0.951,239.864,109.176,0.908,327.778,99.673,0.919
116.662,184.879,0.908,128.880,161.736,0.939,193.170,177.102,0.905,216.504,120.315,0.914,235.764,107.726,0.927,328.997,96.309,0.901
111.768,182.033,0.892,128.494,165.272,0.888,192.814,177.128,0.954,216.994,124.063,0.911,235.178,109.153,0.891,330.604,95.635,0.897
110.295,181.194,0.918,121.303,162.059,0.923,193.859,176.079,0.946,212.630,123.169,0.912,238.199,104.988,0.898,328.673,96.930,0.901
102.904,179.878,0.976,122.396,162.852,0.956,199.294,175.490,0.928,212.446,118.510,0.922,231.695,112.422,0.904,330.094,95.494,0.922
104.058,184.367,0.929,117.994,165.147,0.908,201.215,175.614,0.908,208.678,120.334,0.949,231.208,110.248,0.896,328.279,94.149,0.847
99.392,180.308,0.927,117.064,165.916,0.875,201.251,174.988,0.929,207.971,122.583,0.936,234.113,113.896,0.892,326.880,90.678,0.848
96.179,183.711,0.924,118.190,167.142,0.913,199.996,173.156,0.887,206.661,126.001,0.915,233.265,114.281,0.923,324.830,91.844,0.880
89.083,174.974,0.888,111.892,172.766,0.934,206.871,172.571,0.943,206.709,123.396,0.991,231.784,116.544,0.920,323.858,87.952,0.930
88.215,181.624,0.886,111.178,173.772,0.949,209.598,174.445,0.882,201.767,122.168,0.958,233.147,119.957,0.945,320.171,92.783,0.877
84.702,181.792,0.896,113.450,171.244,0.940,206.757,167.807,0.919,198.828,125.135,0.965,230.019,117.323,0.911,327.077,89.846,0.910
86.618,183.944,0.882,113.655,178.004,0.906,207.185,165.334,0.906,197.907,124.787,0.897,229.312,117.919,0.953,324.212,85.999,0.979
80.941,186.136,0.964,108.837,179.948,0.907,210.701,168.665,0.950,196.353,126.060,0.896,231.487,122.254,0.937,323.534,89.391,0.905
80.903,183.507,0.934,111.887,175.274,0.948,210.977,163.352,0.892,195.261,128.463,0.927,229.940,124.108,0.942,319.802,84.515,0.910
79.465,191.830,0.929,108.415,182.025,0.885,208.393,165.529,0.918,196.172,132.594,0.965,228.637,126.037,0.883,316.252,81.479,0.917
75.090,190.875,0.923,111.380,182.677,0.959,208.312,162.770,0.914,195.345,132.572,0.938,235.482,126.038,0.955,317.243,81.671,0.908
72.429,191.187,0.853,112.514,184.693,0.895,209.286,162.152,0.912,195.283,129.901,0.912,230.831,128.224,0.913,316.533,84.955,0.916
75.491,192.435,0.906,110.523,184.422,0.916,211.548,160.751,0.925,192.486,133.266,1.000,232.064,128.093,0.883,315.930,82.230,0.929
72.480,194.925,0.876,110.576,184.434,0.942,208.323,156.060,0.942,191.067,135.494,0.884,234.541,127.083,0.917,313.401,82.503,0.926
68.690,194.572,0.876,112.725,188.609,0.951,212.280,154.524,0.921,196.383,135.089,0.905,231.732,130.424,0.940,315.540,84.978,0.955
71.636,197.879,0.964,113.438,192.710,0.931,207.250,152.642,0.899,193.254,134.584,0.881,238.446,129.425,0.901,312.871,82.386,0.921
69.195,199.879,0.914,117.482,189.402,0.895,206.593,150.871,0.860,191.231,139.105,0.868,233.592,132.771,0.932,307.495,80.082,0.891
71.628,201.570,0.913,114.079,194.312,0.919,207.462,153.469,0.956,192.539,141.630,0.951,235.933,132.352,0.883,306.832,78.406,0.902
72.854,206.342,0.911,120.292,195.197,0.959,208.188,149.305,0.979,191.192,142.264,0.911,238.055,130.159,0.934,305.619,78.734,0.976
70.392,206.101,0.955,121.422,192.224,0.932,201.409,150.449,0.922,190.183,143.590,0.921,239.131,134.229,0.892,302.718,81.227,0.879
74.146,209.669,0.884,124.842,198.844,0.926,203.026,144.393,0.935,191.726,145.150,0.912,240.352,134.738,0.969,300.463,80.513,0.873
68.577,212.734,0.915,125.187,196.042,0.955,202.744,144.594,0.907,191.184,142.335,0.955,245.515,133.538,0.931,300.204,79.720,0.903
77.416,213.910,0.928,128.191,194.401,0.953,196.631,142.410,0.932,189.420,146.648,0.956,246.970,133.604,0.949,296.628,83.970,0.898
74.389,216.761,0.917,131.802,202.401,0.925,195.625,145.521,0.928,195.229,150.618,0.949,246.857,137.225,0.923,296.318,80.284,0.876
85.592,215.205,0.925,133.432,200.325,0.885,196.662,145.854,0.910,193.023,152.962,0.979,249.762,139.058,0.928,294.233,80.500,0.925
83.701,217.797,0.915,135.427,204.051,0.953,191.540,139.158,0.888,194.940,149.746,0.919,249.578,141.869,0.906,291.113,80.744,0.957
84.411,216.702,0.944,139.268,198.624,0.952,189.658,143.086,0.957,196.711,154.816,0.858,255.064,137.436,0.931,292.290,82.142,0.893
90.714,216.940,0.952,143.091,199.257,0.846,188.592,139.018,0.860,193.510,156.362,0.889,256.132,140.741,0.886,289.703,80.412,0.959
89.822,220.304,0.931,145.585,198.295,0.946,181.617,142.478,0.974,198.839,154.516,0.901,254.264,136.791,0.961,284.754,83.725,0.926
94.674,220.849,0.925,143.340,197.294,0.942,181.446,141.299,0.912,202.734,159.189,0.915,257.466,133.403,0.935,284.491,87.307,0.870
96.979,220.125,0.951,153.050,200.116,0.888,180.956,141.378,0.951,207.409,156.762,0.990,258.337,141.490,0.937,285.289,82.680,0.926
100.698,222.013,0.902,152.054,198.366,0.950,181.383,142.410,0.944,205.660,158.124,0.922,259.629,141.647,0.945,275.986,87.061,0.877
102.724,219.382,0.922,153.409,200.234,0.906,176.540,143.647,0.925,205.627,159.909,0.927,264.503,139.415,0.895,281.597,88.355,0.908
107.833,217.608,1.000,155.877,197.994,0.868,178.542,142.871,0.949,203.608,159.012,0.900,267.889,144.023,0.908,279.460,87.736,0.886
108.521,217.360,0.955,158.693,198.420,0.955,169.643,142.758,0.928,209.748,159.248,0.958,268.878,143.625,0.999,279.404,88.122,0.911
113.169,219.007,0.966,163.483,198.308,0.906,167.094,142.237,0.874,212.336,161.110,0.944,270.070,142.172,0.927,278.031,84.916,0.862
117.010,219.158,0.929,166.679,195.215,0.889,168.325,142.155,0.938,214.293,159.351,0.986,270.688,137.256,0.932,271.836,89.013,0.954
117.207,219.334,0.941,165.850,193.697,0.928,164.212,144.687,0.947,216.170,158.528,0.932,274.178,139.529,0.880,277.212,87.508,0.866
122.522,216.578,0.894,168.279,190.914,0.978,164.872,145.471,0.966,220.045,161.285,0.914,278.353,137.376,0.897,277.264,91.340,0.956
124.054,213.094,0.907,168.696,188.511,0.901,163.960,148.305,0.893,223.908,160.549,0.905,274.284,140.770,0.909,270.959,94.426,0.926
124.479,210.993,0.911,174.302,186.129,0.945,159.987,147.046,0.929,224.186,158.584,0.934,278.137,135.540,0.955,272.533,92.756,0.885
125.764,207.022,0.915,169.026,187.856,0.932,159.819,149.907,0.918,226.315,160.048,0.892,279.627,138.465,0.840,272.818,93.942,0.939
128.131,208.568,0.877,172.885,186.607,0.940,157.065,148.440,0.978,230.734,159.713,0.892,282.386,133.753,0.903,272.601,98.637,0.905
128.460,210.167,0.970,170.511,181.400,0.900,151.424,148.358,0.923,231.635,160.625,0.926,283.914,133.979,0.893,271.762,96.852,0.968
129.162,204.688,0.932,170.869,183.825,0.962,150.372,153.335,0.941,234.939,159.226,0.938,282.721,128.885,0.867,269.203,100.622,0.891
130.427,204.368,0.872,173.151,180.033,0.950,153.641,153.739,0.935,232.514,159.173,0.834,285.484,134.048,0.851,274.788,99.494,0.923
130.444,201.983,0.938,170.189,174.575,0.905,152.990,155.222,0.946,238.841,159.951,0.865,287.931,129.425,0.944,273.292,101.639,0.995
130.929,200.357,0.946,168.520,177.509,0.910,153.405,157.314,0.857,238.723,154.056,0.901,288.179,130.760,0.933,270.918,100.036,0.882
133.075,199.005,0.960,167.981,172.737,0.889,148.953,158.258,0.955,240.420,153.500,0.936,287.533,124.399,0.893,268.334,103.536,0.927
131.258,197.388,0.914,166.782,175.722,0.857,153.170,159.409,0.954,242.213,155.793,0.896,288.983,127.249,0.908,272.340,102.531,0.883
130.020,192.835,0.940,165.315,171.060,0.902,149.406,162.056,0.901,241.817,152.929,0.959,285.161,126.677,0.936,273.581,106.867,0.858
127.941,186.954,0.900,163.102,169.497,0.930,152.098,163.260,0.916,243.713,152.299,0.953,293.039,128.859,0.910,272.879,107.934,0.901
124.000,191.343,0.916,161.728,164.208,0.955,151.051,168.832,0.941,239.315,152.242,0.962,294.122,124.923,0.927,272.254,105.642,0.920
121.121,188.211,0.946,166.553,168.642,0.922,154.868,164.254,0.912,248.450,150.907,0.960,289.742,121.414,0.945,272.851,110.258,0.897
120.579,186.676,0.923,157.746,168.349,0.905,155.271,168.313,0.910,246.770,151.680,0.907,292.449,121.473,0.843,271.937,109.459,0.908
120.977,185.473,0.923,158.466,162.536,0.904,154.454,172.888,0.941,247.375,147.739,0.914,294.026,119.912,0.900,273.238,114.027,0.962
118.381,182.890,0.885,154.652,164.259,0.963,151.588,175.602,0.898,247.301,144.291,0.944,292.760,118.787,0.943,277.017,109.823,0.975
110.280,179.980,0.941,153.716,163.766,0.921,159.558,174.995,0.944,251.941,147.438,0.930,289.651,121.193,0.910,277.921,115.533,0.926
106.728,181.042,0.901,146.009,161.003,0.875,156.125,172.008,0.942,251.302,144.183,0.924,290.558,119.132,0.903,279.940,115.992,0.901
110.604,184.125,0.953,144.871,160.517,0.934,159.302,174.495,0.897,252.738,136.850,0.949,289.568,115.581,0.912,278.551,113.715,0.900
107.014,181.322,0.913,144.134,159.943,0.876,158.587,183.239,0.905,252.244,142.204,0.937,284.611,113.152,0.895,281.886,117.143,0.920
99.786,181.548,0.937,141.855,161.614,0.905,164.101,176.637,0.942,253.139,140.642,0.921,286.933,111.477,0.897,283.660,115.968,0.934
97.761,181.109,0.932,136.653,161.193,0.926,166.333,179.274,0.891,252.010,136.372,0.905,287.765,114.818,0.905,278.754,118.654,0.908
94.925,183.681,0.891,136.220,163.314,0.911,165.086,180.288,0.953,252.091,136.411,0.936,283.929,107.682,0.928,283.596,117.003,0.971
94.010,180.546,0.866,134.682,163.887,0.912,167.925,180.041,0.955,251.021,133.703,0.971,286.482,110.292,0.911,288.468,116.940,0.909
87.907,183.637,0.954,132.776,158.325,0.927,171.742,179.429,0.888,248.620,133.158,0.907,281.853,112.240,0.934,290.840,115.753,0.867
87.280,183.129,0.862,127.433,162.464,0.952,169.508,179.128,0.953,247.475,130.795,0.868,284.656,106.046,0.971,291.653,118.688,0.942
84.022,187.108,0.954,123.789,163.664,0.885,172.594,180.242,0.957,248.310,134.666,0.942,280.059,106.075,0.942,291.634,121.859,0.946
81.646,184.550,0.876,121.588,166.776,0.917,179.036,179.663,0.912,249.019,132.427,0.937,278.492,105.293,0.895,292.522,118.675,0.954
80.944,191.649,0.976,120.436,165.860,0.906,183.746,184.211,0.925,244.543,132.164,0.918,277.770,106.836,0.978,291.937,117.090,0.880
77.165,190.777,0.909,121.844,169.471,0.925,184.644,178.412,0.879,244.126,129.513,0.855,276.193,104.772,0.971,297.752,118.772,0.919
72.610,194.064,0.896,117.066,167.677,0.952,185.168,180.061,0.927,243.523,128.639,0.907,276.159,100.738,0.931,297.857,120.037,0.915
75.563,194.545,0.947,114.606,168.650,0.895,188.162,181.704,0.958,245.080,125.915,0.922,271.747,102.813,0.913,298.005,123.240,0.882
71.670,192.576,0.900,110.293,172.712,0.948,187.042,178.397,0.895,240.510,123.278,0.867,273.240,102.021,0.892,304.413,119.633,0.913
73.638,197.906,0.893,108.973,170.798,0.905,194.646,179.597,0.880,236.140,120.368,0.100,270.379,103.609,0.907,302.489,123.620,0.870
71.892,200.578,0.911,111.021,175.510,0.932,194.474,178.840,0.911,235.014,122.762,0.100,269.382,104.926,0.889,305.875,121.762,0.925
69.254,203.027,0.919,106.570,176.568,0.988,194.843,177.603,0.879,233.432,120.322,0.100,265.716,102.751,0.917,305.230,120.437,0.955
71.895,203.605,0.952,113.835,176.896,0.942,199.447,178.525,0.946,231.623,123.456,0.100,265.798,99.934,0.903,306.254,118.240,0.929
70.618,208.254,0.899,110.022,179.828,0.941,200.004,174.048,0.903,226.070,116.845,0.100,263.543,102.901,0.884,310.029,120.817,0.941
73.252,206.389,0.918,109.793,184.552,0.918,202.187,170.896,0.853,228.228,123.510,0.100,260.573,101.696,0.931,312.479,118.482,0.956
73.040,209.356,0.947,113.418,181.673,0.918,206.045,174.783,0.905,224.368,127.264,0.100,260.179,105.127,0.912,311.940,116.311,0.918
77.305,213.237,0.925,111.962,192.153,0.891,204.072,173.743,0.920,224.774,123.207,0.100,254.848,102.597,0.937,317.597,121.337,0.963
75.583,212.066,0.812,115.202,187.231,0.883,204.024,171.737,0.929,220.351,120.662,0.100,252.095,101.487,0.920,316.482,120.030,0.932
78.259,212.115,0.871,114.835,189.513,0.944,207.463,168.770,0.895,220.564,121.409,0.100,254.141,103.207,0.919,319.285,119.446,0.894
79.826,220.805,0.884,115.634,193.629,0.904,207.617,168.828,0.936,217.354,122.670,0.100,248.191,102.901,0.961,320.370,115.567,0.905
82.090,218.943,0.908,115.345,195.086,0.920,211.387,166.534,0.897,214.234,122.898,0.100,246.520,98.370,0.939,322.126,117.658,0.967
85.783,215.950,0.902,119.259,192.500,0.859,209.470,164.591,0.956,211.413,124.531,0.100,245.828,103.750,0.914,322.762,117.276,0.892
89.560,221.066,0.945,118.665,199.163,0.931,207.677,164.653,0.920,209.991,124.740,0.100,247.113,102.708,0.981,322.691,114.090,0.970
93.196,220.555,0.949,120.873,198.428,0.946,212.063,164.290,0.917,206.081,123.966,0.100,245.743,102.860,0.900,324.664,114.764,0.893
95.221,220.577,0.925,122.669,198.490,0.908,215.819,162.746,0.875,206.367,123.624,0.100,242.204,106.773,0.896,327.593,110.903,0.956
97.321,220.737,0.899,125.264,195.880,0.908,210.693,161.376,0.931,201.126,126.962,0.100,238.921,110.123,0.922,327.457,109.345,0.923
98.260,221.867,0.950,130.760,198.121,0.949,214.429,152.631,0.946,203.679,125.638,0.100,238.548,106.993,0.939,329.727,109.856,0.892
106.409,223.262,0.934,132.395,200.317,0.961,210.256,155.553,0.921,200.604,125.702,0.893,236.605,110.750,0.893,330.707,104.968,0.950
106.623,220.688,0.966,135.499,199.428,0.914,207.195,155.633,0.905,196.893,126.878,0.841,242.988,113.558,0.911,325.763,107.955,0.943
111.484,221.061,0.893,135.086,200.007,0.897,209.422,153.290,0.889,199.904,132.479,0.952,235.849,108.368,0.911,331.678,109.296,0.913
111.495,221.145,0.927,135.615,202.416,0.932,205.436,148.579,0.930,197.906,130.040,0.898,238.587,115.503,0.955,331.091,110.497,0.955
119.462,220.223,0.871,147.476,198.084,0.904,207.295,151.217,0.908,195.804,133.449,0.926,232.844,109.798,0.920,329.637,105.674,0.981
120.462,216.201,0.911,148.436,201.484,0.855,206.105,146.804,0.899,197.168,130.638,0.897,237.327,113.702,0.932,330.160,98.927,0.969
119.753,214.550,0.890,146.721,201.470,0.913,200.111,146.204,0.959,195.152,134.999,0.923,230.438,116.391,0.932,329.425,102.003,0.940
124.458,214.270,0.951,149.083,199.656,0.908,204.175,146.411,0.930,190.874,136.985,0.895,233.399,116.930,0.955,333.567,102.077,0.945
128.435,211.338,0.889,151.899,199.042,0.938,196.352,146.662,0.907,192.526,141.774,0.915,228.416,118.575,0.962,328.253,99.034,0.929
127.117,208.247,0.926,157.431,197.139,0.863,199.553,140.240,0.945,190.648,135.913,0.875,228.468,120.646,0.966,330.216,99.085,0.921
125.505,210.381,0.924,157.656,199.665,0.937,195.643,143.322,0.895,193.720,138.495,0.958,231.871,118.851,0.935,329.357,97.255,0.912
130.957,209.918,0.940,159.109,197.381,0.953,189.357,144.330,0.914,190.843,136.885,0.862,231.829,121.101,0.877,333.776,100.488,0.884
134.562,206.266,0.911,159.546,194.519,0.899,190.053,143.349,1.000,188.014,142.649,0.985,233.899,119.692,0.939,328.358,96.029,0.920
128.175,201.818,0.883,162.417,193.645,0.872,191.104,140.214,0.881,193.052,142.297,0.942,230.610,125.038,0.962,325.152,96.376,0.933
133.595,195.858,0.923,166.032,192.885,0.897,186.377,141.930,0.945,192.334,144.550,0.932,229.356,126.832,0.841,330.731,95.704,0.851
130.926,199.630,0.947,167.007,192.968,0.899,183.266,141.947,0.941,188.485,151.252,0.966,232.774,127.886,0.900,324.688,91.539,0.924
130.729,197.625,0.928,167.660,187.725,0.973,179.794,140.831,0.959,192.128,148.828,0.939,232.675,130.642,0.901,326.555,94.082,0.932
130.493,192.296,0.883,172.967,190.159,0.924,182.238,143.563,0.871,192.661,150.675,0.947,234.211,131.761,0.929,329.057,88.104,0.926
129.020,196.415,0.996,167.881,188.677,0.905,175.855,144.081,0.971,194.250,149.285,0.903,234.987,131.499,0.947,325.750,87.682,0.886
129.307,193.341,0.925,169.934,185.588,0.975,170.221,142.233,0.934,194.869,153.025,0.858,238.953,130.633,0.928,325.957,87.614,0.958
123.553,190.376,0.865,173.040,184.709,0.947,172.875,142.068,0.897,198.120,154.808,0.949,237.162,132.512,0.953,326.110,85.136,0.886
123.745,190.974,0.950,172.691,181.424,0.905,172.343,142.000,0.942,201.128,153.724,0.891,240.157,133.724,0.901,318.375,84.662,0.919
119.836,185.780,0.878,173.326,178.143,0.918,168.297,144.925,0.888,196.333,152.644,0.948,241.149,135.028,0.929,320.795,84.227,0.930
118.256,186.669,0.930,170.838,175.922,0.890,168.388,146.997,0.896,199.156,154.103,0.878,238.513,135.386,0.924,321.237,81.553,0.885
122.600,184.295,0.892,169.151,173.152,0.926,164.244,146.290,0.901,203.864,154.564,0.920,241.182,135.254,0.900,314.588,88.166,0.910
112.176,183.716,0.988,170.446,175.712,0.956,161.540,145.158,0.894,203.557,158.023,0.929,243.145,136.896,0.891,316.755,85.512,0.948
111.845,188.019,0.964,168.834,173.801,0.924,161.764,152.388,0.925,204.518,158.088,0.900,245.874,140.479,0.924,319.489,82.839,0.944
108.538,183.791,0.938,167.127,170.951,0.913,161.648,148.181,0.947,209.059,158.042,0.927,246.721,137.707,0.958,313.921,81.546,0.883
100.995,179.062,0.918,164.334,167.913,0.921,160.420,150.961,0.923,211.474,161.890,0.922,253.024,140.138,0.865,309.818,81.178,0.908
99.416,181.027,0.912,164.688,167.922,0.918,155.749,150.274,0.913,211.948,155.186,0.931,251.235,141.902,0.966,308.798,76.744,0.898
94.953,183.743,0.952,162.968,165.569,0.999,153.197,152.416,0.890,215.729,165.234,0.885,252.618,142.972,0.969,303.357,82.351,0.927
95.189,179.217,0.899,157.324,163.783,0.909,156.099,155.668,0.896,211.618,162.765,0.906,255.622,141.010,0.921,305.982,85.058,0.913
89.843,180.700,0.959,159.842,164.697,0.941,152.214,154.902,0.913,218.127,164.940,0.845,254.967,142.314,0.931,303.105,79.952,0.912
87.757,181.654,0.939,153.704,164.130,0.875,156.003,152.039,0.980,219.265,162.250,0.884,256.217,144.642,0.923,301.331,79.788,0.886
83.694,183.924,0.949,152.465,160.871,0.863,151.389,159.983,0.930,221.886,162.727,0.941,259.666,143.008,0.888,300.026,79.359,0.951
85.488,187.806,0.902,147.829,165.126,0.854,152.142,159.577,0.902,225.337,163.760,0.905,261.153,145.896,0.930,299.704,77.924,0.976
82.906,188.458,0.871,151.356,164.650,0.896,149.280,161.074,0.911,223.889,160.904,0.888,262.936,139.771,0.926,300.569,86.378,0.899
82.476,188.925,0.924,142.332,159.931,0.872,149.960,161.332,0.896,228.582,161.191,0.941,267.419,142.510,0.909,297.548,84.362,0.916
77.186,190.950,0.945,141.792,158.740,0.929,150.980,166.315,0.936,232.385,161.517,0.905,267.790,138.291,0.930,294.884,82.606,0.934
77.314,194.396,1.000,139.513,158.125,0.959,150.639,166.452,0.960,235.943,163.889,0.959,273.366,139.018,0.911,294.252,83.555,0.885
76.683,190.920,0.913,134.926,164.325,0.934,153.281,166.704,0.974,233.128,162.482,0.945,273.006,136.747,0.949,290.530,82.140,0.900
77.493,195.817,0.901,135.560,161.602,0.896,154.412,168.996,0.994,239.900,157.178,0.910,273.397,139.200,0.964,291.404,84.204,0.951
70.008,198.531,0.936,128.821,163.524,0.957,154.509,173.195,0.925,240.212,155.457,0.941,275.978,139.202,0.931,288.366,84.403,0.984
70.406,199.315,0.973,128.975,164.917,0.965,157.597,170.240,0.939,240.331,156.477,0.898,275.290,140.969,0.903,286.207,85.005,0.932
69.911,200.735,0.900,128.252,162.443,0.935,155.415,174.564,0.878,244.109,159.908,0.927,281.608,140.508,0.975,283.112,83.266,0.903
69.275,206.451,0.948,120.614,166.434,0.905,157.680,176.415,0.909,241.734,152.610,0.962,279.895,135.839,0.935,280.580,84.979,0.912
73.979,206.084,0.947,123.982,168.228,0.916,162.676,177.453,0.918,248.860,154.468,0.878,281.664,139.150,0.954,281.046,82.665,0.945
74.830,210.522,0.891,119.625,169.984,0.952,162.988,177.179,0.914,246.315,152.649,0.951,286.697,134.423,0.889,280.919,86.116,0.933
71.714,212.414,0.883,117.700,170.076,0.918,165.529,180.591,0.893,247.615,152.644,0.927,287.311,133.101,0.886,277.839,91.763,0.931
73.775,210.585,0.966,116.147,173.757,0.954,168.028,178.693,0.930,249.678,150.692,0.938,287.446,132.422,0.914,275.415,87.898,0.941
78.294,213.629,0.913,120.212,173.581,0.958,167.761,178.772,0.944,248.348,152.410,0.934,288.310,136.583,0.939,275.719,91.858,0.955
78.671,214.655,0.989,112.959,173.884,0.894,171.247,181.241,0.924,248.564,148.107,0.921,288.990,130.687,0.896,280.024,92.164,0.964
82.343,216.501,0.837,111.618,176.092,0.883,171.384,181.447,0.918,251.179,148.590,0.910,287.121,131.265,0.998,276.422,93.149,0.855
83.998,217.181,0.940,109.900,177.945,0.910,176.815,181.112,0.917,253.589,148.322,0.898,289.287,130.535,0.930,273.379,96.284,0.939
89.100,216.781,0.938,114.303,179.313,0.916,179.508,182.169,0.899,254.694,143.595,0.985,295.082,129.747,0.958,271.846,91.841,0.919
92.042,215.850,0.898,108.728,179.121,0.969,181.507,178.068,0.904,254.769,139.284,0.916,290.837,124.097,0.957,271.530,96.214,0.938
89.072,217.937,0.971,110.465,183.667,0.874,184.665,184.276,0.936,252.455,137.159,0.905,289.851,125.610,0.900,270.606,98.190,0.931
98.488,220.967,0.957,112.690,181.905,0.931,189.858,179.565,0.871,252.491,141.979,0.983,291.825,123.200,0.938,271.049,101.684,0.966
97.924,223.400,1.000,113.052,187.572,0.928,190.020,180.756,0.910,250.502,136.469,0.880,290.492,120.491,0.896,273.562,95.621,0.872
99.766,219.722,0.912,116.309,187.077,0.895,193.739,177.287,0.881,252.597,138.886,0.962,294.078,122.667,0.922,271.474,105.117,0.914
106.386,221.685,0.959,114.723,189.448,0.936,191.876,180.259,0.914,251.404,133.329,0.938,288.239,119.064,0.923,270.669,97.891,0.945
106.333,222.267,0.945,116.636,189.948,0.904,192.206,177.358,0.919,246.622,133.636,0.908,289.215,117.634,0.951,270.879,103.703,0.959
108.822,220.422,0.922,116.990,194.289,0.886,196.977,184.537,0.928,245.440,131.729,0.868,295.210,120.574,0.961,271.399,108.498,0.901
113.588,217.329,0.925,120.169,193.753,0.946,201.809,180.479,0.927,249.140,132.926,0.906,292.129,115.433,0.911,271.540,104.260,0.907
119.809,218.269,0.891,121.390,196.216,0.962,202.831,177.831,0.900,247.909,128.790,0.993,287.103,115.675,0.909,275.655,111.355,0.917
116.095,218.980,0.910,121.269,196.696,0.978,195.881,174.487,0.943,242.701,130.380,0.920,287.506,114.449,0.943,275.684,110.564,0.881
120.099,216.930,0.887,125.340,193.712,0.937,206.270,174.848,0.928,238.813,125.854,0.916,289.698,116.378,0.982,272.961,110.505,0.899
121.030,218.369,0.908,124.631,200.325,0.929,206.596,171.921,0.943,243.276,128.475,0.957,287.729,110.582,0.977,278.973,112.333,0.908
123.990,218.030,0.928,132.142,200.614,0.960,207.573,171.957,0.961,238.993,123.312,0.909,285.523,111.197,0.893,277.108,110.798,0.968
127.823,215.669,0.953,134.084,199.060,0.925,208.207,170.518,0.907,239.191,123.631,0.890,283.900,108.734,0.894,277.978,112.213,0.903
126.917,210.000,0.932,133.365,200.983,0.882,210.520,170.238,0.932,233.343,122.172,0.907,284.540,106.941,0.997,275.833,112.026,0.923
131.313,212.286,0.919,137.924,201.191,0.888,211.655,166.575,0.889,233.791,122.423,0.945,282.698,102.626,0.892,280.398,111.538,0.894
131.727,204.255,0.901,142.227,202.505,0.947,211.136,171.997,0.894,227.689,125.585,0.906,282.125,107.720,0.920,278.715,116.091,0.890
133.461,205.069,0.936,144.192,205.856,0.932,212.139,159.001,0.904,231.638,122.792,0.923,283.521,106.489,0.933,281.709,116.108,0.902
136.032,203.323,0.981,149.982,203.721,0.872,211.455,163.636,0.939,228.965,122.080,0.971,277.238,106.966,0.883,283.933,118.051,0.936
130.061,199.849,0.890,146.349,199.380,0.917,209.986,159.661,0.912,227.285,121.132,0.949,278.357,102.463,1.000,284.316,122.785,0.911
130.595,197.636,0.881,149.217,199.997,0.939,211.241,159.083,0.902,220.782,121.908,0.917,276.718,104.328,0.900,286.954,119.684,0.892
129.546,195.885,0.885,153.222,197.868,0.893,212.474,156.472,0.938,223.385,121.473,0.904,272.047,104.603,0.865,287.959,119.400,0.947
128.736,195.663,0.968,151.445,195.565,0.970,210.500,156.447,0.915,220.291,125.829,0.872,268.800,105.508,0.908,288.896,120.541,0.918
129.031,192.735,0.895,160.202,200.127,0.952,206.335,155.529,0.905,217.992,122.924,0.942,270.167,104.225,0.959,290.809,117.443,0.970
127.725,191.300,0.893,158.493,197.707,0.960,212.539,155.818,0.910,215.294,122.522,0.856,264.126,105.632,0.965,293.645,121.134,0.946
123.547,191.096,0.975,161.137,199.907,1.000,212.703,150.677,0.871,208.958,124.194,0.929,263.688,103.165,0.941,291.727,122.352,0.998
125.012,184.090,0.876,165.939,197.598,0.941,206.835,152.115,0.902,209.121,121.527,0.962,264.518,103.309,0.910,292.993,122.284,0.922
119.376,186.131,0.932,166.704,195.404,0.897,206.392,149.720,0.952,208.452,125.929,0.909,264.621,102.702,0.909,293.905,119.045,0.901
117.064,184.774,0.948,170.219,193.963,0.920,205.230,149.528,0.899,209.108,124.093,0.897,259.947,104.895,0.970,298.364,124.942,0.952
112.728,180.494,0.920,168.684,193.370,0.905,200.061,148.506,0.911,207.841,125.689,0.919,258.038,98.176,0.914,300.941,120.823,0.939
112.923,182.812,0.890,168.385,186.992,0.960,199.216,147.264,0.925,205.866,129.240,0.960,256.270,100.250,0.951,300.092,125.866,0.903
110.056,182.140,0.928,177.209,188.838,0.911,197.841,147.301,0.944,201.274,122.978,0.924,255.052,103.113,0.914,302.281,124.388,0.927
105.479,180.503,0.901,168.946,185.061,0.915,193.440,143.013,0.912,197.918,127.468,0.911,248.183,108.063,0.841,309.630,122.346,0.936
98.041,182.064,0.884,170.951,179.803,0.885,194.081,141.962,0.979,200.524,127.058,0.906,252.984,100.651,0.924,307.379,122.447,0.902
98.734,180.690,0.887,175.731,182.327,0.877,191.133,142.511,0.919,199.440,134.135,0.922,249.485,104.863,0.904,312.485,119.423,0.843
97.317,181.568,0.893,171.136,180.485,0.973,191.816,143.835,0.888,199.158,131.912,0.915,247.667,104.547,0.954,308.989,119.726,0.903
92.273,184.709,0.901,169.605,177.826,0.982,186.277,141.201,0.930,194.888,133.175,0.871,244.151,107.726,0.888,312.156,119.343,0.950
89.993,182.269,0.920,171.402,178.451,0.876,180.436,145.463,0.950,196.915,130.262,0.862,240.321,106.633,0.944,316.316,121.114,0.842
88.424,182.317,0.923,169.744,176.413,0.866,182.176,142.834,0.963,191.743,139.300,0.976,239.464,109.529,0.909,317.594,121.569,0.911
81.136,187.638,0.964,169.750,174.299,0.916,179.183,141.181,0.924,193.955,134.487,0.902,241.415,107.296,0.891,316.511,118.258,0.919
83.934,189.300,0.895,170.035,169.580,0.895,176.643,142.512,0.906,191.301,136.380,0.893,239.329,105.842,0.907,322.055,117.902,0.886
76.347,188.835,0.911,165.546,173.183,0.963,175.896,143.622,0.954,190.219,136.244,0.941,240.722,110.351,0.928,323.241,121.257,0.897
78.360,188.684,0.903,165.627,168.730,0.906,170.521,145.538,0.931,188.945,141.734,0.915,237.884,115.495,0.891,323.409,113.562,0.957
77.619,188.386,0.897,163.109,160.644,0.922,171.996,141.983,0.960,191.962,140.760,0.940,238.682,111.448,0.918,326.785,118.025,0.890
74.049,192.705,0.878,163.249,163.536,0.897,168.806,143.397,0.979,195.387,139.767,0.923,237.854,112.940,0.917,328.801,115.876,0.942
74.872,198.236,0.936,158.612,166.357,0.907,167.521,147.044,0.888,192.850,146.493,0.912,228.962,116.817,0.917,330.182,113.419,0.937
74.123,198.130,0.959,158.963,166.177,0.936,163.103,145.177,0.885,193.640,145.338,0.869,234.489,116.637,0.974,326.218,117.801,0.935
71.591,203.231,0.954,151.175,164.326,0.889,163.981,149.336,0.888,193.271,149.491,0.906,237.192,115.056,0.944,329.403,115.236,0.867
71.651,201.136,0.928,148.476,163.130,0.883,161.301,148.184,0.950,197.509,149.195,0.945,232.989,118.559,0.936,326.883,113.785,0.885
74.282,202.482,0.910,147.638,165.277,0.976,159.737,148.385,0.947,196.390,153.197,0.923,233.261,121.692,0.934,327.600,112.992,0.964
73.789,202.777,0.910,146.525,163.293,0.890,157.327,150.614,0.950,200.794,154.583,0.947,232.165,121.567,0.850,331.429,102.868,0.941
75.199,203.942,0.855,141.970,161.420,0.854,154.468,150.591,0.947,195.324,151.801,0.897,232.619,124.485,0.914,333.061,108.109,0.894
75.956,205.089,0.911,142.380,166.171,0.930,156.083,154.992,0.922,197.666,154.456,0.932,234.623,125.581,0.917,331.193,106.755,0.873
75.431,208.803,0.952,139.034,165.491,0.924,157.834,152.724,0.951,204.095,154.790,0.897,236.402,126.762,0.865,330.467,103.706,0.921
76.176,217.172,0.912,135.461,164.105,0.958,154.623,157.131,0.941,200.134,155.614,0.919,230.859,125.411,0.897,333.675,109.473,0.864
78.233,217.353,0.902,131.362,164.370,0.950,154.424,158.975,0.942,204.303,158.958,0.906,234.194,132.046,0.953,329.995,102.873,0.892
79.834,217.143,0.878,130.461,164.598,0.923,149.556,162.014,0.936,203.451,156.371,0.913,232.727,128.438,0.902,334.467,104.999,0.914
80.939,218.685,0.925,124.739,166.476,0.929,152.369,160.871,0.873,204.436,163.372,0.920,230.623,131.706,0.934,334.385,104.487,0.874
86.420,221.998,0.888,128.686,165.010,0.886,156.007,165.565,0.967,210.789,156.093,0.863,238.292,132.986,0.863,334.664,97.049,0.919
88.606,222.706,0.945,123.924,162.198,0.916,150.277,162.579,0.934,211.120,161.510,0.933,237.339,133.110,0.883,335.245,96.366,0.904
93.478,219.800,0.874,119.137,169.770,0.909,152.173,166.415,0.922,213.949,164.334,0.906,236.978,134.913,0.906,333.135,94.382,0.905
95.936,221.267,0.911,122.738,170.132,0.945,152.299,168.608,0.937,214.811,161.873,0.930,237.367,136.734,0.955,331.587,94.405,0.965
100.250,220.447,0.915,118.362,171.892,0.896,154.055,168.804,0.918,217.407,161.486,0.880,241.899,137.702,0.948,331.090,91.294,0.915
104.901,221.802,0.965,116.340,174.567,0.889,150.683,169.495,0.904,221.842,161.032,0.894,239.614,140.164,0.923,325.710,93.551,0.913
103.833,224.742,0.994,116.439,174.059,0.928,154.243,172.015,0.949,221.773,165.465,0.927,243.724,134.244,0.930,328.503,94.393,0.927
108.406,222.057,0.899,111.797,176.613,0.902,158.470,175.468,0.920,220.383,164.099,0.868,250.341,135.908,0.854,329.263,92.659,0.942
111.188,220.808,0.913,116.109,179.859,0.895,156.843,176.113,0.950,224.143,161.038,0.950,246.436,141.849,0.956,321.439,92.833,0.929
113.144,218.861,0.924,111.148,178.007,0.955,156.947,176.254,0.895,228.713,162.640,0.931,247.595,144.431,0.913,326.671,86.460,0.909
115.313,216.764,0.919,109.001,177.646,0.975,161.591,172.489,0.959,229.330,158.512,0.901,246.542,142.656,0.903,325.232,90.677,0.926
120.461,221.801,0.921,112.406,182.811,0.885,163.612,180.528,0.932,233.447,163.904,0.917,254.914,142.810,0.921,324.732,90.860,0.961
123.319,215.798,0.877,110.994,184.408,0.937,167.114,182.144,0.962,235.938,163.916,0.900,256.341,143.805,0.896,322.901,83.729,0.900
124.468,215.023,0.939,112.553,184.498,0.903,171.913,179.382,0.898,234.063,161.755,0.829,259.873,141.883,0.925,320.031,84.406,0.888
128.133,216.629,0.905,113.013,187.558,0.968,171.537,179.089,0.905,238.545,163.064,0.930,256.646,148.342,0.899,316.805,85.312,0.872
129.352,215.879,0.893,114.584,191.223,0.940,169.050,180.202,0.917,242.674,157.685,0.960,259.961,140.143,0.931,314.628,88.634,0.923
132.187,210.028,0.896,118.462,190.820,0.893,177.027,182.263,0.956,240.280,162.124,0.926,259.758,143.038,0.920,312.976,85.044,0.928
131.385,211.132,0.956,118.481,192.005,0.905,177.640,181.124,0.949,242.677,162.102,0.900,261.088,143.205,0.949,315.817,81.893,0.927
132.427,212.082,0.916,120.219,197.055,0.929,180.066,183.932,0.914,243.314,154.906,0.944,261.623,139.890,0.886,316.052,83.202,0.890
134.864,208.271,0.884,118.139,199.676,0.914,182.374,180.145,0.980,245.815,154.745,0.920,265.348,143.692,0.905,311.456,85.160,0.903
131.933,201.858,0.926,123.258,199.991,0.912,180.638,180.237,0.916,242.250,155.359,0.927,267.861,142.004,0.890,309.564,80.489,0.878
133.565,202.967,0.877,124.885,196.680,0.895,190.297,179.225,0.956,246.532,150.414,0.915,271.654,140.176,0.970,309.781,87.623,0.927
134.150,197.194,0.937,124.690,202.286,0.934,186.508,180.423,0.938,252.162,149.066,0.902,272.296,142.130,0.892,308.843,80.600,0.843
133.162,196.334,0.914,135.445,198.852,0.950,194.759,180.246,0.913,250.744,150.371,0.933,276.122,141.165,0.923,308.124,80.707,0.928
131.904,195.391,0.947,133.004,202.104,0.874,192.773,183.102,0.947,250.927,148.800,0.959,274.948,139.639,0.922,304.339,83.910,0.925
130.075,191.277,0.989,134.495,200.641,0.920,197.092,178.979,0.924,249.460,146.588,0.876,279.689,141.094,0.989,299.977,82.213,0.924
126.560,188.243,0.908,137.257,205.038,0.908,196.487,179.294,0.893,251.502,145.650,0.962,281.497,139.120,0.907,297.398,86.883,0.993
127.126,188.436,0.872,142.758,208.271,0.885,197.001,177.091,0.939,253.264,148.630,0.904,279.169,137.886,0.973,298.993,82.294,0.881
121.941,190.042,0.936,145.463,202.232,0.927,204.345,179.545,0.948,251.162,144.774,0.944,280.441,135.928,0.915,297.665,84.327,0.995
119.675,188.113,0.929,146.172,203.740,0.957,205.077,175.678,0.889,251.179,138.874,0.925,287.760,135.278,0.912,294.103,83.574,0.897
117.467,186.512,0.909,151.460,200.615,0.932,203.699,176.766,0.896,253.634,138.598,0.936,283.535,135.363,0.837,289.760,85.439,0.921
116.187,184.203,0.884,149.829,200.735,0.913,207.189,178.427,0.920,250.863,140.315,0.945,287.605,131.015,0.866,292.408,85.513,0.880
115.400,184.654,0.905,153.953,198.082,0.870,205.829,175.441,0.946,250.416,136.093,0.926,289.210,134.337,0.894,288.493,83.373,0.940
111.800,183.166,0.932,155.188,200.942,0.922,210.135,169.969,0.957,252.635,136.630,0.947,288.879,129.642,0.937,287.961,87.052,0.880
108.614,182.559,0.869,159.634,201.606,0.927,212.092,169.030,0.953,252.771,134.838,0.912,286.951,130.262,0.939,284.988,87.877,0.946
104.323,181.002,0.928,161.577,199.559,0.924,207.498,168.275,0.877,252.878,133.165,0.945,288.079,134.437,0.986,285.378,85.044,0.899
100.124,181.203,0.892,163.197,199.517,0.933,215.609,166.606,0.953,251.172,133.398,0.925,293.132,125.734,0.881,281.015,86.565,0.953
94.985,182.034,0.951,165.467,197.056,0.902,210.332,165.479,0.905,240.752,130.283,0.905,289.044,128.874,0.885,280.212,87.003,0.904
92.530,185.475,0.921,168.524,193.126,0.872,209.344,163.078,0.908,246.963,131.324,0.921,289.012,126.432,0.967,280.096,87.741,0.904
91.054,185.956,0.945,167.601,191.382,0.924,211.005,164.754,0.895,244.244,131.034,0.925,294.722,123.129,0.934,278.617,89.227,0.899
91.400,187.599,0.963,167.586,189.771,0.919,208.875,163.129,0.916,243.335,127.515,0.985,292.031,120.836,0.925,278.703,90.420,0.934
86.519,180.935,0.910,170.304,188.705,0.926,211.668,160.127,0.924,239.986,126.909,0.972,289.229,121.307,0.922,278.201,94.763,0.894
83.676,188.188,0.931,173.320,185.828,0.962,213.226,156.091,0.923,239.441,128.507,0.905,291.843,121.083,0.933,274.418,92.195,0.870
81.883,188.401,0.960,171.613,186.484,0.958,211.316,153.917,0.897,238.623,124.215,0.933,297.122,118.613,0.906,277.808,98.825,0.910
76.072,185.307,0.903,171.601,185.106,0.930,210.455,155.163,0.914,233.571,124.044,0.937,292.186,117.786,0.861,277.379,96.649,0.903
75.731,191.559,0.981,170.749,184.813,0.905,208.549,152.317,0.893,232.905,125.375,0.992,291.587,116.578,0.904,278.238,95.947,0.921
76.668,195.882,0.962,171.885,176.712,0.947,207.501,153.663,0.979,229.544,124.346,0.954,289.424,119.771,0.935,275.800,97.933,0.934
76.566,196.573,0.957,174.292,175.952,0.912,206.192,147.951,0.878,224.735,121.229,0.934,289.696,112.577,0.871,275.687,95.202,0.942
72.529,198.331,0.898,173.411,176.130,0.927,207.105,149.989,0.944,225.501,124.608,0.892,290.890,113.233,0.909,274.251,99.343,0.928
74.351,200.676,0.880,171.032,177.744,0.889,200.322,149.719,0.934,229.391,119.664,0.929,289.217,111.509,0.914,274.194,99.344,0.963
69.314,203.737,0.979,174.502,172.836,0.906,199.643,146.355,0.922,224.054,125.292,0.966,286.960,111.704,0.923,275.230,100.310,0.927
74.261,204.133,0.899,168.359,169.817,0.911,202.960,144.297,0.974,220.042,127.931,0.869,286.313,108.857,0.949,271.301,106.258,0.895
76.608,206.242,0.934,168.212,172.990,0.887,198.728,143.591,0.914,219.083,120.975,0.922,284.742,108.474,0.908,274.845,104.260,0.905
74.174,207.469,0.913,164.003,171.097,0.935,197.553,143.755,0.901,216.044,122.767,0.902,284.845,113.113,0.902,274.131,105.410,0.969
74.478,213.813,0.942,163.193,171.122,0.889,191.534,145.038,1.000,213.711,124.451,0.887,280.618,108.002,0.879,274.941,106.321,0.902
82.494,214.039,0.939,159.561,169.756,0.893,190.615,141.928,0.942,211.638,127.855,0.937,282.001,105.894,0.897,279.817,107.322,0.919
78.962,212.486,0.928,160.394,166.579,0.926,186.130,143.220,0.945,207.431,127.843,0.916,279.122,103.869,0.910,272.496,111.507,0.937
83.615,213.848,0.942,155.359,167.497,0.907,184.952,144.257,0.921,208.066,126.516,0.926,278.455,102.807,0.915,275.585,112.553,0.944
81.778,219.334,0.932,154.804,166.488,0.899,184.294,144.791,0.945,207.795,127.688,0.915,275.510,104.881,0.895,273.084,111.189,0.910
83.150,219.694,0.906,152.188,164.852,0.927,179.860,145.092,0.900,204.662,128.337,0.903,272.386,105.993,0.941,275.416,113.514,0.862
85.110,217.784,0.967,146.666,163.651,0.913,178.208,140.132,0.930,202.208,132.391,0.966,273.520,103.394,0.859,278.767,115.456,0.899
92.968,218.089,0.917,148.350,164.344,0.884,176.814,143.827,0.948,204.322,132.046,0.969,272.267,104.117,0.940,280.886,116.273,0.886
90.601,218.507,0.915,144.445,165.774,0.904,174.851,146.139,0.939,202.141,133.188,0.947,267.918,103.415,0.931,279.065,117.581,0.942
92.968,225.043,0.913,140.599,161.765,0.887,170.034,146.792,0.897,195.106,131.721,0.886,264.234,101.935,0.874,283.713,115.641,0.927
98.842,225.451,0.932,139.182,165.767,0.977,172.215,146.603,0.910,198.567,132.209,0.884,262.727,106.002,0.907,283.191,117.065,0.929
102.437,224.979,0.942,138.347,161.020,0.871,162.642,147.197,0.890,198.181,132.922,0.928,259.026,100.572,0.930,283.832,118.392,0.940
105.808,221.886,0.939,130.301,163.512,0.965,167.574,142.773,0.905,195.891,133.939,0.937,259.844,104.123,0.898,286.919,114.611,0.915
106.989,221.127,0.918,126.671,167.169,0.952,163.458,149.061,0.955,196.658,137.896,0.896,258.502,103.561,0.954,289.383,121.342,0.980
110.897,220.774,0.927,126.453,165.481,0.924,162.167,147.157,0.951,197.396,133.367,0.896,255.631,105.041,0.896,284.946,119.570,0.906
115.566,216.488,0.964,125.992,167.120,0.891,158.090,149.916,0.954,196.511,139.578,0.938,252.625,103.871,0.894,290.053,117.514,0.944
114.393,222.485,0.969,125.534,165.996,0.909,159.212,150.330,0.891,192.830,139.741,0.896,253.467,101.698,0.911,293.125,122.307,0.862
121.097,221.295,0.886,121.651,165.557,0.926,155.996,151.407,0.923,195.651,139.961,0.892,254.191,101.264,0.915,291.097,122.280,0.986
124.562,216.972,0.877,122.137,171.565,1.000,160.153,153.865,0.916,192.605,138.689,0.919,248.566,104.190,0.884,294.694,123.484,0.925
128.326,214.807,0.892,117.818,173.468,0.925,160.091,154.005,0.934,193.446,142.092,0.931,247.021,105.492,0.876,298.018,125.030,0.932
128.475,216.602,0.953,114.483,171.772,0.863,156.500,157.738,0.949,197.412,146.802,0.949,245.298,105.790,0.962,301.873,119.874,0.906
131.598,212.278,0.897,112.911,178.851,0.925,153.707,159.625,0.905,193.495,151.096,0.945,246.580,107.486,0.953,306.916,124.176,0.910
131.320,212.113,0.875,115.233,178.830,0.931,154.814,156.066,0.905,192.093,153.649,0.937,241.779,108.219,0.864,303.208,120.583,0.938
134.840,206.746,0.885,115.961,179.031,0.908,152.371,162.007,0.968,197.772,149.335,0.940,243.563,109.026,0.971,304.750,125.189,0.902
132.928,210.982,0.943,115.461,180.950,0.922,151.740,165.732,0.942,193.973,149.103,0.888,238.717,107.360,0.899,301.107,125.352,0.943
137.347,204.361,0.905,112.178,180.756,0.947,152.366,161.955,0.884,197.067,156.356,0.909,237.476,109.765,0.936,306.299,123.840,0.934
134.545,198.111,0.950,109.537,181.860,0.838,150.607,169.335,0.937,200.314,152.758,0.848,236.709,113.292,0.931,307.747,124.886,0.864
132.075,202.674,0.907,113.203,188.373,0.901,150.883,165.635,0.924,199.790,155.718,0.854,230.708,112.588,0.977,311.145,122.314,0.928
133.077,201.791,0.875,114.522,186.016,0.907,156.104,169.415,0.996,203.460,156.209,0.966,236.170,114.533,0.914,314.164,119.778,0.926
128.420,196.159,0.892,113.706,192.503,0.975,158.891,170.619,0.954,201.428,155.852,0.890,237.484,115.917,0.927,311.149,125.228,0.955
133.209,199.093,0.925,116.309,195.883,0.917,155.172,172.799,0.924,201.366,159.644,0.889,234.229,112.720,0.910,314.498,123.633,0.897
128.823,196.457,0.886,117.776,192.051,0.934,157.583,171.326,0.896,208.499,160.153,0.915,232.850,120.233,0.939,318.149,121.942,0.941
130.133,192.889,0.927,117.345,196.736,0.925,160.883,178.123,0.896,209.907,160.054,0.921,232.402,117.627,0.956,320.063,121.001,0.891
130.119,189.901,0.916,121.348,195.724,0.973,162.708,177.858,0.898,208.880,161.229,0.860,229.945,119.704,0.949,328.460,116.334,0.934
123.509,190.510,0.903,119.956,198.480,0.965,160.495,178.393,0.905,214.019,165.527,0.929,234.358,119.902,0.924,325.835,119.217,0.958
121.133,187.503,0.948,125.384,195.278,0.912,163.589,177.395,0.910,214.489,159.416,0.949,234.859,124.502,0.941,324.501,118.608,0.910
118.129,187.677,0.892,125.186,199.168,0.898,167.254,181.727,0.880,214.559,165.159,0.913,232.662,127.446,0.894,326.079,112.106,0.945
116.388,184.497,0.945,131.722,201.900,0.923,167.921,179.805,0.893,214.517,161.314,0.882,227.729,126.103,0.962,327.996,113.438,0.907
117.151,184.117,0.968,132.250,202.511,0.953,170.533,180.045,0.927,213.027,165.712,0.876,236.705,130.155,0.889,328.159,118.384,0.891
112.262,183.957,0.994,134.125,199.549,0.859,176.085,182.511,0.901,221.419,162.594,0.933,233.222,128.589,0.879,331.766,114.315,0.923
107.084,185.656,0.955,133.703,201.173,0.952,175.272,182.537,0.912,230.734,159.181,0.860,236.584,128.826,0.887,330.695,116.212,0.924
105.594,182.730,0.916,139.371,204.079,0.916,178.854,187.591,0.867,228.700,165.011,0.935,234.281,129.885,0.900,331.459,113.386,0.915
96.230,181.819,0.942,140.337,202.871,0.918,183.026,184.511,0.990,232.558,161.912,0.982,233.708,132.888,0.892,331.110,109.174,0.927
97.500,186.490,0.885,145.782,201.667,0.923,181.017,187.286,0.895,232.600,161.675,0.911,238.373,132.744,0.930,331.782,111.008,0.881
88.569,182.992,0.908,147.276,202.190,0.920,186.782,183.934,0.901,233.359,162.276,0.973,238.583,137.684,0.958,330.220,108.950,0.865
93.553,188.657,0.903,152.920,201.461,0.922,186.841,184.075,0.924,236.533,162.612,0.960,238.803,138.877,0.906,336.657,109.736,0.927
84.177,185.842,0.889,150.388,203.477,0.964,186.298,180.761,0.900,235.340,163.165,0.964,241.889,135.018,0.926,331.629,108.331,0.938
86.985,186.067,0.948,151.406,202.360,0.922,192.571,182.973,0.958,237.846,158.949,0.922,241.904,137.417,0.958,334.764,103.846,0.937
81.652,187.063,0.953,159.911,202.263,0.938,194.465,182.168,0.932,242.532,157.571,0.903,244.015,136.233,0.934,332.905,106.425,0.935
86.364,190.811,0.909,160.751,201.132,0.963,197.707,180.041,0.915,241.566,160.174,0.945,244.705,140.934,0.911,332.961,99.074,0.954
76.748,191.712,0.922,161.407,202.247,0.930,201.478,182.578,0.929,244.240,156.202,0.897,247.356,140.038,0.934,332.983,103.863,0.933
76.918,192.196,0.882,169.558,198.691,0.904,199.414,182.159,0.919,244.091,157.275,0.879,246.829,141.299,0.888,333.896,103.322,0.909
79.543,197.493,0.878,167.541,195.801,0.917,204.050,176.822,0.919,247.034,155.543,0.995,249.443,143.991,0.892,332.671,105.169,0.911
75.928,197.804,0.985,163.221,199.478,0.917,205.333,177.640,0.957,248.479,156.310,0.918,253.023,138.065,0.914,335.105,97.162,0.934
74.651,199.892,0.946,168.456,194.077,0.954,207.182,174.928,0.949,250.003,155.029,0.927,257.780,140.496,0.928,332.048,99.870,0.881
73.293,203.067,0.877,172.181,194.138,0.965,207.565,176.165,0.952,250.821,156.337,0.886,255.409,144.411,0.895,334.833,95.878,0.880
73.786,206.027,0.932,173.712,186.050,0.882,210.196,175.596,0.906,254.594,151.621,0.899,258.002,144.009,0.938,332.581,95.823,0.930
72.270,207.866,0.908,169.708,189.037,0.955,208.483,172.685,0.990,257.067,147.745,0.897,265.391,141.226,0.902,331.419,92.597,0.935
73.937,207.745,0.919,171.488,188.060,0.960,211.416,172.395,0.954,249.370,146.939,0.923,261.676,140.969,0.941,327.451,93.680,0.961
75.002,210.142,0.891,172.625,181.568,0.856,209.685,170.151,0.943,252.993,141.126,0.912,264.284,141.899,0.877,327.475,94.232,0.876
77.684,214.952,0.939,172.638,183.563,0.923,213.132,167.636,0.972,255.182,145.659,0.937,264.850,146.507,0.945,325.256,91.595,0.919
77.819,210.809,0.938,175.745,182.634,0.958,211.990,163.216,0.946,252.099,143.836,0.920,270.063,140.197,0.954,327.727,91.097,0.927
81.068,217.579,0.857,176.031,180.426,0.946,213.976,160.712,0.898,256.912,144.595,0.894,270.745,143.812,0.999,324.128,89.379,0.923
78.385,219.056,0.921,169.445,173.316,0.936,213.640,162.745,0.944,251.440,140.987,0.889,269.028,146.183,0.929,321.321,90.378,0.945
86.408,217.301,0.894,172.260,176.776,0.853,214.376,164.183,0.938,254.596,141.092,0.946,276.567,140.365,0.949,322.208,83.107,0.910
86.951,216.629,0.992,168.782,175.992,0.899,213.431,159.128,0.932,249.467,138.090,0.956,275.536,142.384,0.905,317.410,87.642,0.891
91.956,221.683,0.973,172.335,175.328,0.940,211.298,156.760,0.928,254.610,137.083,0.933,274.890,141.138,0.894,321.098,87.760,0.942
92.547,221.341,0.923,166.749,170.164,0.885,210.788,159.598,0.906,249.144,138.440,0.893,277.176,141.050,0.910,318.049,85.224,0.909
94.219,223.865,0.868,166.099,170.486,0.889,211.667,154.106,0.972,250.719,130.011,0.897,280.457,139.360,0.888,313.647,83.525,0.935
97.745,219.224,0.928,162.037,170.597,0.918,215.146,153.993,0.890,252.726,132.279,0.918,283.799,138.540,0.933,313.463,85.617,0.919
98.265,225.594,0.944,159.233,169.741,0.954,207.341,155.292,0.898,248.098,127.869,0.923,282.402,136.168,0.907,312.294,81.083,0.931
103.263,227.026,0.891,157.529,169.409,0.903,205.467,151.412,0.960,245.161,132.660,0.885,284.758,136.830,0.918,309.675,86.679,0.894
107.232,221.791,0.913,158.238,166.472,0.904,203.445,153.861,0.912,244.360,130.830,0.888,282.815,136.536,0.979,312.085,80.876,0.936
110.238,221.307,0.910,156.337,166.355,0.916,203.078,148.104,0.914,242.576,126.336,0.956,290.616,134.866,1.000,304.573,83.330,0.890
109.737,226.266,0.913,155.587,162.665,0.935,202.619,144.125,0.867,244.323,125.992,0.937,291.188,136.881,0.864,307.058,81.536,0.894
116.930,223.521,0.906,150.871,164.703,0.965,200.589,144.275,0.967,241.663,125.006,0.928,290.623,129.809,0.900,298.113,84.149,0.935
116.748,221.394,0.940,149.732,162.597,0.943,195.191,146.451,0.896,241.224,128.647,0.965,294.357,133.836,0.931,300.622,82.418,0.930
120.966,222.060,0.939,144.250,165.255,0.918,193.857,146.045,0.892,236.262,125.674,0.968,293.247,129.714,0.911,299.587,83.198,0.945
125.546,217.990,0.930,137.986,163.938,0.945,195.030,146.227,0.921,237.073,129.427,0.901,291.713,131.141,0.972,298.420,82.991,0.981
124.659,215.974,0.922,136.957,164.038,0.924,189.984,140.945,0.920,231.356,122.765,0.933,295.382,125.518,0.876,294.660,84.581,0.944
127.805,218.732,0.917,133.719,165.000,0.936,188.605,144.998,0.903,230.214,124.626,0.879,294.054,125.434,0.960,293.750,81.850,0.878
128.893,213.067,0.903,132.930,164.094,0.910,183.707,146.327,0.910,226.032,122.423,0.892,293.087,125.143,0.879,296.195,84.771,0.948
132.287,213.085,0.852,128.615,166.543,0.866,184.100,142.665,0.921,228.084,124.569,0.908,287.835,122.265,0.874,292.469,86.273,0.901
130.035,208.798,0.951,130.534,169.481,0.938,181.591,144.353,0.931,221.151,124.048,0.964,294.753,121.772,0.869,291.076,86.850,0.963
130.057,204.072,0.897,129.096,167.296,0.970,175.684,145.587,0.903,218.922,125.474,0.880,293.560,120.535,0.934,288.466,88.776,0.951
129.510,207.714,0.954,126.992,171.121,0.883,177.032,142.499,0.927,217.902,126.143,0.945,293.697,123.313,0.924,286.830,85.638,0.918
138.182,205.849,0.952,119.667,169.464,1.000,170.509,143.440,0.946,214.159,123.870,0.931,293.025,119.436,0.918,287.964,86.896,0.947
135.029,200.002,0.930,122.021,169.800,0.951,170.839,144.979,0.919,213.520,122.387,0.902,291.546,116.160,0.937,284.432,88.074,0.964
136.426,204.181,0.890,120.747,172.640,0.880,169.775,146.237,0.882,213.282,125.552,0.927,293.904,116.581,0.910,279.633,89.138,0.868
131.636,201.210,0.925,116.514,178.075,0.890,168.282,148.012,0.914,215.220,126.518,0.920,289.010,114.314,0.881,280.463,87.260,0.979
133.511,194.518,0.911,120.225,173.817,0.911,169.774,146.399,0.902,204.898,127.013,0.961,292.237,113.740,0.908,279.961,91.886,0.866
128.958,193.549,0.883,114.298,177.092,0.907,168.563,147.852,0.935,205.718,127.301,0.873,292.716,114.448,0.906,283.456,92.860,0.949
125.620,193.400,0.879,115.604,183.881,0.931,161.390,150.665,0.930,207.743,125.825,0.917,288.285,114.145,0.890,278.584,89.417,0.898
127.870,191.316,0.944,116.421,178.227,0.887,164.207,154.721,0.971,201.627,129.479,0.933,287.974,111.355,0.874,279.083,91.716,0.902
123.374,187.463,0.928,115.394,184.417,0.894,159.141,154.257,0.913,200.689,128.644,0.862,284.697,111.901,0.952,277.030,96.594,0.941
122.050,188.152,0.900,112.276,185.049,0.913,159.692,154.427,0.919,196.649,132.352,0.893,281.012,108.032,0.900,274.956,96.358,0.921
119.742,187.199,0.893,111.971,188.718,0.886,156.939,154.359,0.930,202.542,132.207,0.913,281.015,108.158,0.911,278.452,100.456,0.934
117.296,180.848,0.941,112.427,186.470,0.955,156.875,156.272,0.903,201.367,134.321,0.916,285.770,108.603,0.975,270.376,96.614,0.912
112.763,184.928,0.899,118.215,193.885,0.921,153.698,156.285,0.901,198.942,133.674,0.920,280.209,103.545,0.896,276.734,103.312,0.935
105.544,184.727,0.934,118.664,191.016,0.891,154.760,161.886,0.973,198.395,140.871,0.879,276.492,106.889,0.910,273.459,100.635,0.936
104.693,182.160,0.952,116.972,188.577,0.893,156.632,164.031,0.878,194.988,137.247,0.904,276.392,104.521,0.871,275.320,99.530,0.875
105.071,183.455,0.921,118.290,194.833,0.858,151.989,163.908,0.907,194.184,137.624,0.900,274.440,104.441,0.906,274.538,105.572,0.913
104.705,185.655,0.926,123.935,196.963,0.955,156.686,164.084,0.908,192.621,139.681,0.960,273.694,103.942,0.987,273.557,104.565,0.902
97.647,182.859,0.930,120.179,197.780,0.898,150.300,164.987,0.934,193.583,138.986,0.959,271.205,103.042,0.857,276.872,107.922,0.922
97.450,181.352,0.937,122.650,202.335,0.902,155.060,166.433,0.925,193.960,141.190,0.930,267.773,104.703,0.901,274.645,107.433,0.938
87.013,182.582,0.945,124.713,200.365,0.957,153.284,168.715,0.911,195.769,144.667,0.942,264.421,107.104,0.939,275.366,112.698,0.933
91.956,186.320,0.856,131.448,201.480,0.913,158.053,168.337,0.962,196.096,143.586,0.946,267.293,104.002,0.912,276.302,108.106,0.947
84.078,190.429,0.957,131.379,198.115,0.943,159.952,172.300,0.875,198.317,146.300,0.966,262.902,103.397,0.935,279.528,111.027,0.928
81.889,192.213,0.934,131.477,202.350,0.884,153.936,176.103,0.895,193.265,151.205,0.936,263.345,102.930,0.937,277.020,113.031,0.933
81.103,187.597,0.923,136.744,203.874,0.914,156.300,173.984,0.938,196.226,152.667,0.877,259.906,108.654,0.919,278.247,110.602,0.915
80.327,190.861,0.908,138.343,203.496,0.907,164.050,176.113,0.949,195.022,152.069,0.922,256.954,104.674,0.926,277.332,114.093,0.886
75.634,193.666,0.945,139.766,202.083,0.898,163.596,179.758,0.915,195.918,150.469,0.873,255.099,104.755,0.867,277.983,114.244,0.963
78.603,196.982,0.881,144.169,202.265,0.874,162.348,178.422,0.954,197.512,153.806,0.921,252.833,106.283,0.894,279.886,116.665,0.948
72.608,196.724,0.894,149.057,204.393,0.902,163.175,181.634,0.931,195.935,153.146,0.921,250.627,107.055,0.988,278.779,116.562,0.887
74.959,200.713,0.939,145.513,207.138,0.886,170.395,183.035,0.954,199.649,153.854,0.914,251.176,103.919,0.895,281.150,112.635,0.840
72.435,199.624,0.910,151.245,203.249,0.862,167.101,182.087,0.877,200.582,158.568,0.948,246.806,110.936,0.888,287.344,117.080,0.973
74.472,201.211,0.959,160.378,203.133,0.943,171.514,178.984,0.890,202.718,158.152,0.985,248.669,109.812,0.938,282.167,119.881,0.912
70.181,204.230,0.898,158.623,202.605,0.918,177.486,183.482,0.866,205.546,158.249,0.914,246.753,110.162,0.945,284.723,120.836,0.906
72.756,208.617,0.938,162.401,200.616,0.911,176.314,186.320,0.884,208.563,160.888,0.944,244.217,111.074,0.917,286.888,124.034,0.936
73.036,210.625,0.953,163.402,199.875,0.903,175.632,185.439,0.941,208.253,162.209,0.908,240.672,111.405,0.910,289.236,120.865,0.970
78.485,210.896,0.897,161.788,196.898,0.924,178.354,183.362,0.913,212.507,163.313,0.977,241.743,114.734,0.931,294.015,119.850,0.895
73.619,212.472,0.903,167.093,195.622,0.875,186.261,182.979,0.913,209.144,169.985,0.961,239.809,112.951,0.934,291.247,128.135,0.960
83.277,216.991,0.984,168.452,196.951,0.907,186.692,183.304,0.910,212.512,164.821,0.905,237.474,114.025,0.928,295.386,122.405,0.905
80.772,216.173,0.884,166.327,193.680,0.945,184.835,182.393,0.915,215.103,164.299,0.906,237.876,119.033,0.968,296.103,119.413,0.950
84.405,217.448,0.970,170.748,192.838,0.914,189.792,185.602,0.971,216.224,167.075,0.910,238.793,114.558,0.946,297.535,122.454,0.876
81.377,222.133,0.965,172.602,187.450,0.908,190.953,186.212,0.933,222.028,163.047,0.923,235.660,117.474,0.899,298.941,125.833,0.891
87.518,220.534,0.951,174.328,189.325,0.923,203.370,182.170,0.888,221.237,164.842,0.920,237.933,117.355,0.870,302.270,122.677,0.968
93.592,218.877,0.936,173.809,190.328,0.934,200.281,179.362,0.923,225.704,163.519,0.870,233.885,121.280,0.909,306.928,122.674,0.909
97.856,224.078,0.909,172.765,187.579,0.927,200.577,181.861,0.961,231.186,164.549,0.919,236.603,120.513,0.892,303.585,123.038,0.891
95.913,226.417,0.947,175.821,182.086,0.935,202.059,182.252,0.920,230.024,161.641,0.935,233.800,121.850,0.955,305.114,123.158,0.950
103.268,223.663,0.915,175.875,183.418,0.892,204.956,182.538,0.900,235.803,164.242,0.903,234.798,125.859,1.000,308.208,124.742,0.948
104.495,225.229,0.912,173.215,181.028,0.933,201.000,176.642,0.900,232.780,161.953,0.958,233.562,123.560,0.908,309.811,122.675,0.958
108.572,224.576,0.956,174.448,180.127,0.971,212.422,178.386,0.930,233.909,165.628,0.914,237.134,128.965,0.937,311.705,124.042,0.885
109.971,227.185,0.993,174.860,175.065,0.904,205.753,177.101,0.921,239.813,156.953,0.970,237.020,128.048,0.946,316.066,123.837,0.903
116.465,219.586,0.978,169.369,173.020,0.922,213.362,173.342,0.920,239.355,158.119,0.908,233.868,123.464,0.862,316.876,122.813,0.965
112.958,221.501,0.966,170.885,174.487,0.930,209.556,175.607,0.935,243.721,162.188,0.952,236.913,132.350,0.939,317.581,120.978,0.861
120.462,222.964,0.922,165.109,174.133,0.963,211.366,170.597,0.880,244.995,159.691,0.955,236.602,128.449,0.925,320.094,121.586,0.863
124.893,220.849,0.909,166.036,171.413,0.912,213.346,169.501,0.896,246.765,161.671,0.957,237.621,133.755,0.856,322.419,120.921,0.885
125.802,220.812,0.944,160.866,165.937,0.917,215.610,166.946,0.926,245.946,158.425,0.946,238.167,133.725,0.919,319.118,118.833,0.946
125.918,217.471,0.888,165.322,170.485,0.940,214.262,165.493,0.936,247.716,153.806,0.850,236.674,136.432,0.941,325.546,116.677,0.969
129.508,216.859,0.921,157.338,170.278,0.952,213.212,165.229,0.911,249.148,154.104,0.902,241.509,136.506,0.918,324.143,119.039,0.918
130.713,215.056,0.936,155.293,168.739,0.910,213.852,163.835,0.917,250.757,151.020,0.951,241.387,139.964,0.864,323.450,120.580,0.909
131.071,213.845,0.888,156.066,163.149,0.947,213.625,163.148,0.927,249.800,152.685,0.902,239.292,139.813,0.891,327.934,114.818,0.952
134.893,211.605,0.959,153.453,163.555,0.937,215.359,160.833,0.899,248.596,151.372,0.900,248.066,138.985,0.947,327.873,118.565,0.931
136.258,208.957,0.943,151.014,161.955,0.915,214.462,162.186,0.930,256.438,149.709,0.937,244.113,140.747,0.951,330.786,114.820,0.941
131.348,207.446,0.949,143.295,165.403,0.897,212.455,156.237,0.899,254.585,150.186,0.908,247.709,141.197,0.910,326.509,111.481,0.939
137.957,206.375,0.911,145.585,164.318,0.925,214.597,157.113,0.894,251.621,145.289,0.904,250.617,142.148,0.912,332.683,112.887,0.915
134.186,201.553,0.921,143.094,164.598,0.986,211.887,153.342,0.923,252.086,145.190,0.936,250.840,141.543,0.929,333.623,113.201,0.935
133.255,198.383,0.934,139.583,165.703,0.908,206.409,148.727,0.926,255.845,144.172,0.891,251.199,144.097,0.915,333.727,108.426,0.937
134.643,200.575,0.928,135.258,165.722,0.966,206.498,152.412,0.907,253.897,142.127,0.953,254.285,148.937,0.928,333.333,110.539,0.925
130.137,194.426,0.915,130.833,166.166,0.938,204.360,152.352,0.871,250.975,139.588,0.939,254.306,142.570,0.901,333.444,108.338,0.904
131.188,195.298,0.931,130.781,169.145,0.909,205.908,149.201,0.904,253.965,139.994,0.964,258.332,138.932,0.999,334.038,107.790,0.952
127.892,196.991,0.934,131.013,167.984,0.912,205.527,149.160,0.925,254.138,139.388,0.899,259.839,144.248,0.904,331.134,107.397,0.936
126.507,191.886,0.925,128.949,170.560,0.928,199.337,147.013,0.860,251.713,136.509,0.966,260.667,142.371,0.906,334.182,106.303,0.860
125.138,190.573,0.929,125.804,168.910,0.900,198.876,145.761,0.861,251.615,138.167,0.890,259.448,144.143,0.954,334.339,102.621,0.899
121.971,192.672,0.936,122.926,171.425,0.973,194.507,146.548,0.935,250.450,134.355,0.907,263.618,145.256,0.962,334.724,101.681,0.939
118.644,186.029,0.954,121.476,171.413,0.904,194.845,145.160,0.947,247.947,132.832,0.839,269.180,146.304,0.964,334.213,100.713,0.868
118.919,186.480,0.929,121.736,174.846,0.993,190.430,147.603,0.925,249.004,132.651,0.947,269.447,145.416,0.951,334.225,98.217,0.925
114.730,187.432,0.904,114.385,176.990,0.915,187.942,145.099,0.947,244.849,130.568,0.954,268.839,144.955,0.949,334.155,97.251,0.936
111.554,186.231,0.944,116.515,177.821,0.890,187.887,145.533,0.915,244.164,131.280,0.946,275.590,140.025,0.952,333.154,95.433,0.981
109.230,185.063,0.955,116.298,179.516,0.878,185.151,143.252,0.896,241.032,132.504,0.917,277.689,137.859,0.902,332.931,98.367,0.932
100.152,179.977,0.926,117.232,178.941,0.932,178.681,145.340,0.918,238.790,131.024,0.939,277.636,140.607,0.916,332.114,99.434,0.932
103.019,183.579,0.907,113.780,182.707,0.931,180.913,143.418,0.944,242.283,127.842,0.849,280.049,138.661,0.932,330.305,94.853,0.906
102.718,185.641,0.881,112.417,186.769,0.923,175.709,144.780,0.957,240.802,123.799,0.913,282.914,141.535,0.904,329.423,95.413,0.903
93.008,185.937,0.943,114.489,182.998,0.946,177.192,142.493,0.968,237.395,128.133,0.926,280.240,137.754,0.967,331.081,94.371,0.911
97.187,185.347,0.862,114.953,188.650,0.935,169.746,145.102,0.929,236.283,121.577,0.856,281.783,142.710,0.907,326.348,94.988,0.927
85.779,187.850,0.987,115.120,189.311,0.923,173.623,142.583,0.900,231.727,128.615,0.906,284.356,141.878,0.906,326.198,87.856,0.969
85.336,187.167,0.929,115.041,193.237,0.888,168.736,145.836,0.967,230.565,120.221,0.874,285.260,136.937,0.910,323.221,92.097,0.939
85.645,193.699,0.876,115.154,193.646,0.957,169.033,151.340,0.915,230.731,123.612,0.900,286.304,139.823,0.953,326.368,88.917,0.930
80.886,191.598,0.941,119.040,194.972,0.910,164.306,152.262,0.950,225.333,120.684,0.919,287.014,136.655,0.894,323.984,87.798,0.924
78.331,191.526,0.888,122.205,197.138,0.898,164.663,146.669,0.943,223.286,125.423,0.892,289.789,135.321,0.913,325.603,87.162,0.926
78.712,192.801,0.921,121.242,197.239,0.931,164.432,150.116,0.966,222.803,130.312,0.890,286.538,131.208,0.922,318.237,90.052,0.947
77.861,197.194,0.933,119.429,198.360,0.911,161.900,154.556,0.912,222.375,125.121,0.904,289.694,135.043,0.923,322.038,85.324,0.912
77.615,199.520,0.957,123.865,201.671,0.897,160.692,158.178,0.944,218.873,127.392,0.921,291.937,134.233,0.874,311.602,87.523,0.880
74.515,201.132,0.948,127.839,202.629,0.900,159.475,154.138,0.935,214.155,127.968,0.948,294.776,130.838,0.933,317.051,85.959,0.876
70.516,204.059,0.917,128.472,200.791,0.879,158.251,155.016,0.946,210.822,125.030,0.889,296.522,128.302,0.984,312.703,86.305,0.899
75.560,199.296,0.900,134.528,207.233,0.868,153.380,158.587,1.000,211.779,126.141,0.935,293.064,128.479,0.851,309.197,86.077,0.924
77.175,206.853,0.927,135.593,204.575,0.925,158.916,160.838,0.948,209.424,127.370,0.962,292.507,126.454,0.901,309.826,82.374,0.843
74.159,210.904,0.860,138.402,200.712,0.868,157.964,163.764,0.952,208.085,128.064,0.879,294.264,123.844,0.909,307.533,83.277,0.928
77.473,213.095,0.900,139.982,202.056,0.941,148.285,164.751,0.928,205.890,130.594,0.908,290.197,125.002,0.895,305.801,81.939,0.950
74.304,213.064,0.900,142.848,203.890,0.997,156.129,161.824,0.928,203.058,130.716,0.899,294.477,125.837,0.948,303.307,80.916,0.916
77.016,213.151,0.911,145.628,204.450,0.922,153.128,164.439,0.943,204.084,133.398,0.901,292.805,122.420,0.943,299.726,82.065,0.932
77.804,214.999,0.943,150.141,207.388,0.906,156.263,171.649,0.871,203.796,133.907,0.903,294.693,120.258,0.919,302.648,83.728,0.970
82.350,220.698,0.935,153.752,203.623,0.895,158.363,169.956,0.909,197.026,133.421,0.872,295.721,119.926,0.876,300.154,87.285,0.913
82.041,218.617,0.961,154.562,207.631,0.900,151.369,173.494,0.910,200.581,134.154,0.946,292.512,118.461,0.918,300.917,85.586,0.899
90.142,219.822,0.973,150.723,203.169,0.910,159.870,170.346,0.923,195.443,136.494,0.955,291.319,118.428,0.924,295.936,87.596,0.908
90.493,216.555,0.919,157.516,206.286,0.898,156.510,178.480,0.914,196.218,134.877,0.937,291.811,114.681,0.881,292.093,85.946,0.954
92.358,220.107,0.926,161.456,200.536,0.953,159.584,177.466,0.879,198.781,137.677,0.926,290.849,112.716,0.939,295.240,84.696,0.908
96.640,222.319,0.905,164.899,201.482,0.917,161.449,177.207,0.865,193.891,141.657,0.914,289.875,115.459,0.905,289.164,89.997,0.911
100.801,223.390,0.920,165.588,193.734,0.930,160.078,178.822,0.883,197.112,141.006,0.885,291.352,116.448,0.900,289.890,88.446,0.925
102.131,224.750,0.933,165.934,195.395,0.906,162.572,179.208,0.880,195.520,144.091,0.916,283.799,111.632,0.931,288.412,88.381,0.954
102.821,225.154,0.940,166.130,194.797,0.900,166.831,179.772,0.904,192.385,147.189,0.869,287.563,110.069,0.887,286.944,88.856,0.932
107.809,225.938,0.905,171.764,195.392,0.948,170.105,180.443,0.972,194.513,145.494,0.904,283.301,111.332,0.926,283.410,89.485,0.966
109.869,224.672,0.899,166.657,194.230,0.929,170.406,180.099,0.930,196.541,148.180,0.918,283.033,107.489,0.909,286.094,89.101,0.892
114.857,223.392,0.904,173.818,191.761,0.880,170.983,178.902,0.936,198.273,146.276,0.968,281.377,105.729,0.945,286.100,88.102,0.941
115.942,222.714,0.927,177.459,191.869,0.875,174.389,182.637,0.908,194.587,151.500,0.963,276.079,107.783,0.919,282.799,88.881,0.947
119.661,224.221,0.935,172.114,187.656,0.902,178.118,182.287,0.921,194.920,153.162,0.920,270.894,106.108,0.915,277.086,97.651,0.949
124.258,221.813,0.951,172.771,185.708,0.888,179.977,184.895,0.943,196.038,149.088,0.942,273.099,104.115,0.921,278.605,94.982,0.959
123.006,216.008,0.910,175.755,187.958,0.933,183.585,187.395,0.887,197.574,157.344,0.919,272.284,104.478,0.897,280.717,97.083,0.970
126.533,217.756,0.938,174.857,181.938,0.894,182.967,184.449,0.876,193.264,152.067,0.964,268.914,105.789,0.919,277.843,97.565,0.856
128.343,217.061,0.896,175.692,181.154,0.943,183.648,186.000,0.934,201.742,153.711,0.915,270.349,103.323,0.921,276.113,97.456,0.947
129.305,215.647,0.943,171.758,177.068,0.904,190.862,187.556,0.926,202.165,155.027,0.887,265.868,104.985,0.904,277.731,102.604,0.911
137.073,209.517,0.893,171.950,176.397,0.930,192.317,182.818,0.915,202.228,158.200,0.925,261.641,105.103,0.926,274.303,97.341,0.940
135.424,210.379,0.884,171.241,173.138,0.885,197.116,182.243,0.886,202.033,158.075,0.962,262.607,103.156,0.878,276.872,101.422,0.915
132.585,209.781,0.894,167.477,175.116,0.895,196.657,186.726,0.948,201.775,156.871,0.914,261.643,107.290,0.986,269.261,102.905,0.879
133.114,205.245,0.964,171.127,168.907,0.905,200.172,183.619,0.916,206.143,161.627,0.893,260.765,105.969,0.879,275.225,102.809,0.982
135.250,203.695,0.931,166.617,168.068,0.947,199.501,181.140,0.928,208.793,160.318,0.883,259.431,105.114,0.917,274.078,106.785,0.922
136.941,201.396,0.917,161.663,169.552,0.928,203.933,181.893,0.896,215.597,164.646,0.942,255.477,106.262,0.933,271.659,105.415,0.934
133.717,202.018,0.916,161.320,171.350,0.919,205.213,182.728,0.927,215.458,161.316,0.948,253.889,104.733,0.885,272.767,108.038,0.966
134.819,196.372,0.892,157.591,166.776,0.940,207.049,178.995,0.966,216.556,164.388,0.955,253.433,103.993,0.962,276.958,109.502,0.939
128.499,194.629,0.921,157.709,166.097,0.939,208.200,177.853,0.906,217.149,166.535,0.930,252.877,105.252,0.933,279.487,109.636,0.945
131.381,192.148,0.919,154.467,167.518,0.917,209.563,176.963,0.930,219.447,160.686,0.889,254.677,107.667,0.920,275.408,110.106,0.903
131.517,197.093,0.906,151.304,162.949,0.961,210.488,177.247,0.912,225.938,165.986,0.873,249.017,108.651,0.981,276.153,111.724,0.920
127.219,192.569,0.951,150.992,167.422,0.918,209.407,173.236,0.928,221.536,162.299,0.884,247.759,110.509,0.913,273.071,109.327,0.883
123.408,189.873,0.891,148.268,165.681,0.911,214.388,170.428,0.960,226.243,164.053,0.948,242.151,109.157,0.885,276.050,112.248,0.923
124.465,189.142,0.952,145.135,161.835,0.961,209.876,169.667,0.958,228.054,169.007,0.937,242.338,112.418,0.930,279.144,114.973,0.911
117.647,192.230,0.970,141.205,163.384,0.909,215.427,170.058,0.926,229.958,164.422,0.890,237.350,113.042,0.886,276.051,115.557,0.901
116.256,186.824,0.923,140.941,165.134,0.910,216.008,165.005,0.920,232.608,158.956,0.935,239.424,112.328,0.923,283.579,115.649,0.914
115.121,189.111,0.904,134.318,170.132,0.936,217.130,164.997,0.894,233.643,162.800,0.934,240.579,113.702,0.938,278.464,117.895,0.953
109.049,183.611,0.932,132.288,164.373,0.899,215.615,164.592,0.896,234.232,162.635,0.979,237.080,116.898,0.874,286.190,114.651,0.897
113.070,182.412,0.891,130.887,167.223,0.958,211.533,159.862,0.917,240.781,162.334,0.964,238.476,119.053,0.947,285.288,119.319,0.944
104.257,183.975,0.902,132.920,165.678,0.923,212.714,160.451,0.958,238.783,164.053,0.887,235.535,114.943,0.923,284.234,120.288,0.973
97.480,185.296,0.948,130.449,166.319,0.939,212.683,159.793,0.913,239.635,159.976,0.961,234.976,123.224,0.905,288.264,121.484,0.944
100.615,186.313,0.886,123.928,168.380,0.924,213.788,159.381,0.894,245.380,158.811,0.913,236.785,122.234,0.866,289.583,118.226,0.943
96.103,185.469,0.919,124.946,170.292,0.919,210.346,154.259,0.869,248.456,160.586,0.921,234.401,124.782,0.925,289.829,126.452,0.948
92.378,188.722,0.955,119.930,169.698,0.933,209.945,153.790,0.930,245.803,155.836,0.903,236.017,122.955,0.934,290.425,123.258,0.944
90.643,189.698,0.929,119.896,173.913,0.909,209.378,150.887,0.984,250.496,158.358,0.963,234.421,122.953,0.904,292.787,125.613,0.900
88.314,192.365,0.866,118.992,177.132,0.984,208.084,149.311,0.917,248.710,153.103,0.882,236.427,123.878,0.968,294.375,125.871,0.920
84.390,189.101,1.000,116.818,178.509,0.933,207.269,149.797,0.910,250.277,154.686,0.936,236.847,123.271,0.903,298.328,126.091,0.902
83.765,188.969,0.977,116.096,179.657,0.947,205.525,149.348,0.954,249.977,155.918,0.929,232.661,126.495,0.921,300.057,122.540,0.916
81.200,193.671,0.926,119.107,186.292,0.972,198.092,150.154,0.931,253.706,149.338,0.948,234.944,129.701,0.936,299.168,125.223,0.955
80.619,193.891,0.907,118.138,184.619,0.898,196.477,150.996,0.923,254.594,152.125,0.891,237.033,131.715,0.951,302.964,122.014,0.931
76.324,197.144,0.944,116.897,186.327,0.895,198.486,147.342,0.895,252.517,148.655,0.914,235.082,131.351,0.950,304.043,125.719,0.950
75.400,196.964,0.995,116.561,186.625,0.904,197.463,144.652,0.911,256.258,144.950,0.947,240.279,135.267,0.942,304.228,124.281,0.954
76.619,201.847,0.954,112.115,185.381,0.906,194.877,145.997,0.891,249.284,144.537,0.921,238.143,136.477,0.906,307.280,125.028,0.936
76.277,204.601,0.906,116.157,189.839,0.924,187.981,142.142,0.938,252.048,143.704,0.903,236.532,136.885,0.919,309.846,128.032,0.929
74.667,206.282,0.922,117.391,185.659,0.934,187.830,147.379,0.901,254.074,142.418,0.900,238.793,136.944,0.928,310.305,122.899,0.894
75.075,208.512,0.936,118.629,196.177,0.854,189.817,141.075,0.917,253.484,143.120,0.953,239.411,137.004,0.927,312.546,125.044,0.878
77.285,210.143,0.851,117.599,196.709,0.926,186.267,143.519,0.940,249.038,140.298,0.889,239.932,142.857,0.986,317.746,123.908,0.884
74.490,210.821,0.908,123.530,194.649,0.913,180.190,142.882,0.912,253.641,142.093,0.939,245.206,138.652,0.920,315.061,123.304,0.859
74.920,209.290,0.926,123.518,200.866,0.911,179.542,144.701,0.896,251.731,136.845,0.951,242.441,142.623,0.919,319.705,120.056,0.921
80.340,213.257,0.942,123.374,199.054,0.921,177.418,142.381,0.925,251.775,135.588,0.958,246.368,144.169,0.977,318.780,121.646,0.921
81.236,217.070,0.908,126.376,198.479,0.917,173.676,145.122,0.914,249.346,132.044,0.978,251.444,137.357,0.917,320.260,119.110,0.958
81.035,219.878,0.907,127.818,201.584,0.900,174.616,148.144,0.903,246.270,134.367,0.907,250.937,140.450,0.925,325.046,123.795,0.924
84.094,216.152,0.936,131.229,201.762,0.937,171.192,147.893,0.975,247.625,135.414,0.870,249.532,142.504,0.939,324.531,120.769,0.934
85.591,224.585,0.908,129.065,200.961,0.860,171.606,149.484,0.960,248.141,129.440,0.943,254.900,141.559,0.882,323.540,119.211,0.912
88.702,222.264,0.910,135.460,206.309,0.905,168.122,148.357,0.952,246.568,131.521,0.858,254.546,144.871,0.895,325.345,116.837,0.965
95.192,225.329,0.944,138.904,208.924,0.938,165.598,147.007,0.907,243.114,130.807,0.946,256.901,147.054,0.945,326.201,117.577,0.937
95.581,222.247,0.940,141.597,200.970,0.952,164.654,149.566,0.976,243.529,127.233,0.927,258.091,145.470,0.910,326.326,117.046,0.951
96.293,227.001,0.887,144.691,205.164,0.874,163.514,153.900,0.922,242.512,123.484,0.953,258.749,146.004,0.901,334.927,114.999,0.920
102.671,222.951,0.906,146.325,207.532,0.946,163.274,152.166,0.917,240.136,126.643,0.916,265.296,146.255,0.925,331.908,113.300,0.892
105.815,228.906,0.941,151.552,204.013,0.871,160.326,154.710,0.954,237.958,127.046,0.888,262.426,143.829,0.912,331.767,114.634,0.924
107.775,223.601,0.921,151.604,203.492,0.962,157.335,156.308,0.899,239.765,125.333,0.954,269.605,144.248,0.916,331.403,112.385,0.889
110.865,227.291,0.940,155.085,203.532,0.930,155.107,155.854,0.915,236.185,123.755,0.895,268.101,149.695,0.934,337.037,109.334,0.878
115.048,223.520,0.913,154.838,199.582,0.914,158.193,160.837,0.931,234.346,122.959,0.922,269.154,142.855,0.917,332.997,108.862,0.907
118.514,224.348,0.896,158.344,199.094,0.941,157.936,160.876,0.878,228.880,122.189,0.883,271.306,143.518,0.852,338.471,107.730,0.922
119.580,224.215,0.924,159.766,204.799,0.919,154.577,167.442,0.938,227.381,127.525,0.906,271.669,143.955,0.848,334.528,108.104,0.899
121.282,222.383,0.868,164.758,198.847,0.892,157.216,163.889,0.925,225.070,124.759,0.921,279.826,143.894,0.936,332.863,112.865,0.907
124.399,220.157,0.899,164.167,202.041,0.891,155.067,162.731,0.913,220.742,121.794,0.923,277.194,141.800,0.917,334.941,103.504,0.886
129.039,217.125,0.928,166.358,194.015,0.926,155.412,169.470,0.924,214.932,126.665,0.935,281.345,143.259,0.946,338.008,106.537,0.865
130.605,218.049,0.937,164.367,197.631,0.999,156.903,167.551,0.923,219.478,124.427,0.922,284.564,143.372,0.933,332.626,104.819,0.916
129.929,216.123,0.932,169.385,194.282,0.966,157.043,172.741,0.876,218.077,124.720,0.974,286.259,141.569,0.947,337.525,103.145,0.922
137.882,211.178,0.961,172.167,193.381,0.890,158.283,172.345,0.943,215.156,126.616,0.935,284.487,139.883,0.920,329.774,101.338,0.948
138.351,210.767,0.942,172.220,191.988,0.900,157.869,177.235,0.910,212.225,126.555,0.912,285.154,136.212,0.892,334.850,100.720,0.978
132.040,206.430,0.961,171.709,190.396,0.865,157.960,173.965,0.962,209.825,127.043,0.931,290.720,136.754,0.950,335.637,94.982,0.885
136.699,207.244,0.904,176.066,188.971,0.876,160.959,174.435,0.968,204.228,129.430,0.951,289.299,133.837,0.900,327.947,98.833,0.952
132.814,203.850,0.893,174.242,186.109,0.917,161.251,177.507,0.884,206.789,131.195,0.930,290.162,138.851,0.888,332.615,95.794,0.939
134.733,200.717,0.885,174.912,183.622,0.887,161.394,179.148,0.898,204.233,127.017,0.932,291.098,134.369,0.924,330.092,99.585,0.912
137.265,198.273,0.936,173.435,182.803,0.917,164.917,181.168,0.903,204.534,130.107,0.905,290.520,131.274,0.967,330.567,93.374,0.938
134.896,200.503,0.890,175.016,181.617,0.898,166.445,183.190,0.932,201.978,133.508,0.928,289.790,130.872,0.967,330.415,95.531,0.938
129.838,195.210,0.964,173.388,176.877,0.875,170.941,180.257,0.885,199.589,134.508,0.955,291.075,131.355,0.886,327.979,95.194,0.937
131.839,195.524,0.912,174.001,175.450,0.853,168.480,183.774,0.883,195.237,133.067,0.924,293.535,131.185,0.916,328.064,94.374,0.955
124.190,188.495,0.892,168.799,175.368,0.967,171.385,181.968,0.956,196.470,134.524,0.934,290.468,129.689,0.923,323.531,91.040,0.915
123.950,192.726,0.935,170.699,175.385,0.953,173.187,185.622,0.935,199.938,133.554,0.870,294.920,129.139,0.948,326.761,88.360,0.972
124.976,188.825,0.951,172.350,175.779,1.000,178.146,182.254,0.880,196.472,135.768,0.882,294.315,125.402,0.905,320.505,88.935,0.902
120.816,191.257,0.867,166.187,176.193,0.908,177.650,182.073,0.932,196.522,139.578,0.921,291.863,123.537,0.944,320.355,86.722,0.919
122.992,186.056,0.917,166.836,170.473,0.975,183.335,181.441,0.920,196.331,141.741,0.864,292.861,123.341,0.965,320.071,85.420,0.908
117.309,189.007,0.968,166.126,167.088,0.900,186.888,183.285,0.926,194.573,143.419,0.971,291.591,119.433,0.871,317.834,89.908,0.882
116.669,185.519,0.912,162.258,164.258,0.965,184.035,185.319,0.927,198.041,146.290,0.918,292.584,117.859,0.961,321.788,87.509,0.900
111.318,183.849,0.923,156.168,167.177,0.926,192.911,188.205,0.917,194.246,143.342,0.935,291.957,118.078,0.938,315.577,85.536,0.926
108.324,186.712,0.937,157.467,167.206,0.932,192.215,183.883,0.961,195.384,145.561,0.939,292.109,117.953,0.891,315.442,87.655,0.897
105.197,186.360,0.916,151.369,162.585,0.922,194.284,184.970,0.899,196.049,148.036,0.881,289.385,116.797,0.939,310.155,87.298,0.908
105.651,183.869,0.951,148.402,164.189,0.883,198.162,179.365,0.909,193.409,148.880,0.901,290.355,117.399,0.948,311.542,85.764,0.883
101.855,186.067,0.918,149.389,163.243,0.959,197.033,180.645,0.878,196.139,150.887,0.904,291.308,120.545,0.914,307.116,87.164,0.935
93.352,183.649,0.913,145.454,165.126,0.913,200.671,180.026,0.930,196.107,151.158,0.921,287.547,113.119,0.877,301.877,85.747,0.885
92.141,185.209,0.913,143.107,162.989,0.923,201.131,178.565,0.904,191.827,153.143,0.916,287.533,109.663,0.891,304.020,84.781,0.893
93.237,187.668,0.909,137.442,167.362,0.989,206.033,180.494,0.924,202.145,153.958,0.885,288.775,109.535,0.877,300.692,87.526,0.963
84.223,191.537,0.844,136.395,163.688,0.935,204.959,179.027,0.922,201.870,154.892,0.878,283.762,111.394,0.954,300.834,83.212,0.912
88.475,185.844,0.881,133.502,166.010,0.917,208.317,180.738,0.928,203.471,158.156,0.904,280.780,111.986,0.927,301.986,82.438,0.907
83.848,188.278,0.881,134.920,166.000,0.927,210.124,178.071,0.868,203.211,158.859,0.878,281.530,110.074,0.926,299.901,81.876,0.929
78.564,189.444,0.913,128.052,169.914,0.914,209.633,175.709,0.891,204.946,162.222,0.934,279.118,109.060,0.938,295.453,86.196,0.949
74.454,190.705,0.902,126.306,167.320,0.965,213.498,171.165,0.892,206.912,161.844,0.935,278.836,111.516,0.951,295.550,86.226,0.959
77.594,198.402,0.943,124.109,171.825,0.944,212.859,174.021,0.930,208.173,162.315,0.875,277.825,106.260,0.892,293.546,87.847,0.957
79.838,197.421,0.919,123.126,172.432,0.943,216.757,167.705,0.925,211.854,161.212,0.858,274.184,107.435,0.869,289.567,83.847,0.895
76.010,198.927,0.926,120.810,171.973,0.974,214.351,172.338,0.926,212.657,162.897,0.934,271.501,106.191,0.961,292.873,86.423,0.918
76.161,203.729,0.911,119.035,174.763,0.894,213.606,168.698,0.952,215.622,163.698,0.935,270.412,106.205,0.934,287.118,88.232,0.965
75.864,206.010,0.973,120.941,176.227,0.925,213.526,163.489,0.930,214.583,162.191,0.913,268.522,106.491,0.899,285.806,85.785,0.966
74.566,208.254,0.920,115.663,179.652,0.891,215.337,163.486,0.861,217.172,167.482,0.908,267.176,106.819,0.960,286.994,87.713,0.930
76.346,212.421,0.944,116.719,177.871,0.981,213.320,162.744,0.900,217.849,163.269,0.907,266.444,103.515,0.888,284.194,92.159,0.913
75.111,209.578,0.923,113.918,180.002,0.831,215.178,160.603,0.867,222.255,168.204,0.878,265.340,106.894,0.893,280.549,86.510,0.932
76.347,212.446,0.934,117.419,182.805,0.928,212.398,160.146,0.888,223.439,162.050,0.910,260.251,107.378,0.860,281.003,94.248,0.918
77.074,213.646,0.958,113.656,182.900,0.962,212.175,157.374,0.974,225.313,165.125,0.906,258.565,106.127,0.864,275.562,90.523,0.969
79.886,218.797,0.998,115.977,186.285,0.923,210.349,150.815,0.964,227.571,162.647,0.964,257.965,105.271,0.897,279.286,93.091,0.898
81.863,217.816,0.895,118.285,185.770,0.926,209.466,156.692,0.927,229.012,165.858,0.931,257.310,108.674,0.909,278.797,96.750,0.907
85.209,218.766,0.923,113.827,191.052,0.915,214.027,152.899,0.951,233.523,167.386,0.931,252.250,106.915,0.932,279.355,95.161,0.972
86.587,221.550,0.898,120.488,190.350,0.950,209.981,154.184,0.876,235.405,160.701,0.929,254.503,102.163,0.908,277.774,96.862,0.909
86.599,222.444,0.951,117.604,196.362,0.879,205.155,147.782,0.908,237.532,167.058,0.916,255.485,110.068,0.935,279.276,98.221,0.881
90.503,224.865,0.903,116.931,194.714,0.901,204.789,145.570,0.962,238.605,165.134,0.941,250.869,110.084,0.920,274.862,100.385,0.881
95.111,225.785,0.970,119.748,196.626,0.966,202.428,147.003,0.877,239.616,161.654,0.937,246.631,105.499,0.907,277.623,105.039,0.905
99.741,224.146,0.902,122.975,198.186,0.902,201.496,153.085,0.891,242.596,159.628,0.921,248.124,109.567,0.901,275.198,101.235,0.935
101.207,224.177,0.994,123.411,196.741,0.948,198.621,147.537,0.918,242.200,158.067,0.915,243.653,109.437,0.883,275.099,101.443,0.934
105.706,223.602,0.939,129.611,198.788,0.905,195.876,147.366,0.922,245.258,158.132,0.936,243.477,110.464,0.886,271.853,103.698,0.962
104.985,224.161,0.920,127.359,200.374,0.981,196.629,143.907,0.918,249.175,160.769,0.880,240.405,113.016,0.931,275.051,108.564,0.905
113.544,229.014,0.920,130.310,202.960,0.848,191.614,149.915,0.960,250.081,155.032,0.900,243.275,114.781,0.955,273.741,103.707,0.888
113.278,224.290,0.873,134.339,203.582,0.940,188.922,148.292,0.970,250.908,154.348,1.000,240.368,113.581,0.922,276.027,109.141,0.922
115.522,221.923,0.873,136.292,204.669,0.881,184.133,142.312,0.891,250.754,156.681,0.915,242.422,117.246,0.935,273.789,108.994,0.919
120.011,224.718,0.917,137.008,202.794,0.893,184.135,144.109,0.921,252.785,155.989,0.956,235.458,114.739,0.905,275.515,113.374,0.957
123.471,220.659,0.941,142.521,202.898,0.918,183.677,144.801,0.943,250.086,149.991,0.927,233.397,121.738,0.919,277.748,112.837,0.932
124.559,214.676,0.913,146.662,204.427,0.931,178.111,145.219,0.946,250.155,146.902,0.938,237.522,115.856,0.966,274.725,115.303,0.956
128.554,217.623,0.937,146.063,206.905,0.925,180.919,142.291,0.826,251.547,151.090,0.892,236.772,122.045,0.928,281.965,114.850,0.981
125.679,216.291,0.926,147.892,205.125,0.886,175.360,148.261,0.897,255.871,144.350,0.926,235.228,120.545,0.952,279.746,112.535,0.932
130.724,217.516,0.885,152.581,205.254,0.903,172.058,145.267,0.925,255.126,146.640,0.952,235.539,117.812,0.947,281.096,116.059,0.907
134.073,216.060,0.870,154.621,203.769,0.902,170.972,148.181,0.910,256.586,142.583,0.945,233.844,120.271,0.895,280.562,119.229,0.897
134.437,212.553,0.900,153.862,203.463,0.865,168.973,150.003,0.888,254.732,144.554,0.886,232.031,125.569,0.939,281.414,122.696,0.946
133.725,211.812,0.860,162.515,199.392,0.926,167.093,145.042,0.900,254.292,144.034,0.975,235.693,124.705,0.930,286.799,118.441,0.928
135.436,205.990,0.966,158.564,202.850,0.877,165.084,148.172,0.906,252.968,142.947,0.954,235.501,125.713,0.882,287.190,119.062,0.869
138.465,203.391,0.917,162.700,199.507,0.934,163.135,150.247,0.917,254.845,139.200,0.915,235.113,130.558,0.932,286.096,120.309,0.918
132.530,202.613,0.939,161.676,200.049,0.906,159.774,152.846,0.881,253.127,139.230,0.870,232.434,129.315,0.917,286.276,119.830,0.913
134.823,200.862,0.937,168.383,199.853,0.863,159.833,151.283,0.932,249.885,136.756,0.942,239.011,134.705,0.960,292.589,121.166,0.960
133.740,199.260,0.954,169.556,197.427,0.966,161.950,156.597,0.937,250.522,136.878,0.930,238.057,132.801,0.891,288.197,127.089,0.889
133.760,196.555,0.960,171.032,194.753,0.888,155.105,154.558,0.931,250.061,130.401,0.909,241.552,130.843,0.904,290.276,121.284,0.875
128.657,195.401,0.956,170.115,194.431,0.869,156.324,158.009,0.872,248.320,132.772,0.939,241.015,135.960,0.913,292.833,121.826,0.893
132.435,194.143,0.939,173.700,192.610,0.877,160.839,158.760,0.937,246.767,128.633,0.872,241.064,135.872,0.896,299.411,121.997,0.917
129.000,190.453,0.937,172.896,192.107,0.930,158.944,159.377,0.898,246.329,131.043,0.913,243.071,139.328,0.972,296.594,125.979,0.911
129.675,191.512,0.909,175.164,187.593,0.888,155.874,162.696,0.888,245.287,128.193,0.908,245.895,140.885,0.924,300.203,121.500,0.885
122.760,188.461,0.902,173.781,184.133,0.945,152.332,166.576,0.922,241.841,131.001,0.957,246.956,143.413,0.931,301.498,124.097,0.931
118.762,186.954,0.943,174.970,185.954,0.964,155.157,168.831,0.920,241.862,129.986,0.905,244.414,144.506,0.893,302.170,124.045,0.920
113.576,186.585,0.947,173.843,178.102,0.880,155.475,165.886,0.922,242.383,127.621,0.966,249.903,139.490,0.962,303.130,128.398,0.887
113.295,188.680,0.859,177.476,183.621,0.880,159.201,165.282,0.887,235.987,128.580,0.918,249.629,141.623,0.936,302.689,124.022,0.911
108.670,187.389,0.923,173.402,176.434,0.953,155.682,169.383,0.958,236.030,124.717,0.900,247.986,142.478,0.907,305.547,123.120,0.935
104.085,186.475,0.938,171.175,175.332,0.928,157.732,171.932,0.946,232.128,125.551,0.912,255.818,138.446,0.913,308.990,127.464,0.985
103.240,185.053,0.912,170.964,178.464,0.870,155.485,174.865,0.846,229.202,127.574,0.973,255.013,142.093,0.936,314.698,127.053,0.895
101.315,181.672,0.883,172.251,176.020,0.904,157.499,174.294,0.904,229.608,126.453,0.975,255.337,140.423,0.985,315.685,128.191,0.926
98.404,186.072,0.970,170.031,171.962,0.950,164.900,175.879,0.894,228.616,123.146,0.935,260.701,143.911,0.904,310.839,119.905,0.949
100.875,184.105,0.887,169.265,172.800,1.000,163.106,177.099,0.945,226.993,127.084,0.924,255.060,145.777,0.852,312.568,123.412,0.904
95.894,186.433,1.000,166.036,171.845,0.913,163.132,176.345,0.871,219.070,126.817,0.932,261.851,142.854,0.910,316.419,124.246,0.906
90.371,187.446,0.892,164.539,170.262,0.895,164.621,178.426,0.927,220.359,121.156,0.915,263.814,146.294,0.920,319.196,121.336,0.930
88.787,188.418,0.910,161.474,171.007,0.926,164.423,181.743,0.937,217.865,126.405,0.851,267.519,146.111,0.947,322.087,120.896,0.898
84.153,189.533,0.959,159.370,166.901,0.911,163.674,181.334,0.887,215.992,123.483,0.891,266.606,143.672,0.914,321.864,121.849,0.934
81.860,190.516,0.947,154.310,163.889,0.882,171.586,182.313,0.930,213.589,125.608,0.914,270.772,141.212,0.917,320.893,118.131,1.000
81.709,195.340,0.930,154.156,167.815,0.933,172.365,183.100,0.926,211.327,125.662,0.894,270.386,140.431,0.950,323.466,117.795,0.908
78.780,195.366,0.936,149.705,161.959,0.921,173.586,189.546,0.880,209.550,125.869,0.893,271.794,144.185,0.927,323.833,117.773,0.892
80.780,197.117,0.978,148.000,168.476,0.972,177.993,187.527,0.915,209.936,130.188,0.889,274.322,145.864,0.877,327.998,117.391,0.899
77.958,199.763,0.918,145.094,163.286,0.969,180.583,186.118,0.861,207.311,127.273,0.974,277.585,143.393,0.947,328.063,117.365,0.914
73.572,201.667,0.920,141.639,166.510,0.925,185.754,184.052,0.937,203.801,129.904,0.887,278.474,144.906,0.969,331.945,120.747,0.936
72.171,202.762,0.959,141.821,166.053,0.954,187.894,185.995,0.932,199.551,132.799,0.919,281.672,142.272,0.941,328.047,114.896,0.955
75.306,203.669,0.986,136.050,165.265,0.898,184.297,185.640,0.929,204.266,130.892,0.917,280.652,145.267,0.897,331.074,113.039,0.951
77.562,208.111,0.918,132.937,166.550,0.865,189.587,184.914,0.895,201.649,132.131,0.882,284.992,141.599,0.870,331.463,112.087,0.884
73.554,210.504,0.921,133.872,170.987,0.940,193.929,185.324,0.913,198.175,133.791,0.921,282.373,139.374,0.962,332.474,112.347,0.889
74.600,210.638,0.909,129.085,166.206,0.949,194.363,186.929,0.915,200.587,132.822,0.970,286.335,139.839,0.917,335.242,107.366,0.915
82.390,215.612,0.909,127.346,168.548,1.000,200.353,181.863,0.933,200.802,139.307,0.931,289.827,136.186,0.880,335.745,108.278,0.933
79.071,213.054,0.888,123.335,168.432,0.850,200.961,185.067,0.944,194.586,140.405,0.872,289.547,134.691,0.914,337.089,106.358,0.929
80.059,218.106,0.897,124.457,169.094,0.924,199.725,182.383,0.913,197.016,137.138,0.862,288.585,133.989,0.893,336.913,108.912,0.923
87.675,213.205,0.897,121.359,173.201,0.988,203.251,183.185,0.923,195.331,138.344,0.924,291.922,133.443,0.891,336.439,105.312,0.920
84.332,220.582,0.951,120.284,173.572,0.878,204.030,178.615,0.908,198.744,139.285,0.956,293.106,132.137,0.878,334.994,107.418,0.973
85.103,222.525,0.944,117.979,174.372,0.938,206.799,180.039,0.937,197.031,146.126,0.939,292.986,133.541,0.896,335.673,104.991,0.934
90.162,220.182,0.923,117.081,178.771,0.910,209.214,175.750,0.919,200.133,145.134,0.886,298.526,130.207,0.949,334.179,101.695,0.906
90.296,221.539,0.879,114.845,174.439,0.895,207.433,176.486,0.910,195.979,146.961,0.941,294.951,127.998,0.973,339.624,101.632,0.890
92.555,222.956,0.939,116.833,181.268,0.912,210.810,173.586,0.930,198.141,149.382,0.901,295.468,126.878,0.959,335.252,98.796,0.943
100.689,222.163,0.891,114.649,183.210,0.935,207.682,176.031,0.893,195.700,148.795,0.872,295.123,126.080,0.883,332.307,98.381,0.936
100.747,226.311,0.932,116.989,182.052,0.972,210.146,170.528,0.931,194.489,149.652,0.965,293.377,126.905,0.941,332.697,96.928,0.889
105.979,228.573,0.940,117.072,186.000,0.897,212.299,174.528,0.907,195.017,153.021,0.917,292.693,122.822,0.900,333.714,99.969,0.934
105.919,223.506,0.888,114.869,186.138,0.970,216.119,171.307,0.911,195.870,153.627,0.894,294.258,122.155,0.932,332.213,97.227,0.865
110.755,225.589,0.915,118.537,187.259,0.920,213.637,170.132,0.948,201.746,153.991,0.920,294.348,119.865,0.922,331.875,93.017,0.922
111.810,222.462,0.943,113.412,190.321,0.932,219.355,167.891,0.935,204.409,154.648,0.882,295.291,116.741,0.920,326.404,94.492,0.951
115.314,217.630,0.968,117.284,196.601,0.913,213.983,165.364,0.907,204.489,155.475,0.936,295.566,119.026,0.877,324.083,90.380,0.900
123.502,220.984,0.910,117.463,198.110,0.920,211.932,160.482,0.933,205.855,160.196,0.918,294.109,116.706,0.960,328.613,89.767,0.919
124.133,221.606,0.897,122.629,197.051,0.883,214.822,161.974,0.938,204.765,162.266,0.902,291.525,117.773,0.918,322.170,83.385,0.877
126.438,218.304,0.897,121.540,198.890,0.982,211.757,160.990,0.868,206.755,160.487,0.924,290.155,113.786,0.963,326.928,91.706,0.945
127.253,218.089,0.890,123.915,199.664,0.934,213.149,158.324,0.905,207.515,164.819,0.943,291.002,116.297,0.945,323.634,89.301,0.934
128.576,218.261,0.945,128.441,200.676,0.926,211.951,159.282,0.938,207.796,164.536,0.940,288.799,110.444,0.927,321.993,84.560,0.889
130.929,212.822,0.889,128.340,204.279,0.914,208.543,154.073,0.944,210.727,162.098,0.962,288.805,111.451,0.933,323.204,88.963,0.895
131.546,214.184,0.907,128.365,203.311,0.901,209.560,151.594,0.936,216.693,160.614,0.903,287.600,116.833,0.933,319.031,88.484,0.929
134.564,210.807,0.935,132.341,204.810,0.981,207.701,151.104,0.939,216.887,161.156,0.888,285.272,111.930,0.928,318.238,85.161,0.936
134.158,209.305,0.888,134.892,204.673,0.951,206.168,151.555,0.943,216.464,163.484,0.923,285.460,110.776,0.959,316.772,86.671,0.873
135.232,209.566,0.918,137.294,202.904,0.912,207.135,149.340,0.903,218.535,163.682,0.915,281.619,109.369,0.928,316.981,84.843,0.905
140.355,205.321,0.915,138.766,207.029,0.925,203.158,147.377,0.875,222.825,165.940,0.896,279.199,105.484,0.891,308.886,85.306,0.901
134.831,200.908,0.928,142.630,204.279,0.913,202.075,147.887,0.963,224.822,167.764,0.898,279.731,107.973,0.942,310.713,85.422,0.910
132.170,201.253,0.917,145.552,200.357,0.947,197.800,144.739,0.846,222.518,163.216,0.865,274.966,109.474,0.880,309.133,84.823,0.947
136.720,198.864,0.939,148.957,204.169,0.978,198.036,148.828,0.979,227.096,164.262,0.947,276.899,106.967,0.958,306.684,86.400,0.876
130.345,196.854,0.953,148.434,205.994,0.948,195.203,144.661,0.899,228.310,162.329,0.897,272.924,107.449,0.965,305.585,86.478,0.866
128.911,193.538,0.944,154.026,202.804,0.944,191.230,145.664,0.945,232.630,162.867,0.914,268.635,106.083,0.921,304.660,85.240,0.888
132.895,194.328,0.910,159.936,206.491,0.960,192.526,144.732,0.947,233.715,167.570,0.911,270.781,104.627,0.909,302.235,83.620,0.915
128.188,195.291,0.922,154.635,205.154,0.954,186.884,144.164,0.977,240.579,164.130,0.926,269.634,104.405,0.883,298.259,83.945,0.944
123.056,185.758,0.928,158.883,204.330,0.912,185.310,143.989,0.880,237.964,163.801,0.888,267.452,103.062,0.947,300.735,88.491,0.962
122.835,190.709,0.941,167.378,197.046,0.915,185.861,143.818,0.905,240.164,160.535,0.943,259.223,106.854,0.929,295.380,89.870,0.910
122.835,191.032,0.894,167.066,203.267,0.906,181.064,144.375,0.926,243.829,161.685,0.917,262.003,103.569,0.940,293.883,85.522,0.962
115.392,188.664,0.921,168.432,198.902,0.895,181.360,146.375,0.918,245.345,158.032,0.887,257.890,106.347,0.959,293.582,85.924,0.922
114.702,187.055,0.937,169.489,193.500,0.922,176.179,144.404,0.962,247.826,159.740,0.935,257.362,104.085,0.894,294.186,91.518,0.870
116.125,183.712,0.983,165.622,195.507,0.883,176.671,146.541,0.918,246.275,158.307,0.857,255.723,105.868,0.898,287.397,86.710,0.908
107.882,184.337,0.938,171.317,197.126,0.919,167.592,147.665,0.924,248.078,154.777,0.908,255.299,104.672,0.960,287.113,87.737,0.962
101.663,186.822,0.893,172.104,193.409,0.995,169.472,148.513,0.943,247.501,155.021,0.865,250.616,105.610,0.880,289.584,90.058,0.947
101.104,182.780,0.950,176.411,191.606,0.918,165.337,146.549,0.892,250.750,154.155,0.914,252.671,111.118,0.939,283.564,90.176,0.935
98.202,185.919,0.975,171.287,187.758,0.917,165.687,150.110,0.900,252.929,157.527,0.916,251.181,110.768,0.925,287.312,91.322,0.908
94.688,187.823,0.875,177.430,182.533,0.881,161.024,154.307,0.912,253.463,152.522,0.859,248.179,110.183,0.924,281.626,92.972,0.921
96.300,186.901,0.906,177.059,187.562,0.924,162.311,156.742,0.959,251.831,153.340,0.915,252.676,106.787,0.942,281.783,92.047,0.896
90.420,187.829,0.872,177.189,181.617,0.920,159.542,154.617,0.906,253.919,151.563,0.899,246.015,110.997,0.896,280.769,93.942,0.933
87.445,188.219,0.927,169.953,178.888,0.985,156.410,155.448,0.932,254.460,147.758,0.870,242.325,113.438,0.927,280.974,94.003,0.923
86.043,188.862,0.938,175.798,177.772,0.932,157.704,157.510,0.922,254.089,144.659,0.895,240.293,113.009,0.907,279.471,93.353,0.911
83.019,195.500,0.939,174.640,178.747,0.880,154.754,158.709,0.883,252.766,143.774,0.896,238.486,111.252,0.929,275.582,93.673,0.925
76.869,195.720,0.931,172.840,174.928,0.892,154.488,161.281,0.937,252.947,141.220,0.884,241.227,110.829,0.964,274.495,99.004,0.936
80.374,196.836,0.899,165.224,174.404,0.909,156.907,161.872,0.900,251.752,140.551,0.943,240.574,116.922,0.924,274.907,96.408,0.900
78.692,196.473,0.972,169.358,171.984,0.912,156.589,162.519,0.889,256.384,143.719,0.846,238.824,118.473,0.943,276.156,100.531,0.881
77.248,198.670,0.920,165.874,172.207,0.970,158.243,166.520,0.981,253.691,140.220,0.907,238.437,117.783,0.918,275.282,98.136,0.951
77.125,202.886,0.952,162.610,169.219,0.949,155.743,165.385,0.928,253.492,138.176,0.936,239.044,116.639,0.934,276.786,102.212,0.901
77.395,204.526,0.967,162.944,171.616,0.904,154.027,167.255,0.908,251.119,138.811,0.967,231.389,121.620,0.894,273.751,104.728,0.960
77.774,202.972,0.930,162.411,166.108,0.887,153.911,166.660,0.914,252.987,133.666,0.975,236.807,118.637,0.931,272.523,104.996,0.911
71.958,207.170,0.879,157.777,165.663,0.894,155.313,167.513,0.954,253.537,132.581,0.865,237.629,124.531,0.866,270.630,105.461,0.912
74.130,208.919,0.950,154.917,164.997,0.863,155.917,168.725,0.904,247.744,132.722,0.915,236.524,124.907,0.932,276.684,107.480,0.920
74.420,208.366,0.932,152.808,164.367,0.909,160.016,174.154,0.876,246.631,132.358,0.928,232.621,126.391,0.954,276.049,108.051,0.935
76.668,213.336,0.946,149.158,167.689,0.937,159.168,173.212,0.887,246.988,132.776,0.971,234.839,127.540,0.943,274.855,109.370,0.892
79.740,215.480,0.918,145.177,164.017,0.887,160.854,178.375,0.901,244.353,129.629,0.972,236.408,131.746,0.909,274.255,109.964,0.901
77.141,215.803,0.880,145.006,165.765,0.971,164.817,182.120,0.943,247.939,126.781,0.936,236.934,129.816,0.866,275.436,111.671,0.941
84.025,216.871,0.906,139.194,165.831,0.904,163.131,180.239,0.958,238.824,126.895,0.954,237.096,130.329,0.887,275.518,113.347,0.921
81.878,223.518,0.936,141.790,166.635,0.885,164.656,179.096,0.897,238.873,128.239,0.872,235.575,128.694,0.962,278.141,115.292,0.950
85.359,220.626,0.908,136.082,166.290,0.910,166.172,180.018,1.000,238.901,128.322,0.892,236.257,128.293,0.897,278.630,112.229,0.930
87.539,222.224,0.914,133.513,164.489,0.905,166.942,180.971,0.966,233.469,126.644,0.901,238.710,136.177,0.870,278.842,115.367,0.931
91.789,222.349,0.884,132.037,168.137,0.877,170.616,181.023,0.909,235.036,125.214,0.933,237.348,135.500,0.928,281.008,118.870,0.944
96.348,222.232,0.965,134.213,169.805,0.918,171.375,183.786,0.915,229.974,123.132,0.971,240.289,135.848,0.939,286.270,119.652,0.849
94.622,226.402,0.940,128.443,170.474,0.904,176.479,181.988,0.944,229.360,124.992,0.910,238.818,139.316,0.936,282.231,120.988,0.870
104.961,226.344,0.889,123.139,168.268,0.964,173.841,183.616,0.928,226.304,124.776,0.949,241.194,135.888,0.930,283.011,119.812,0.854
103.042,223.455,0.100,121.984,174.422,0.926,180.498,182.036,0.902,222.727,124.493,0.878,246.342,138.009,0.902,287.290,121.836,0.946
112.435,224.575,0.100,119.278,172.170,0.875,181.073,186.968,0.922,224.763,125.888,0.902,247.758,144.156,0.946,284.225,120.719,0.867
108.129,223.234,0.100,121.534,172.541,0.924,183.610,184.016,0.920,217.882,122.583,0.892,248.147,138.883,0.927,290.144,125.223,0.873
115.967,222.793,0.100,118.276,175.361,0.928,188.881,185.378,0.941,218.380,127.798,0.884,248.033,143.785,0.917,287.640,122.542,0.971
118.309,224.638,0.100,116.769,177.716,0.879,190.742,185.706,0.905,219.198,124.425,0.901,252.427,142.183,0.849,292.570,125.411,0.932
119.500,220.994,0.100,117.730,178.946,0.985,191.246,181.985,0.946,214.969,127.908,0.926,254.125,144.331,0.892,296.512,122.943,0.914
119.735,220.321,0.100,115.317,181.396,0.943,194.824,182.426,0.931,214.311,127.521,0.868,257.049,146.160,0.927,296.064,123.044,0.969
124.101,220.323,0.100,116.539,183.029,0.928,197.910,181.850,0.898,212.937,129.645,0.897,254.065,140.335,0.916,294.631,124.578,0.893
129.836,217.876,0.100,117.390,188.016,0.936,197.083,182.314,0.984,210.882,126.403,0.949,256.001,145.742,0.879,301.555,122.961,0.913
130.947,217.394,0.100,117.581,185.404,0.895,199.303,184.157,1.000,209.495,125.961,0.942,259.278,144.576,0.942,303.172,126.128,0.964
132.660,216.538,0.100,115.356,185.955,0.927,201.758,181.994,0.907,206.079,130.323,0.924,259.416,143.178,0.958,303.107,126.448,0.923
135.349,213.805,0.100,115.678,190.624,0.925,202.593,183.155,0.940,204.387,129.119,0.935,266.049,144.479,0.907,305.711,126.311,0.940
134.461,214.347,0.100,117.325,189.257,0.949,203.635,178.948,0.918,203.306,137.116,0.880,266.934,147.344,0.933,304.306,125.968,0.916
134.175,209.107,0.100,115.776,187.943,0.917,208.634,178.386,0.882,201.045,129.721,0.973,266.906,142.765,0.906,306.051,120.883,0.975
136.534,207.752,0.100,123.299,197.338,0.919,210.871,177.259,0.896,198.427,132.416,0.901,271.409,144.941,0.947,310.938,122.587,0.848
136.346,207.421,0.100,117.830,192.026,0.896,210.762,177.402,0.975,196.496,134.099,0.908,274.093,143.533,0.955,310.203,123.194,0.915
137.541,199.775,0.100,122.195,197.172,0.918,214.014,171.267,0.899,199.045,137.705,0.911,271.987,140.184,0.891,315.876,122.903,0.959
135.248,198.634,0.100,123.741,199.943,0.891,209.583,175.385,0.949,193.296,137.765,0.966,275.051,143.457,0.912,316.548,123.036,0.977
134.701,198.229,0.904,124.938,199.506,0.899,216.322,173.555,0.944,197.406,140.047,0.986,277.498,143.415,0.878,314.808,127.068,0.904
134.376,197.636,0.924,127.716,200.336,0.943,218.458,168.036,0.923,196.120,137.721,0.894,278.685,141.774,0.945,317.300,124.076,0.887
130.924,196.591,0.912,128.690,204.147,0.894,213.313,168.839,0.847,196.789,141.687,0.934,283.971,144.310,0.922,318.632,122.323,0.942
127.043,191.172,0.891,134.783,200.539,0.917,215.960,168.384,0.919,197.181,145.731,0.898,282.236,142.886,0.948,321.745,119.801,0.881
127.164,192.051,0.907,136.501,203.889,0.926,216.068,164.595,0.954,195.650,146.270,0.891,286.941,141.758,0.893,324.627,123.094,0.945
125.210,189.310,0.932,138.463,203.075,0.912,214.718,161.722,0.950,193.124,150.354,0.929,283.474,142.759,0.972,323.470,119.560,0.925
124.825,186.634,0.943,141.357,206.715,0.887,210.870,162.343,0.920,194.027,148.323,0.948,288.209,135.217,0.919,326.042,118.351,0.884
121.240,186.958,0.902,141.955,204.653,0.907,214.166,163.411,0.932,194.632,147.244,0.876,287.540,138.445,0.904,327.436,122.431,0.946
116.133,186.694,0.920,143.968,207.469,0.959,212.171,157.057,0.921,196.541,150.708,0.853,289.044,135.484,0.880,330.392,119.372,0.885
114.663,183.940,0.934,147.860,204.808,0.953,213.863,154.937,0.922,195.435,151.666,0.941,288.645,134.009,0.947,326.817,113.773,0.941
110.569,186.535,0.969,151.004,207.814,0.909,209.680,157.575,0.945,197.043,154.731,0.891,291.393,136.545,0.906,328.664,118.227,0.927
107.074,180.228,0.936,153.387,205.950,0.890,213.918,153.570,0.932,196.198,154.985,0.911,296.813,132.485,0.909,327.304,120.181,0.916
106.553,185.149,0.897,157.225,201.861,0.870,209.353,148.165,0.915,200.911,153.579,0.893,294.785,129.209,0.901,336.024,114.023,0.910
99.697,186.777,0.935,158.128,200.704,0.918,205.850,151.309,0.902,204.097,154.280,0.941,289.325,131.547,0.963,337.134,112.324,0.880
100.810,185.789,0.967,161.253,200.718,0.911,201.102,148.112,0.989,203.244,158.537,0.968,293.690,127.555,0.918,330.502,113.082,0.860
94.962,184.801,0.887,165.033,204.668,0.915,201.756,145.488,0.917,206.555,158.634,0.888,293.878,129.296,0.932,329.421,110.955,0.894
93.578,183.804,0.967,168.127,199.925,0.908,202.275,149.592,0.920,204.142,159.532,0.905,293.687,126.993,0.931,331.091,107.371,0.948
89.114,186.596,0.904,168.803,196.745,0.964,199.355,148.268,0.926,211.761,161.378,0.918,294.316,128.390,0.908,332.451,109.251,0.917
85.953,187.831,0.896,169.964,194.532,0.946,196.281,148.099,1.000,212.786,161.380,0.935,292.355,118.882,0.904,335.625,109.765,0.961
83.575,186.752,0.918,173.161,195.003,0.943,194.715,149.314,0.969,210.578,161.079,0.916,294.637,123.234,0.931,331.877,106.360,0.955
84.303,192.085,0.893,167.399,196.754,0.972,191.849,143.876,0.923,213.186,162.998,0.906,290.864,121.624,0.916,336.097,106.582,0.904
77.239,194.531,0.919,173.609,190.911,0.914,190.548,143.305,0.912,216.150,165.001,0.885,294.970,121.772,0.950,331.488,104.631,0.884
79.157,193.692,0.900,174.376,190.657,0.882,187.947,141.548,0.844,219.394,166.651,0.969,295.200,121.926,0.876,333.556,104.810,0.888
76.207,197.006,0.936,173.746,187.539,0.914,183.198,143.304,0.878,219.172,164.902,0.908,288.254,119.357,0.934,334.373,102.098,1.000
75.352,200.381,0.984,173.681,189.989,0.892,182.988,146.782,0.930,224.352,163.873,0.907,289.729,120.050,0.920,336.729,102.406,0.858
79.198,203.174,0.915,176.921,183.589,0.100,181.170,145.237,0.999,225.176,165.729,0.961,295.143,115.368,0.887,331.752,98.954,0.937
73.655,200.585,0.938,172.478,183.834,0.100,177.050,148.462,0.919,224.216,166.521,0.909,290.199,111.983,0.910,333.904,99.447,0.899
73.416,206.803,0.897,168.914,180.068,0.100,171.972,148.839,0.936,230.306,160.801,0.915,286.043,112.633,0.891,333.754,95.996,0.954
71.959,207.558,0.970,172.802,176.822,0.100,173.260,145.116,0.941,232.848,164.797,0.950,287.461,111.904,0.936,330.261,96.602,0.859
71.801,209.287,0.887,172.642,177.547,0.100,172.303,148.471,0.907,232.526,165.861,0.937,286.546,111.705,0.919,331.302,94.738,0.978
75.869,215.337,0.933,166.183,173.341,0.100,169.593,146.326,0.929,235.937,162.588,0.942,285.476,109.243,0.920,333.619,92.088,0.858
76.104,212.862,0.951,169.514,178.442,0.100,166.563,150.861,0.919,236.043,162.304,0.936,288.282,107.155,0.917,328.034,95.524,0.877
80.279,210.461,0.899,167.215,173.101,0.100,167.345,150.825,0.936,239.032,162.247,0.890,282.313,107.708,0.948,327.284,92.230,0.904
81.010,218.217,0.868,166.894,169.834,0.100,160.152,151.776,0.926,240.860,160.581,0.893,284.017,103.696,0.975,326.141,91.336,0.903
80.758,217.777,0.932,167.989,169.872,0.100,161.029,149.512,0.961,245.131,161.625,0.949,276.301,104.392,0.945,323.006,92.923,0.959
87.734,219.630,0.953,164.450,168.335,0.100,161.378,154.229,0.913,246.180,163.252,0.952,277.844,110.323,0.924,323.616,91.976,0.922
89.433,218.996,0.903,157.798,170.196,0.100,163.959,156.936,0.910,242.678,158.198,0.882,276.965,106.811,0.901,321.410,87.398,0.911
89.903,222.468,0.945,152.566,164.843,0.100,157.277,157.013,0.910,246.004,157.405,0.910,274.950,106.388,0.861,324.989,86.380,0.957
94.228,226.041,0.939,152.574,169.703,0.100,156.173,159.560,0.897,245.987,157.384,0.929,272.158,104.900,0.959,321.415,89.702,0.967
99.015,226.009,0.958,151.059,161.348,0.100,154.363,160.660,0.906,251.676,155.417,0.973,266.490,108.013,0.882,318.180,85.752,0.893
99.407,224.329,0.901,150.618,163.135,0.100,156.878,159.966,0.916,251.214,158.704,0.930,265.284,104.441,0.919,311.742,84.352,0.907
100.624,224.434,0.891,148.262,169.673,0.100,153.708,162.455,0.920,250.672,153.506,0.952,261.308,100.552,0.986,316.601,88.161,0.882
105.086,227.079,0.926,144.759,166.520,0.100,157.846,166.080,0.877,253.693,151.421,0.945,264.743,106.118,0.924,313.932,84.175,0.931
108.332,226.459,0.933,139.584,166.124,0.938,155.814,164.757,0.949,254.951,149.252,0.913,260.233,104.655,0.946,309.934,86.575,0.917
111.638,227.607,0.903,139.740,166.600,0.913,155.971,168.203,0.940,256.138,151.624,0.883,260.635,102.522,0.908,308.801,82.605,0.934
116.405,223.458,0.871,139.953,164.283,0.947,156.658,169.610,0.851,254.531,151.239,0.963,254.148,106.149,0.908,303.988,83.227,0.923
117.677,223.866,0.950,133.229,168.044,0.895,157.079,172.254,0.916,254.862,144.880,0.898,255.043,105.811,0.919,303.531,85.424,0.950
116.533,222.477,0.913,134.240,167.047,0.917,155.073,170.201,0.946,253.964,143.357,0.964,257.006,103.758,0.946,304.437,84.916,0.876
120.867,221.422,0.900,128.578,169.420,0.933,153.633,174.725,0.893,252.732,143.526,0.932,254.633,109.673,0.930,302.417,87.297,0.865
122.772,219.431,0.942,125.103,171.299,0.938,157.050,175.948,0.929,256.047,144.061,0.906,250.101,109.752,0.920,298.865,87.370,0.917
127.831,219.320,0.958,124.793,174.431,0.873,160.098,170.002,0.902,255.336,141.288,0.879,247.210,108.891,0.909,298.757,83.909,0.907
128.558,219.233,0.924,126.115,169.859,0.957,161.164,179.171,0.873,253.939,137.437,0.940,250.726,108.504,0.936,295.074,84.356,0.880
131.508,214.012,0.919,123.171,172.815,0.894,159.657,174.831,0.908,253.563,138.044,0.900,243.841,110.604,0.896,295.686,85.080,0.897
131.237,214.980,0.897,118.847,175.193,0.917,166.182,179.524,0.941,250.406,135.872,0.960,243.315,108.259,0.934,290.354,84.756,0.924
131.891,209.784,0.881,119.228,176.215,0.941,166.156,180.128,0.853,253.180,132.856,0.881,243.303,110.681,0.960,291.464,85.652,0.920
136.192,211.958,0.898,116.826,175.641,0.925,169.483,183.576,0.946,249.640,136.982,0.937,242.993,112.037,0.924,289.707,86.111,0.917
135.451,207.942,0.932,115.360,177.433,0.882,167.788,184.391,0.967,247.968,134.053,0.961,238.055,113.038,0.897,288.782,90.809,0.924
134.328,203.137,0.938,117.787,181.234,0.916,173.647,182.447,0.920,245.498,133.787,0.924,242.575,118.018,0.916,286.798,86.940,0.930
131.313,198.935,0.914,111.394,180.578,0.868,176.956,186.817,0.936,247.834,129.574,0.897,240.419,117.904,0.938,284.909,88.419,0.923
131.571,200.007,0.953,114.415,182.766,0.896,179.339,184.660,0.965,243.589,132.925,0.910,237.644,114.229,0.939,285.751,89.539,0.878
130.960,201.165,0.981,114.986,185.998,0.920,179.316,184.100,0.928,243.539,129.807,0.931,239.441,114.646,0.940,283.492,91.827,0.889
132.077,194.462,0.901,115.987,192.210,0.865,181.787,185.863,0.899,242.099,128.644,0.908,241.509,121.565,0.913,279.494,92.693,0.966
128.853,195.151,0.954,114.550,191.855,0.921,181.226,183.877,0.967,239.864,126.061,0.895,238.184,119.733,0.895,281.675,92.003,0.891
131.197,192.353,0.902,117.947,190.401,0.909,189.659,184.985,0.917,236.119,126.357,0.938,238.234,124.720,0.891,282.026,97.159,0.897
128.562,191.322,0.894,117.747,197.432,0.911,188.758,181.027,0.893,235.020,129.243,0.914,237.864,121.825,0.921,280.104,96.650,0.928
124.524,190.791,0.927,114.790,196.476,0.928,196.454,185.355,0.926,231.585,123.857,0.951,232.649,126.891,0.913,282.230,93.264,0.970
120.706,188.000,0.943,118.026,195.315,0.970,195.519,185.413,0.942,231.765,126.808,0.896,234.103,125.992,0.937,279.516,96.656,0.918
118.768,189.011,0.895,118.568,199.205,0.903,194.244,184.180,0.956,229.008,128.673,0.874,235.080,128.004,0.909,277.981,97.238,0.916
117.554,187.570,0.914,125.062,196.460,0.936,201.667,179.442,0.919,225.888,121.643,0.946,235.668,128.580,0.927,273.100,102.208,0.931
114.079,184.556,0.971,124.593,200.698,0.905,200.260,180.361,0.961,222.859,123.837,0.953,235.382,129.227,0.931,277.320,101.138,0.919
110.575,188.457,0.933,126.331,202.347,0.957,201.765,179.306,0.903,223.115,122.247,0.897,238.031,131.430,0.939,274.208,100.783,0.936
110.241,185.006,0.944,128.994,202.625,0.945,206.895,178.137,0.854,221.827,125.271,0.952,236.434,132.041,0.917,273.671,104.567,0.890
104.056,182.813,0.923,130.792,202.881,0.934,205.797,179.282,0.912,216.306,122.646,0.888,234.066,132.966,0.975,275.223,104.643,0.923
101.340,187.863,0.939,133.295,206.720,0.879,208.577,179.156,0.918,217.303,125.237,0.914,235.624,132.506,0.890,272.211,107.813,0.889
99.619,188.266,0.935,137.831,203.042,0.868,209.024,175.862,0.931,217.616,125.025,0.903,239.621,135.327,0.888,276.678,105.317,0.927
96.015,186.961,0.937,137.616,206.968,0.933,212.584,174.939,0.869,213.004,124.124,0.904,238.125,139.346,0.895,277.355,111.237,0.921
94.700,191.112,0.940,143.200,204.334,0.899,212.107,173.540,0.938,211.896,127.287,0.914,240.394,139.627,0.932,275.306,108.486,0.934
88.752,185.878,0.938,146.126,206.039,0.911,214.367,169.654,0.926,207.028,128.900,0.878,243.536,138.071,0.909,273.644,109.796,0.851
85.542,190.573,0.884,151.843,204.239,0.917,209.037,172.828,0.939,203.599,128.448,0.945,247.766,137.384,0.884,280.423,108.208,0.904
85.971,187.333,0.911,149.668,205.400,0.916,215.632,170.964,0.874,203.078,130.766,0.871,245.042,143.845,0.952,276.259,111.891,0.916
82.686,194.562,0.952,157.600,204.404,0.901,214.600,165.223,0.939,203.942,131.506,0.926,247.314,143.878,0.941,280.225,113.650,0.910
82.035,194.304,0.903,161.997,202.619,0.946,217.035,168.951,0.901,202.320,131.540,0.942,246.518,140.982,0.913,277.895,119.327,0.900
80.181,196.672,0.928,160.221,201.268,0.869,214.385,165.200,0.941,201.250,131.486,0.860,248.513,137.942,0.888,278.070,117.030,0.952
78.722,194.881,0.867,160.044,200.627,0.876,214.423,161.884,0.941,198.433,138.643,0.896,253.890,147.803,0.926,278.677,114.939,0.882
74.228,198.454,0.949,162.739,201.489,0.943,210.828,161.460,0.907,200.318,134.933,0.892,254.698,143.519,0.881,282.172,115.559,0.917
75.168,200.693,0.943,165.202,199.541,0.928,212.602,158.577,0.930,194.210,139.758,0.922,259.691,144.285,0.933,280.223,120.260,0.916
73.788,202.447,0.890,168.050,199.386,0.956,212.057,155.368,0.916,196.762,141.275,0.911,256.119,142.046,0.904,283.813,122.230,0.921
73.765,204.884,0.939,167.170,194.857,0.912,213.989,156.772,0.935,195.167,140.880,0.939,259.784,147.419,0.958,287.501,120.797,0.962
75.105,208.581,0.953,170.519,198.103,0.906,209.639,156.539,0.911,192.725,137.557,0.870,263.748,143.086,0.957,284.269,119.969,0.890
78.378,212.120,0.875,170.648,192.260,0.948,211.527,156.823,0.908,194.661,142.346,0.898,262.983,144.424,0.887,288.951,123.512,0.910
80.332,213.719,0.974,170.371,188.982,0.896,208.810,152.616,0.875,195.465,145.350,0.888,269.826,145.440,0.920,292.513,123.700,0.901
75.630,214.494,0.863,172.252,191.756,0.984,207.878,147.774,0.921,193.927,144.843,0.947,265.874,140.585,0.872,293.234,121.070,0.903
78.616,212.595,0.954,176.083,189.595,0.896,207.150,145.847,0.912,195.190,149.018,0.883,267.784,143.929,0.938,295.113,123.086,0.930
78.794,216.251,0.877,176.223,185.880,0.918,200.583,147.904,0.893,194.208,144.892,0.933,269.325,144.015,0.888,293.506,123.455,0.926
80.816,215.090,0.945,175.325,186.209,0.884,199.629,145.509,0.905,191.965,148.471,0.944,272.096,142.257,0.929,293.565,126.439,0.907
84.051,220.439,0.909,171.805,179.598,0.912,197.001,146.758,0.909,194.894,152.036,0.916,277.283,142.783,0.934,296.428,124.324,0.903
83.785,224.432,0.902,170.544,180.531,0.896,193.917,149.700,0.880,201.459,148.584,0.884,274.599,142.534,0.914,301.921,123.047,0.913
90.376,223.451,0.957,174.387,178.369,0.934,191.453,143.168,0.952,198.280,153.975,0.945,276.751,141.707,0.865,305.058,125.211,0.891
90.196,224.113,0.941,175.833,174.756,0.919,191.617,147.928,0.944,197.043,155.668,0.945,282.463,143.047,0.918,303.581,126.052,0.929
95.029,224.105,0.895,170.827,178.023,0.860,185.869,144.210,0.870,197.721,158.446,0.917,280.157,141.514,0.951,308.203,122.707,0.933
96.810,223.245,0.954,171.585,173.459,0.865,187.629,144.181,0.893,202.063,161.520,0.895,278.807,137.555,0.907,307.885,124.481,0.923
102.863,228.705,0.891,169.203,170.045,0.900,186.273,144.589,0.886,201.859,157.740,0.944,287.709,141.070,0.911,305.048,123.076,0.926
106.236,227.255,0.917,164.783,170.619,0.855,182.057,147.126,0.924,205.062,158.231,0.907,286.909,139.964,0.898,308.472,122.485,0.936
108.976,223.773,0.949,164.285,171.418,0.883,182.918,144.482,0.877,203.030,157.715,0.949,289.284,134.315,0.972,308.429,120.655,0.915
110.744,223.576,0.901,160.388,170.143,0.903,179.541,142.557,0.825,211.207,161.659,0.918,285.379,136.551,0.904,312.748,119.846,0.895
110.674,222.525,0.986,159.980,168.148,0.937,172.195,146.475,0.876,208.744,161.186,0.888,289.366,136.868,0.917,316.049,123.155,0.948
114.701,224.835,0.908,159.527,164.270,0.896,171.908,143.265,0.901,209.545,161.846,0.966,290.882,134.640,0.944,320.375,123.917,0.931
120.498,221.512,0.932,154.787,163.139,0.912,174.961,144.586,0.936,211.672,160.470,0.906,288.296,133.743,0.906,320.083,119.826,0.927
121.023,219.915,0.940,153.784,167.938,0.884,167.649,147.464,0.890,215.037,162.919,0.912,289.748,128.423,0.948,320.801,118.386,0.893
124.037,223.777,0.931,151.953,164.196,0.915,167.460,147.696,0.906,215.266,164.018,0.870,294.697,133.150,0.923,322.861,118.199,0.895
127.923,217.410,0.911,145.818,164.054,0.907,164.545,147.936,0.970,217.108,163.509,0.922,295.328,126.991,0.899,321.585,114.912,0.942
133.092,218.820,0.913,146.246,164.598,0.965,164.152,147.716,0.957,220.224,160.675,0.962,296.731,129.087,0.957,323.893,121.627,0.898
129.081,212.505,0.943,139.997,165.609,0.942,161.851,151.364,0.892,223.607,165.671,0.853,291.287,128.315,0.877,326.226,117.059,0.924
132.856,212.266,0.906,145.716,163.130,0.906,160.604,155.147,0.876,222.703,161.744,0.948,301.259,125.216,0.957,327.491,117.046,0.941
131.971,210.431,0.944,138.040,164.701,0.934,156.117,157.480,0.914,229.685,165.334,0.924,294.071,122.537,0.929,328.883,116.763,0.913
131.669,210.883,0.916,134.301,165.699,0.932,161.017,159.130,0.891,230.699,164.558,0.911,292.473,119.028,0.960,328.371,115.561,0.946
133.719,205.932,0.951,132.378,170.938,0.918,153.831,156.105,0.916,230.609,163.294,0.947,293.476,121.479,0.917,330.372,114.381,0.938
134.062,207.320,0.909,126.150,166.978,0.964,155.764,157.373,0.905,234.398,159.714,0.929,291.472,118.859,0.903,333.143,116.222,0.898
133.527,201.639,0.888,131.594,164.816,0.100,157.115,161.726,0.934,238.005,166.254,0.882,292.560,118.575,0.934,330.837,112.788,0.925
134.920,199.985,0.924,122.212,169.732,0.100,157.659,161.386,0.978,241.089,163.673,0.930,295.357,118.391,0.942,333.761,109.010,0.886
132.506,200.445,0.890,122.227,174.865,0.100,154.246,164.569,0.927,242.735,160.660,0.902,293.612,116.070,0.905,333.031,109.140,0.979
127.830,194.332,0.880,122.527,174.643,0.100,152.120,160.804,0.880,239.987,160.747,0.949,290.894,112.188,0.907,335.048,109.576,0.910
131.579,194.660,0.912,115.500,174.128,0.100,154.336,166.315,0.904,247.900,158.172,0.887,286.726,115.283,0.924,333.816,109.609,0.981
129.771,191.929,0.945,119.205,173.139,0.100,153.102,170.063,0.899,245.203,158.299,0.915,287.571,109.667,0.869,334.021,108.189,0.890
123.958,191.290,0.925,116.541,176.164,0.100,156.899,166.663,0.916,251.724,152.906,0.949,284.563,114.913,0.903,332.423,105.663,0.942
123.251,190.970,0.918,117.166,177.866,0.100,156.481,170.032,0.906,246.687,155.113,0.991,290.502,108.525,0.870,336.753,100.512,0.972
121.193,188.978,0.921,115.657,177.281,0.100,157.576,173.217,0.917,249.508,153.472,0.917,286.555,107.114,0.944,331.887,99.831,0.919
120.875,189.684,0.953,118.093,179.563,0.100,161.245,178.602,0.940,247.461,155.528,0.975,285.122,108.889,0.919,336.397,99.833,0.922
116.215,187.967,0.974,117.667,186.864,0.100,161.117,178.449,0.922,252.930,153.830,0.939,281.678,108.361,0.896,333.824,103.069,0.936
115.681,184.462,0.934,115.071,181.797,0.100,160.784,179.294,0.873,254.154,152.417,0.941,281.495,107.130,0.921,333.259,102.328,0.876
109.226,185.632,0.968,114.668,186.762,0.100,160.945,177.386,0.859,253.829,152.508,0.940,279.084,107.349,0.924,335.136,96.054,0.904
109.339,184.124,0.942,116.707,187.857,0.100,164.525,179.951,0.907,257.408,149.138,0.892,279.895,105.596,0.916,334.846,96.488,0.901
104.497,182.435,0.929,117.197,191.921,0.100,164.335,180.052,0.892,255.376,145.629,0.907,278.494,103.035,0.935,331.049,95.514,0.931
100.611,183.754,0.933,116.737,195.361,0.100,166.848,177.863,0.927,253.602,142.116,0.942,275.104,105.185,0.906,332.199,92.891,0.878
99.913,186.000,0.917,118.188,193.452,0.100,167.540,179.605,0.943,254.235,141.710,0.938,269.804,102.413,0.908,331.444,96.126,0.889
96.800,181.599,0.920,115.941,198.051,0.100,174.114,185.619,0.900,257.506,146.972,0.954,269.591,105.092,0.955,327.977,93.869,0.894
93.422,187.047,0.933,122.568,197.062,0.882,174.375,185.131,0.937,256.634,142.890,0.914,265.156,106.834,0.883,327.613,92.787,0.948
89.211,189.639,0.879,123.089,195.595,0.914,179.699,180.348,0.923,251.533,143.261,0.920,264.199,105.187,0.979,327.753,91.466,0.999
88.923,189.040,0.946,122.092,199.912,0.946,179.504,184.795,0.922,250.668,138.463,0.912,260.023,106.483,0.943,329.178,86.894,0.893
86.771,187.648,0.903,125.669,202.225,0.946,186.308,183.569,0.954,251.702,139.324,0.927,262.667,103.071,0.931,321.980,91.674,0.936
81.536,193.789,0.958,125.953,201.793,0.923,185.823,181.348,0.886,250.612,136.947,0.920,260.656,106.448,0.911,323.284,87.701,0.943
80.392,193.290,0.928,128.873,202.911,0.925,186.717,188.947,0.912,250.577,135.477,0.904,257.488,105.190,0.890,322.060,86.574,0.941
75.428,197.219,0.917,135.317,204.777,0.918,188.370,183.633,0.902,248.511,136.153,0.911,253.101,107.224,0.890,322.529,85.620,0.911
75.666,195.290,0.879,135.780,200.794,0.941,190.165,179.778,0.968,249.140,132.841,0.941,252.730,101.960,0.955,319.310,86.444,0.894
77.846,201.200,0.905,140.180,206.106,0.932,191.026,180.635,0.902,247.704,130.970,0.895,252.909,103.414,0.933,316.630,85.830,0.928
73.170,198.725,0.929,141.444,204.640,0.932,195.747,188.056,0.939,248.154,132.963,0.911,252.759,107.823,0.918,314.887,87.174,0.912
75.253,204.728,0.911,144.660,204.209,0.945,193.628,180.057,0.967,246.302,130.379,0.955,244.572,105.040,0.845,316.161,87.460,0.932
74.338,201.480,0.890,148.858,202.220,0.942,200.779,183.152,0.972,240.813,130.095,0.923,247.482,108.861,0.962,311.371,83.470,0.978
77.861,207.885,0.910,149.287,202.702,0.941,199.036,179.884,0.932,240.328,125.672,0.937,245.905,106.339,0.933,312.516,88.675,0.847
75.338,210.101,0.947,155.429,203.008,0.931,201.567,175.241,0.899,237.003,128.021,0.932,244.272,108.729,0.906,310.076,83.575,0.893
72.112,209.428,0.925,154.980,203.987,0.923,204.660,180.033,0.947,238.651,124.889,0.982,241.859,108.147,0.909,303.554,82.417,0.904
76.141,214.496,0.964,160.604,203.109,0.961,206.355,175.245,0.881,234.050,125.563,0.884,242.266,106.597,0.973,308.042,88.822,0.849
79.251,214.032,0.934,160.866,199.888,0.904,207.278,177.283,0.913,235.189,124.879,0.892,240.396,115.373,0.944,303.982,83.530,0.889
81.326,215.184,0.870,160.846,197.572,0.881,208.629,174.744,0.922,231.180,124.586,0.892,234.688,116.910,0.863,301.780,84.876,0.870
83.010,217.983,0.945,163.371,198.757,0.933,210.531,171.699,0.933,229.835,124.551,0.906,238.142,113.729,0.906,300.781,80.955,0.895
86.837,219.688,0.927,169.218,194.627,0.888,212.145,174.326,0.876,229.004,124.190,0.879,235.642,116.295,0.952,300.833,86.668,0.987
87.236,224.705,0.961,170.017,193.823,0.940,213.183,169.379,0.939,225.036,122.000,0.981,235.653,115.923,0.930,292.933,85.587,0.829
85.571,225.508,0.915,164.847,196.167,0.913,215.003,170.536,0.909,220.870,123.977,0.931,238.501,116.576,0.910,292.540,89.648,0.910
90.872,225.136,0.993,167.496,191.491,0.914,214.509,166.603,1.000,219.358,125.199,0.896,233.316,120.802,0.898,289.958,85.267,0.894
95.500,221.972,0.971,171.996,192.625,0.943,215.191,166.888,0.916,213.553,123.451,0.924,236.306,123.172,0.940,293.666,83.044,0.941
96.736,223.331,0.868,174.707,188.422,0.901,213.582,163.993,0.939,211.446,124.899,0.920,236.289,120.555,0.886,290.565,85.281,0.924
101.896,221.432,0.940,170.167,187.384,0.928,211.658,161.094,0.928,213.756,121.842,0.963,236.450,124.744,0.946,285.744,88.112,0.880
104.898,221.866,0.923,170.328,181.742,0.915,212.669,162.398,0.925,209.110,125.595,0.914,235.059,123.989,0.943,284.136,93.633,0.910
110.685,225.582,0.896,173.478,183.385,0.932,214.913,159.311,0.920,208.090,132.014,0.922,233.255,126.997,0.943,285.231,89.946,0.924
109.145,224.263,0.881,171.862,183.779,0.938,210.597,156.710,0.925,209.668,130.759,0.907,235.397,127.519,0.892,282.952,91.036,0.930
111.179,219.110,0.910,172.665,182.350,0.887,212.633,158.047,0.928,205.184,129.582,0.952,234.824,128.449,0.949,282.120,92.711,0.983
113.999,224.549,0.917,173.323,175.930,0.922,209.285,153.370,0.917,204.007,130.190,0.951,241.512,125.829,0.959,280.908,90.971,0.929
118.349,223.084,0.920,172.207,180.245,0.911,209.598,151.321,0.869,206.557,132.296,0.897,238.714,129.610,0.897,281.824,92.286,0.918
122.929,222.486,0.922,171.225,175.359,0.853,207.824,154.866,0.964,200.233,132.622,0.887,237.580,131.831,0.903,279.412,94.012,0.873
124.050,219.926,0.897,168.902,173.447,0.911,206.003,150.816,0.900,199.859,131.485,0.938,235.268,135.827,0.880,279.327,94.482,0.888
125.199,214.373,0.867,165.043,172.758,0.957,202.297,148.366,0.934,198.408,135.997,0.937,237.873,134.190,0.958,279.803,98.435,0.960
126.330,217.847,0.981,169.924,169.702,0.865,199.664,149.031,0.898,199.493,133.263,0.932,238.626,134.244,0.937,277.669,97.100,0.918
129.781,215.478,0.877,164.635,167.143,0.917,202.283,146.255,0.927,197.386,134.696,0.942,241.668,134.303,0.875,281.528,98.248,0.890
132.911,214.630,0.930,158.888,169.681,0.949,201.605,149.578,0.893,193.465,137.920,0.947,242.548,138.116,0.903,272.398,98.914,0.950
135.021,210.984,0.960,159.355,166.341,0.926,194.409,148.432,0.894,196.843,138.381,0.921,242.798,141.873,0.895,277.142,102.194,0.934
136.094,206.709,0.913,159.703,166.139,0.931,193.029,144.511,0.951,195.625,140.622,0.938,245.549,138.649,0.892,272.628,100.995,0.903
135.503,207.791,0.928,156.399,163.809,0.918,189.500,141.920,0.891,191.798,139.112,0.975,246.964,140.729,0.923,276.379,102.059,0.902
134.848,205.417,0.911,151.391,167.981,0.959,187.108,148.578,0.922,195.779,144.466,0.905,247.876,142.727,0.898,274.813,104.163,0.913
132.822,203.114,0.970,148.853,161.683,0.930,187.125,145.064,0.902,194.162,144.077,0.975,253.388,137.339,0.875,272.060,106.026,0.938
134.195,199.822,0.899,146.357,162.546,0.943,183.850,144.815,0.936,194.297,147.076,0.942,248.928,144.259,0.938,271.389,106.081,0.859
135.721,197.567,0.922,143.855,160.858,0.914,179.654,145.791,0.923,195.616,148.406,0.928,254.927,141.167,0.880,273.897,106.624,0.938
131.838,192.237,0.939,142.807,163.483,0.930,181.340,141.754,0.895,194.879,149.530,0.928,257.496,144.543,0.954,274.243,111.118,0.909
131.681,191.991,0.978,141.117,163.662,0.867,180.426,143.292,0.923,192.658,149.203,0.921,255.072,144.137,0.910,275.384,108.790,0.903
128.478,192.423,0.958,136.475,163.194,0.928,174.235,145.743,0.953,195.125,150.898,0.886,258.246,146.982,0.929,279.199,111.470,0.943
127.438,185.957,0.878,129.514,164.873,0.944,174.559,147.110,0.947,196.918,154.883,0.908,260.160,143.298,0.894,273.542,109.153,0.909
122.412,186.267,0.921,134.243,169.641,0.898,169.267,147.692,0.918,200.719,153.741,0.918,263.603,144.624,0.895,275.164,113.541,0.932
119.256,187.584,0.957,129.268,166.238,0.902,165.607,146.068,0.923,196.720,157.632,0.963,264.099,143.881,0.905,278.250,112.208,0.895
117.211,188.431,0.948,127.661,168.712,0.912,166.158,147.719,0.997,199.514,156.293,0.932,269.239,144.511,0.927,280.095,112.042,0.904
112.478,188.014,0.897,123.953,167.176,0.922,160.794,151.848,0.931,200.881,157.753,0.976,269.475,141.325,0.927,280.486,116.988,0.924
115.155,185.927,0.945,120.070,170.395,0.881,162.082,152.701,0.926,205.538,158.565,0.912,266.619,146.592,0.921,279.900,118.601,0.915
115.163,185.850,0.894,120.307,176.688,0.913,161.252,150.343,0.960,204.656,161.006,0.873,275.854,143.310,0.981,282.694,119.244,0.961
106.870,187.108,0.888,120.521,176.091,0.910,159.399,151.541,0.959,208.540,160.145,0.933,275.710,141.594,0.863,288.880,121.957,0.934
102.557,189.044,0.870,116.445,175.101,0.978,157.495,155.932,0.944,208.984,159.650,0.863,278.908,140.380,0.930,281.414,119.868,0.970
101.714,184.976,0.897,119.604,175.870,0.944,159.004,156.641,0.966,210.040,160.072,0.932,279.821,144.412,0.881,285.873,122.008,0.857
101.084,183.566,0.829,112.128,179.278,0.866,155.172,153.995,0.914,216.587,162.914,0.949,284.125,141.533,0.934,289.405,121.298,0.940
95.036,185.497,0.872,114.292,180.316,0.927,155.903,155.464,0.866,216.833,162.622,0.880,282.048,144.823,0.879,286.838,121.978,0.946
94.485,183.282,0.981,115.409,184.466,0.908,155.292,162.502,0.946,219.784,164.626,0.914,281.763,141.057,0.942,292.954,123.007,0.901
89.093,186.473,0.909,111.655,183.649,0.964,152.321,163.747,0.940,220.042,166.330,0.940,285.912,139.108,0.889,295.506,124.889,0.971
86.938,189.748,0.948,110.859,183.687,0.956,153.566,163.304,0.905,224.186,165.156,0.975,284.605,137.532,0.906,295.963,119.107,0.932
80.992,191.646,0.870,111.826,185.233,0.882,153.752,166.078,0.904,222.844,166.634,0.866,285.480,137.074,0.888,296.938,124.009,0.938
82.497,192.607,0.913,116.213,187.756,0.949,153.587,165.289,0.897,226.604,164.747,0.911,289.315,137.144,0.901,292.943,124.955,0.919
77.954,192.859,0.928,114.942,189.504,0.944,153.491,170.285,0.920,225.531,165.159,0.918,291.095,138.268,0.984,297.297,122.860,0.906
76.003,196.541,0.919,116.592,189.515,0.943,151.834,169.623,0.967,231.397,164.040,0.888,290.224,133.160,0.953,304.183,125.284,0.957
73.533,198.804,0.928,123.448,195.437,0.923,156.643,167.542,0.918,236.000,161.704,0.941,293.754,133.116,0.960,302.623,123.148,0.926
76.735,199.187,0.925,119.783,194.848,0.884,154.369,169.718,0.891,236.004,164.613,0.928,290.404,130.678,0.897,306.547,119.560,0.918
79.285,198.773,0.906,122.647,192.979,0.889,160.467,169.308,0.951,233.185,163.291,0.912,294.295,130.296,0.892,303.004,125.156,0.908
72.775,201.126,0.894,121.621,197.218,0.879,157.390,179.025,0.951,241.068,158.984,0.973,294.578,131.784,0.883,311.466,120.325,0.926
73.506,204.323,0.926,123.592,198.604,0.886,161.589,176.205,0.869,237.052,157.894,0.892,295.291,125.833,0.961,308.934,120.122,0.856
73.481,204.771,0.893,128.931,200.584,0.880,164.236,175.880,0.924,241.128,161.110,0.933,293.189,129.984,0.894,314.155,123.247,0.943
75.569,209.659,0.865,133.580,201.049,0.920,164.234,178.698,0.874,244.484,162.768,0.905,293.517,121.603,0.899,311.123,122.824,0.939
77.460,214.951,0.943,130.794,201.269,0.978,166.920,176.943,0.894,243.631,154.662,0.916,294.688,123.938,0.938,315.517,125.880,0.908
76.538,211.229,0.926,130.866,200.645,0.909,172.821,175.088,0.901,245.209,157.673,0.951,294.318,119.953,0.933,317.130,120.750,0.952
77.229,218.633,0.920,139.063,205.770,0.899,168.233,180.810,0.973,248.456,152.877,0.921,294.156,122.232,0.926,317.162,118.711,0.940
76.138,213.910,0.954,141.106,204.394,0.898,169.485,181.492,0.920,249.909,154.797,0.950,294.598,121.249,0.876,319.491,119.780,1.000
82.968,217.765,0.980,143.081,203.583,0.961,175.901,184.217,0.944,250.820,152.542,0.915,295.635,118.979,0.910,319.319,117.757,0.937
84.074,218.935,0.917,142.159,203.592,0.924,175.660,178.668,0.884,247.455,151.685,0.947,292.485,121.447,0.875,323.014,119.774,0.918
82.734,220.599,0.912,148.498,203.534,0.929,177.592,184.666,0.965,249.789,150.665,0.911,291.986,114.818,0.924,325.399,120.131,0.864
86.627,222.337,0.929,149.134,200.858,0.913,182.516,184.516,0.959,253.072,151.860,0.896,288.151,113.706,0.891,323.904,117.595,0.960
89.794,220.432,0.887,158.289,204.413,0.882,182.472,187.185,0.911,253.024,148.213,0.960,285.108,111.749,0.969,328.822,115.726,0.923
93.799,222.573,0.972,154.351,201.625,0.929,184.229,182.576,0.931,253.660,145.447,0.898,285.986,110.143,0.890,321.166,113.903,0.861
95.922,228.265,0.932,160.610,202.284,0.866,191.530,183.590,0.908,253.043,145.079,0.937,285.913,110.976,0.913,330.183,115.393,0.947
102.367,221.849,0.912,161.438,201.334,0.926,192.647,181.519,0.904,254.133,142.435,0.891,286.488,111.771,0.949,332.447,112.392,0.974
102.038,225.497,0.899,160.900,203.267,0.952,194.825,185.573,0.918,254.481,144.924,0.948,283.694,109.276,0.948,327.500,115.157,0.926
106.058,224.134,0.895,162.927,197.929,0.934,193.479,178.793,0.930,256.092,141.090,0.918,281.880,109.668,0.912,332.137,114.088,0.883
108.070,225.341,0.938,169.617,200.448,0.918,198.584,181.963,0.935,250.658,138.959,0.887,279.869,105.832,0.918,330.861,110.096,0.893
114.571,223.605,0.900,165.369,194.045,0.912,203.339,183.044,0.913,252.492,139.205,0.921,277.540,105.844,0.955,327.799,109.659,0.903
115.251,219.936,0.902,168.780,197.553,0.961,202.103,178.564,0.965,249.762,138.393,0.903,277.428,108.446,0.830,332.579,110.467,0.895
118.915,219.663,0.891,169.769,192.235,0.929,204.838,178.031,0.937,254.997,136.279,0.890,276.298,108.250,0.943,333.596,108.360,0.955
122.636,222.162,0.946,173.504,193.942,0.971,199.801,174.502,0.901,246.656,136.719,0.938,274.415,102.732,0.933,335.450,109.759,0.957
123.943,221.405,0.965,173.855,189.111,0.920,209.281,174.919,0.916,249.816,132.394,0.924,273.669,104.083,0.869,336.461,105.233,0.968
125.893,219.324,0.918,168.394,187.580,0.948,209.124,177.034,0.909,250.889,134.497,0.927,272.499,103.126,0.976,334.727,99.932,0.903
129.649,215.559,0.887,175.485,188.278,0.923,207.743,173.850,0.939,245.221,131.655,0.952,272.863,105.091,0.958,333.938,103.213,0.956
130.597,214.516,0.881,174.171,180.651,0.984,207.440,172.218,0.908,240.646,129.405,0.914,268.040,100.364,0.995,333.125,99.409,0.958
131.498,213.375,0.903,168.082,180.690,0.930,212.903,173.281,0.912,243.194,132.720,0.905,267.548,104.556,0.916,336.648,101.655,0.905
131.615,208.272,0.919,169.843,177.961,0.972,212.478,170.118,0.958,244.054,129.430,0.846,267.983,102.691,0.918,333.574,98.595,0.915
133.516,209.870,0.870,174.811,177.983,0.889,214.349,164.071,0.949,237.447,126.992,0.916,265.369,104.517,0.946,332.481,97.763,0.956
132.235,202.866,0.892,174.520,176.151,0.903,214.639,163.623,0.921,240.542,126.649,0.903,255.612,101.827,0.981,329.712,96.912,0.902
136.821,206.893,1.000,173.692,174.963,0.892,213.036,164.792,0.895,237.750,128.038,0.976,256.504,105.127,0.974,329.873,92.982,0.901
134.226,201.113,0.922,169.640,174.927,0.953,211.941,162.426,0.936,234.677,121.670,0.907,258.300,102.243,0.926,330.027,93.500,0.903
134.060,201.469,0.912,170.976,168.691,0.906,215.366,160.429,0.915,232.584,126.896,0.861,252.176,106.231,0.953,328.446,94.384,0.874
131.057,199.067,0.910,164.669,170.586,0.935,215.510,161.985,0.861,230.282,125.514,0.969,251.221,103.228,0.915,327.443,89.910,0.888
130.760,192.780,0.953,164.259,167.453,0.939,215.279,159.887,0.915,228.976,123.562,0.948,245.991,107.127,0.969,326.486,93.954,0.938
131.154,193.965,0.942,158.782,165.844,0.958,213.214,156.018,0.994,226.520,122.731,0.939,249.229,104.963,0.955,324.871,91.667,0.876
124.157,190.777,0.962,157.842,166.429,0.931,213.796,157.091,0.889,226.663,123.797,0.910,246.490,110.329,0.930,324.471,91.656,0.917
125.531,191.086,0.919,158.128,166.466,0.926,210.756,152.858,0.939,222.147,129.277,0.906,241.863,107.842,0.955,326.723,91.403,0.932
122.560,186.307,0.938,157.835,165.038,0.937,209.886,153.496,0.919,220.002,122.506,0.885,244.485,110.267,0.931,318.002,91.439,0.943
119.128,189.547,0.905,153.293,162.587,0.906,206.260,154.272,0.885,218.197,127.768,0.861,241.921,109.487,0.877,317.616,87.487,0.929
120.115,188.613,0.907,149.910,161.647,0.861,208.411,149.988,0.931,215.156,126.947,0.910,240.641,110.846,0.930,320.839,88.566,0.917
114.413,184.966,0.935,144.935,164.786,0.924,204.642,146.120,0.953,216.864,126.328,0.971,238.034,112.302,0.867,316.864,86.170,0.940
110.931,190.389,0.958,143.521,162.616,0.911,204.475,146.490,0.858,211.579,123.452,0.932,239.518,113.033,0.966,320.117,84.996,0.916
111.971,181.812,0.919,140.280,165.803,0.919,203.643,146.156,0.865,205.071,126.288,0.909,236.266,112.063,0.881,313.905,86.873,0.962
103.102,182.648,0.944,141.553,162.634,0.872,199.365,148.829,0.961,201.905,122.534,0.885,236.347,114.162,0.947,314.967,88.721,0.942
105.783,183.809,0.907,132.836,166.353,0.846,198.172,142.557,0.932,205.428,131.094,0.901,230.755,116.935,0.993,310.628,86.514,0.890
102.704,183.449,0.884,132.290,164.967,0.987,189.337,147.936,0.913,199.538,129.049,0.896,230.720,116.645,0.955,308.345,86.647,0.918
93.374,182.892,0.867,131.387,164.852,0.892,194.609,143.887,0.952,202.274,127.655,0.943,231.231,119.824,0.956,309.073,86.788,0.943
93.966,187.061,0.887,128.599,166.095,0.913,189.065,143.605,0.934,201.699,130.309,0.877,234.518,120.463,0.927,307.957,82.362,0.916
92.056,185.728,0.977,124.878,167.322,0.954,188.165,140.671,0.902,201.868,128.169,0.923,234.314,120.483,0.928,303.642,83.391,0.955
90.712,185.004,0.952,123.643,172.676,0.867,179.330,141.832,0.906,201.063,133.880,0.886,233.421,124.068,0.979,304.933,81.277,0.873
84.974,186.643,1.000,120.844,170.227,0.926,181.926,142.693,0.882,194.249,133.126,0.948,234.594,122.282,0.887,300.918,85.454,0.990
83.255,183.610,0.892,118.451,168.072,0.916,178.746,145.239,0.904,196.674,134.710,0.939,235.729,128.908,0.905,298.942,82.574,0.942
82.848,193.917,0.931,118.265,169.262,0.917,175.378,145.409,0.930,193.350,138.427,0.876,233.259,123.870,0.919,296.255,83.089,0.883
77.571,189.949,0.956,113.649,173.273,0.903,173.498,147.039,0.958,193.205,138.738,0.869,235.508,129.436,0.943,298.642,87.669,1.000
78.820,193.938,0.944,116.577,176.825,0.940,172.188,141.727,0.910,195.921,140.483,0.919,239.452,127.906,0.899,296.227,86.487,0.947
78.433,196.014,0.912,116.341,178.709,0.946,170.454,148.833,0.926,196.146,139.816,0.939,232.565,130.696,0.887,293.240,86.640,0.939
72.992,196.589,0.911,112.087,181.936,0.960,164.146,145.302,0.964,194.477,144.298,0.895,233.913,129.451,0.948,290.013,86.610,0.862
74.867,198.176,0.899,112.458,181.591,0.914,168.453,151.630,0.905,191.228,141.625,0.916,239.722,133.437,0.912,292.752,88.302,0.898
73.925,199.223,0.969,111.609,182.716,0.847,164.407,147.989,0.922,193.546,146.255,0.960,236.765,132.224,0.894,287.666,86.793,0.962
71.496,198.924,0.989,112.343,185.778,0.883,157.894,151.047,0.873,195.389,146.862,0.910,235.631,135.271,0.960,284.152,87.670,0.930
74.056,207.470,0.883,110.305,189.823,0.917,160.778,152.639,0.911,195.863,148.550,0.929,239.910,136.568,0.903,284.533,89.678,0.890
73.721,208.723,0.903,114.441,187.130,0.865,156.642,156.199,0.883,193.645,147.986,0.923,239.837,132.467,0.904,283.710,88.317,0.923
73.453,208.310,0.945,114.683,193.669,0.944,154.830,157.101,0.910,194.207,151.030,0.911,242.899,140.385,0.860,280.164,90.814,0.905
75.435,212.058,0.932,115.905,187.011,0.871,155.832,153.379,0.923,193.134,153.603,0.939,243.185,140.449,0.911,283.547,89.646,0.867
75.621,212.895,0.951,116.314,188.544,0.922,155.796,157.375,0.905,196.430,155.130,0.951,248.074,138.772,0.956,275.895,92.589,0.949
80.074,214.376,0.891,116.137,197.923,0.889,155.164,157.970,0.883,199.049,155.270,0.914,247.664,141.595,0.909,274.488,90.286,0.943
82.064,216.466,0.874,120.228,196.482,0.914,156.413,163.317,0.922,200.359,154.195,0.847,253.151,142.877,0.913,275.694,92.757,0.942
84.971,220.625,0.865,122.970,199.140,0.972,157.106,161.933,0.936,197.694,156.858,0.893,250.153,141.815,0.936,275.300,93.058,0.960
86.090,220.259,0.966,122.997,197.887,0.946,154.466,160.648,0.994,201.918,160.957,0.904,252.217,142.366,0.944,273.988,92.660,0.957
88.937,218.661,0.916,127.576,201.495,0.944,154.459,166.497,0.952,205.450,161.112,0.928,253.734,142.815,0.907,273.994,99.185,0.965
90.186,223.436,0.926,126.464,200.571,0.919,153.421,167.064,0.867,206.281,161.050,0.959,256.223,142.541,0.883,271.234,98.919,0.919
95.531,221.053,0.982,133.221,203.590,0.940,151.619,168.579,0.856,207.811,158.588,0.881,258.423,138.617,0.919,275.354,101.756,0.914
96.003,224.314,0.964,135.396,199.605,0.916,156.121,166.987,0.912,208.159,162.596,0.887,260.857,144.658,0.872,276.719,98.106,0.917
101.475,224.583,0.970,131.385,204.895,0.925,155.539,170.540,0.912,212.160,163.080,0.945,258.736,147.880,0.889,275.106,109.818,0.934
102.558,217.257,0.890,138.447,205.000,0.904,158.082,173.219,0.959,215.045,163.693,0.946,264.895,142.335,0.903,274.251,106.304,0.986
105.052,223.887,0.870,143.666,204.835,0.884,159.613,172.623,0.895,220.209,162.821,0.898,261.636,140.788,0.924,273.774,106.263,0.899
110.473,221.575,0.896,141.804,203.192,0.880,161.668,177.458,0.930,219.429,162.373,0.965,268.235,144.132,0.894,273.411,104.431,0.914
115.988,222.133,0.905,147.682,205.849,0.918,165.083,179.736,0.888,220.841,163.101,0.929,271.252,142.300,0.886,270.454,106.273,0.877
117.354,225.517,0.924,150.903,204.206,0.911,164.570,177.529,0.862,219.056,160.286,0.980,271.274,142.994,0.900,273.176,110.732,0.952
117.532,221.737,0.904,152.595,202.895,0.922,161.017,181.461,0.965,225.439,163.446,0.869,274.397,147.275,0.897,277.418,108.843,0.887
118.277,219.588,0.930,155.966,202.747,0.922,164.872,176.566,0.907,228.354,166.991,0.878,277.399,143.051,0.864,275.213,108.571,0.919
120.482,214.200,0.962,157.047,197.730,0.939,168.223,179.274,0.930,228.189,162.163,0.928,274.046,146.766,0.860,279.498,111.758,0.883
126.261,220.062,0.867,160.383,201.133,0.874,168.905,182.254,0.953,230.916,163.092,0.953,279.809,140.195,0.905,277.896,113.286,0.902
127.995,214.971,0.925,161.762,198.749,0.910,173.806,181.603,0.889,232.034,162.276,0.895,277.697,138.535,0.891,275.583,112.556,0.888
125.509,215.464,0.958,163.449,195.322,0.911,175.648,179.664,0.982,236.452,164.547,0.929,282.639,137.567,0.973,279.688,116.162,0.924
130.469,211.600,0.934,166.448,197.441,0.916,177.534,183.350,0.983,240.338,163.954,0.907,284.811,139.825,0.946,277.981,118.743,0.891
134.057,208.736,0.913,166.806,194.561,0.897,178.578,180.307,0.943,241.172,162.753,0.918,285.647,136.002,0.951,277.143,113.865,0.938
132.656,204.416,0.952,167.021,192.776,0.901,180.196,180.976,0.953,242.638,161.924,0.919,289.329,137.173,0.914,283.638,114.271,0.899
133.125,206.352,0.931,171.901,190.172,0.959,183.193,183.352,0.926,240.887,154.779,0.915,286.683,134.985,0.930,282.634,120.856,0.864
131.025,201.399,0.912,173.161,188.912,0.893,180.959,179.715,0.913,247.631,156.923,0.934,287.756,134.154,0.955,286.869,117.685,0.924
134.552,203.598,0.922,173.945,186.159,0.917,189.494,180.371,0.903,247.001,155.733,0.952,292.262,134.448,0.929,284.532,119.018,0.903
131.259,202.153,0.916,172.965,187.408,0.932,189.639,184.488,0.928,250.009,154.324,0.899,289.886,133.588,0.980,288.696,121.193,0.914
130.711,195.091,0.933,174.040,182.397,0.901,189.653,181.319,0.974,244.948,154.788,0.901,292.477,127.549,0.858,290.398,123.047,0.924
133.010,192.665,0.945,174.991,186.899,0.869,193.112,182.214,0.959,250.408,158.224,0.891,289.830,128.433,0.939,292.713,116.872,0.888
127.256,190.929,0.899,172.013,181.724,0.937,197.266,183.599,0.933,252.446,153.138,0.939,291.101,126.439,0.871,291.847,120.410,0.930
127.159,190.049,0.953,174.446,179.071,0.954,196.858,179.938,0.928,248.331,146.812,0.932,292.226,123.343,0.943,294.130,123.413,0.912
125.559,189.695,0.875,173.784,177.380,0.941,203.471,179.946,0.917,253.277,149.041,0.893,294.800,127.090,0.906,296.920,122.535,0.910
124.120,186.685,0.883,174.415,173.546,0.931,202.068,179.620,0.902,253.810,144.807,0.887,293.735,123.335,0.955,297.758,120.907,0.947
123.976,183.018,0.961,170.863,172.712,0.917,207.263,178.721,0.933,252.441,145.269,0.967,292.844,121.199,0.905,296.528,122.913,0.956
118.222,186.227,0.922,168.737,175.923,0.910,206.103,176.975,0.872,252.353,148.149,0.956,291.405,120.221,0.899,300.178,124.430,0.967
116.496,182.001,0.940,164.050,170.340,0.904,208.902,173.332,0.915,253.374,142.210,0.897,290.757,120.477,0.878,303.500,123.150,0.937
112.326,181.860,0.922,162.372,165.103,0.909,210.449,172.148,0.947,254.280,144.131,0.921,292.589,118.154,0.945,306.423,124.446,0.948
106.121,183.274,0.914,163.868,167.276,0.938,211.075,170.481,0.879,255.795,141.217,0.966,290.460,120.447,0.932,306.849,123.566,0.954
108.583,180.537,0.873,159.369,168.788,0.899,209.462,168.664,0.916,249.948,139.407,0.867,290.286,117.395,0.895,305.717,122.063,0.919
104.679,183.581,0.943,155.721,166.113,0.951,210.558,166.147,0.905,252.905,139.131,0.936,287.802,117.383,0.891,308.154,127.517,0.908
102.472,184.578,0.934,154.045,166.781,0.932,215.248,167.618,0.901,251.134,136.791,0.904,288.305,112.119,0.948,311.321,123.154,0.900
94.855,184.671,0.880,156.167,162.039,0.989,209.351,163.110,0.928,251.565,134.366,0.903,290.690,113.614,0.963,309.207,121.854,0.886
94.200,185.971,0.897,149.497,161.835,0.861,210.958,163.053,0.908,246.588,135.866,0.945,287.773,113.440,0.962,313.644,120.284,0.911
94.779,187.225,0.898,148.353,164.578,0.961,212.292,165.224,0.929,243.849,135.402,0.926,286.175,109.768,0.939,316.407,122.586,0.974
92.579,185.641,0.915,147.767,164.296,0.952,215.490,158.131,0.953,246.034,132.963,0.948,286.537,113.508,0.931,320.891,121.302,0.947
85.677,185.901,0.900,144.085,166.341,0.916,211.584,161.609,0.890,245.398,129.011,0.879,281.466,108.966,0.951,318.095,122.118,0.941
83.669,186.062,0.903,141.668,163.148,0.889,210.329,155.973,0.926,243.181,126.808,0.919,280.986,107.424,0.954,322.109,116.735,0.876
78.928,191.791,0.836,136.792,164.894,0.970,209.664,158.482,0.925,241.770,127.071,0.923,278.711,109.701,0.904,321.950,115.431,0.913
78.451,188.377,0.932,136.440,163.350,0.934,210.669,153.695,0.912,239.651,127.738,0.925,280.886,105.528,0.914,325.356,119.243,0.915
75.612,194.986,0.962,130.788,163.406,0.904,207.776,154.557,0.902,236.797,125.537,0.940,279.664,111.074,0.889,324.743,112.969,0.894
77.800,193.323,0.866,132.520,167.089,0.886,206.820,150.353,0.953,241.747,124.761,0.900,275.543,106.289,0.902,326.866,115.760,0.895
73.767,196.878,0.983,128.007,167.010,0.950,204.546,147.331,0.867,232.125,124.454,0.902,274.869,104.073,0.958,323.834,115.476,0.863
73.569,199.584,0.928,123.974,167.924,0.897,204.668,146.966,0.885,234.805,123.202,0.924,270.782,101.025,0.879,331.193,117.120,0.938
74.841,197.644,0.937,126.645,169.268,0.877,200.148,149.103,0.905,229.188,123.203,0.932,271.946,106.009,0.922,329.033,113.966,0.973
72.814,204.585,0.877,120.519,168.965,0.925,200.939,146.605,0.923,230.042,119.977,0.911,269.792,104.472,0.930,330.071,115.769,0.935
75.313,203.827,0.894,120.342,170.115,0.910,195.514,145.525,0.919,228.500,122.740,0.913,267.017,100.444,0.882,331.665,113.264,0.876
73.379,205.302,0.922,116.262,170.697,0.917,194.140,142.787,0.941,220.805,126.900,0.874,263.396,105.514,0.929,323.712,108.576,0.917
76.017,208.303,0.880,115.421,173.115,0.865,198.678,143.573,0.947,223.028,121.555,0.920,259.590,102.787,0.957,332.545,109.166,0.926
73.612,211.324,0.932,113.757,175.442,0.940,193.659,147.060,0.935,221.306,122.983,0.941,258.682,102.771,0.926,327.703,105.415,0.909
77.017,214.731,0.922,114.205,175.389,0.927,183.373,144.312,0.932,224.020,124.138,0.930,252.044,104.920,0.889,331.963,106.995,0.913
75.801,216.895,0.927,113.031,178.170,0.899,186.283,143.221,0.866,216.930,122.571,0.878,260.202,101.790,0.916,329.910,106.040,0.895
78.994,217.055,0.889,114.114,184.515,0.858,187.319,142.468,0.946,213.585,126.089,0.959,254.093,105.630,0.863,331.700,106.025,0.882
81.454,216.985,0.941,112.409,184.080,0.909,179.333,144.036,0.859,214.025,125.197,0.965,250.327,103.659,0.912,331.199,99.604,0.878
89.227,218.818,0.929,111.349,189.013,0.893,178.237,142.786,0.906,207.694,125.711,0.873,250.764,102.887,0.984,332.750,101.364,0.853
85.868,220.394,0.941,111.714,182.334,0.896,177.921,142.174,0.927,209.616,122.169,0.962,250.717,107.871,0.917,333.176,101.163,0.909
94.651,219.201,0.924,116.039,186.436,0.893,174.751,146.148,0.987,207.530,127.990,0.954,248.698,104.723,0.945,331.435,97.558,0.926
95.017,220.992,0.973,110.971,191.375,0.941,173.817,144.250,0.951,203.830,126.022,0.979,241.302,105.278,0.889,331.848,95.659,0.947
97.644,222.296,0.956,117.937,191.048,0.893,170.639,146.781,0.905,203.682,127.581,0.948,243.304,104.073,0.916,332.033,97.748,0.877
98.354,216.023,0.870,114.185,190.190,0.941,168.541,141.909,0.894,200.928,129.110,0.924,244.928,110.949,0.937,332.399,96.820,0.918
104.567,222.510,0.912,120.444,194.104,0.932,166.893,148.017,0.910,201.755,130.494,0.911,240.863,111.912,0.921,329.083,93.833,0.955
109.840,221.313,0.859,115.619,196.409,0.988,162.894,143.294,0.897,197.193,130.014,0.860,241.514,109.117,0.940,323.655,97.463,0.885
111.115,225.023,0.922,122.718,194.384,0.934,164.924,149.583,0.890,197.951,133.941,0.974,240.429,112.935,0.899,328.831,88.681,0.956
112.977,223.094,0.935,123.793,198.704,0.910,159.233,149.857,0.915,199.045,134.842,0.929,238.524,112.079,0.934,328.971,93.009,0.949
115.256,217.708,0.950,127.177,200.933,0.916,162.308,154.331,0.918,196.402,134.675,0.874,235.031,115.166,0.924,327.837,88.353,0.955
119.273,220.885,0.936,128.510,201.033,0.945,157.443,150.902,0.949,194.452,134.392,0.901,234.556,115.384,0.953,325.794,88.293,1.000
120.834,214.614,0.909,132.200,200.400,0.927,158.707,154.307,0.958,194.763,135.011,0.916,233.415,116.027,0.911,324.701,86.750,0.939
122.532,220.794,0.873,131.364,203.446,0.884,150.178,153.588,0.921,193.324,142.632,0.929,234.759,116.463,0.975,323.987,87.388,0.911
126.898,214.313,0.957,138.623,202.569,0.918,156.990,155.785,0.950,192.314,141.662,0.887,233.067,118.398,0.925,319.951,88.191,0.898
126.461,214.322,0.964,135.575,199.532,0.946,152.915,155.414,0.862,195.992,143.429,0.979,233.401,120.000,0.904,320.706,83.603,0.956
130.600,214.961,0.952,146.207,199.506,0.935,153.103,160.540,0.961,191.938,146.079,0.882,234.370,124.350,0.914,318.599,87.956,0.916
134.449,209.644,0.919,142.380,201.814,0.928,154.927,161.626,0.865,192.745,145.152,0.910,236.810,121.455,0.937,315.845,85.726,0.937
133.277,208.172,0.953,146.624,202.852,0.942,152.366,164.217,0.950,190.476,149.537,0.927,236.059,125.098,0.838,316.371,84.143,0.923
131.195,204.783,0.898,147.503,204.276,0.923,153.080,163.969,0.938,194.440,146.573,0.923,233.618,122.536,0.965,313.135,81.884,0.908
132.267,207.292,0.877,151.695,202.231,0.897,151.609,166.686,0.830,188.453,150.815,0.939,232.492,128.455,0.927,312.620,82.919,0.911
134.917,206.660,0.913,151.842,202.616,0.944,153.805,165.924,0.919,196.356,149.659,0.962,233.511,128.925,0.922,310.256,81.176,0.942
130.975,200.756,0.902,157.748,200.339,0.930,156.626,170.549,0.997,200.465,154.051,0.914,234.174,128.687,0.953,308.440,83.146,0.913
135.858,197.392,0.900,159.581,199.268,0.898,157.151,166.893,0.948,195.759,153.092,0.919,237.299,132.166,0.943,308.763,78.876,0.976
130.908,196.845,0.915,162.118,200.965,0.924,154.565,172.353,0.885,197.529,150.929,0.908,236.226,128.995,0.895,304.535,81.518,0.919
130.441,194.230,0.899,165.770,198.239,0.900,158.291,173.455,0.927,198.270,157.216,0.897,239.536,133.352,0.921,302.426,78.344,0.880
129.572,193.611,0.922,165.665,192.883,0.919,159.371,175.851,0.867,196.710,158.842,0.934,236.942,137.353,0.908,300.650,82.370,0.853
133.523,191.434,0.900,168.230,197.480,0.938,161.662,176.073,0.887,201.823,154.655,0.969,239.562,134.116,0.931,300.218,82.184,0.873
124.847,190.422,0.882,169.062,192.899,0.987,161.216,176.554,0.867,206.229,158.520,0.938,238.376,134.400,0.908,294.930,85.598,0.941
121.648,188.471,0.900,168.371,192.907,0.962,163.087,176.336,0.915,205.216,161.503,0.965,236.125,135.318,0.922,297.124,83.293,0.908
119.535,185.309,0.984,173.938,189.469,0.892,166.389,183.716,0.924,207.323,160.468,0.959,242.949,138.293,0.964,291.924,84.832,0.878
119.014,182.179,0.915,174.325,187.917,0.904,166.459,176.599,0.883,207.491,159.406,0.898,243.888,140.105,0.949,291.047,81.777,0.899
118.284,182.592,0.952,174.138,185.119,0.904,168.657,183.056,0.924,213.592,160.742,0.930,242.664,138.332,0.902,289.073,84.087,0.935
109.915,183.548,0.856,169.892,182.427,0.892,170.568,179.328,0.911,210.750,161.926,0.917,250.168,139.510,0.930,289.350,88.581,0.989
108.202,185.043,0.953,172.730,184.413,0.938,173.773,182.268,0.947,218.183,161.004,0.868,246.092,139.241,0.917,288.209,86.448,0.933
105.357,181.693,0.959,171.188,178.298,0.943,174.742,181.072,0.905,217.495,163.026,0.914,250.003,138.952,0.933,289.903,90.576,0.920
101.877,183.746,0.941,172.248,176.726,0.907,173.859,183.723,0.872,224.705,163.325,0.927,256.399,142.877,0.934,286.125,89.480,0.910
102.506,181.126,0.902,170.756,176.734,0.937,179.831,183.308,0.927,222.831,163.651,0.910,254.003,142.495,0.912,283.574,84.424,0.882
98.164,182.071,0.922,169.731,174.930,0.960,178.968,180.569,0.889,226.657,162.797,0.947,254.248,136.233,0.930,283.072,85.489,0.862
96.182,183.360,0.893,169.844,171.250,0.970,185.015,181.171,0.880,230.354,163.832,0.879,254.201,139.771,0.893,281.596,91.775,0.913
89.448,187.216,0.914,168.721,170.406,0.950,186.318,185.052,0.887,228.061,162.826,0.947,259.641,144.692,0.883,279.099,90.698,0.908
85.406,184.899,0.892,167.624,169.739,0.918,187.906,180.837,0.994,231.753,161.781,0.916,262.260,141.832,0.967,278.742,92.071,0.915
84.854,187.450,0.919,167.152,169.682,0.896,192.672,179.710,0.903,229.675,162.004,1.000,259.557,143.861,0.901,279.664,91.483,0.896
81.011,187.298,0.939,168.336,168.592,0.922,190.540,180.327,0.896,234.678,161.761,0.914,264.374,141.969,0.929,276.429,91.021,0.973
80.706,188.703,0.942,160.317,166.362,0.940,196.681,181.274,0.912,235.472,160.156,0.922,268.496,140.465,0.910,276.847,95.012,0.968
80.409,193.568,0.948,161.677,167.707,0.913,197.199,178.068,0.939,238.849,158.075,0.915,269.222,140.911,0.956,277.034,93.311,0.929
72.196,194.212,0.922,154.850,165.289,0.895,203.560,174.934,0.935,240.395,160.050,0.948,272.370,141.968,0.941,277.620,96.298,0.884
76.611,189.851,0.961,151.159,165.192,0.944,200.315,178.112,0.966,240.993,154.310,0.954,274.527,139.383,0.939,274.765,98.317,0.884
78.282,198.458,0.936,150.852,162.758,0.962,204.092,177.103,0.932,244.391,157.169,0.927,275.261,141.293,0.875,274.548,104.574,0.937
70.724,198.503,0.942,149.658,164.040,0.917,205.714,177.894,0.924,242.710,156.445,0.886,277.383,142.280,0.951,272.921,100.574,0.959
73.317,198.131,0.910,144.274,162.036,0.918,207.269,172.825,0.938,246.621,156.125,0.904,277.916,138.824,0.954,272.110,104.776,0.938
70.144,202.229,0.911,140.681,165.077,0.900,205.686,172.096,0.892,246.693,154.282,0.887,282.474,138.062,0.868,275.485,101.111,0.929
70.908,203.948,0.893,141.210,165.566,0.922,207.735,169.248,0.905,248.698,152.252,0.896,279.822,136.976,0.959,268.064,103.642,0.905
73.364,206.250,0.916,137.777,161.335,0.923,210.513,171.080,0.979,250.405,150.928,0.943,280.239,137.251,0.938,274.085,105.734,0.913
77.587,210.451,0.888,132.281,162.204,0.903,208.112,165.027,0.902,250.229,149.074,0.946,281.292,139.917,0.925,271.635,102.904,0.921
78.271,208.897,0.908,132.773,166.703,0.889,209.635,166.516,0.929,250.119,148.269,0.943,284.711,135.386,0.878,275.702,107.541,0.955
76.696,212.768,0.994,130.662,164.465,0.902,212.962,167.018,0.878,252.785,147.202,0.892,283.503,132.985,0.915,271.187,108.050,0.926
80.222,215.012,0.960,127.515,165.678,0.893,210.493,165.416,0.937,248.113,144.815,0.919,285.887,131.400,0.926,273.928,107.383,0.914
74.604,215.135,0.894,125.513,165.435,0.923,209.733,160.231,0.870,252.175,145.853,0.937,289.821,135.123,0.956,275.286,110.166,0.943
81.641,215.959,0.896,123.365,166.815,0.912,211.006,159.639,0.924,254.349,144.569,0.943,290.990,131.505,0.901,273.198,111.864,0.962
84.273,220.787,0.902,121.400,171.522,0.933,210.074,152.818,0.939,251.934,144.692,0.898,286.383,130.304,0.879,276.582,115.159,0.933
88.546,221.229,0.936,120.532,169.752,0.919,208.816,159.834,0.940,250.764,147.031,0.894,292.158,126.825,0.915,277.107,113.105,0.921
88.619,222.603,0.897,118.655,170.838,0.908,210.473,156.859,0.944,253.232,138.828,0.879,292.619,122.485,0.935,278.035,114.157,0.948
91.337,221.393,0.965,118.384,173.702,0.856,210.153,152.201,0.928,247.567,137.770,0.894,294.927,126.303,0.898,280.573,116.207,0.894
94.285,224.267,0.926,113.716,170.567,0.943,207.218,155.636,0.939,249.995,134.136,0.879,289.829,121.395,0.909,281.844,112.819,0.956
100.361,225.596,0.914,113.148,176.201,0.920,207.786,150.573,0.933,249.822,138.432,0.906,295.132,123.765,0.906,282.817,117.605,0.862
103.097,221.471,0.895,110.617,180.262,0.915,207.069,152.238,0.900,248.524,131.009,0.862,293.140,123.220,0.891,279.323,118.761,0.937
104.740,221.274,0.918,111.462,180.507,0.944,206.314,147.829,0.946,249.612,133.066,0.916,293.684,120.450,0.910,284.529,119.963,0.888
110.438,224.462,0.909,111.543,181.441,0.878,202.069,150.469,0.897,244.086,130.408,0.900,292.278,116.719,0.906,290.395,119.819,0.941
111.305,222.255,0.910,110.227,186.542,0.887,199.530,145.991,0.923,242.015,131.630,0.935,291.707,119.020,0.894,287.119,119.249,0.928
113.253,223.156,0.886,113.752,183.943,0.951,195.645,143.642,0.895,244.477,126.084,0.915,289.294,116.136,0.921,290.256,120.695,0.884
115.907,220.865,0.929,112.093,183.185,0.904,196.786,143.846,0.942,241.593,129.914,0.962,291.591,116.377,0.876,292.869,118.515,0.927
115.731,218.884,0.938,117.283,187.086,0.939,194.253,145.269,0.931,242.426,127.664,0.940,288.200,113.712,0.909,291.057,122.373,0.904
122.678,217.456,0.931,115.736,190.816,0.920,192.951,142.830,0.894,239.375,123.591,0.905,288.728,114.286,0.895,294.407,125.510,0.920
125.948,215.251,0.895,115.970,192.784,0.921,189.367,143.553,0.905,233.714,129.723,0.949,290.561,109.221,0.908,294.919,126.292,0.888
127.521,214.900,0.969,117.929,194.471,0.958,190.026,145.448,0.873,231.112,125.143,0.985,287.254,111.738,0.922,294.082,120.822,0.955
133.547,212.014,0.912,118.211,195.344,0.914,183.643,139.883,0.913,231.956,121.308,0.946,286.881,110.998,0.960,299.951,121.297,0.903
128.936,209.049,0.882,123.865,195.806,0.948,180.298,143.163,0.915,232.876,126.423,0.903,283.243,108.850,0.914,300.827,120.915,0.942
128.175,211.383,0.883,126.084,193.502,0.941,179.610,143.709,0.959,225.581,122.887,0.873,278.696,109.060,0.943,305.729,122.258,0.891
135.133,205.759,0.912,127.124,198.835,0.894,180.604,143.081,0.899,226.005,122.472,0.943,281.952,110.948,0.952,304.302,118.436,0.885
135.170,205.546,0.930,128.636,196.693,0.892,170.704,141.810,0.921,226.958,121.948,0.921,280.554,104.080,0.925,303.033,123.010,0.901
130.623,199.637,0.937,128.997,199.418,0.908,175.941,141.237,0.957,220.501,122.279,0.918,278.297,105.023,0.903,308.277,125.757,0.904
131.899,199.545,0.910,129.875,201.823,0.900,170.812,146.204,0.899,223.011,125.806,0.956,274.109,104.329,0.916,311.714,122.444,0.864
130.536,196.974,0.933,134.176,201.083,0.910,168.271,141.845,0.875,213.185,122.821,0.928,274.895,106.729,0.899,313.430,119.329,0.966
131.774,194.411,0.950,142.070,200.687,0.963,165.106,144.087,0.959,215.800,122.940,0.887,272.626,106.595,0.963,309.850,118.723,0.866
128.883,194.149,0.936,138.907,197.028,0.915,165.403,145.827,0.928,212.192,122.441,0.909,271.021,102.304,0.922,314.745,120.494,0.930
129.660,193.913,0.937,142.715,203.997,0.934,164.782,144.742,0.900,214.228,123.340,0.909,268.222,103.474,0.909,313.330,122.218,0.891
128.366,190.523,0.870,146.690,203.240,0.940,162.836,147.019,0.927,211.866,127.162,0.959,270.677,99.623,0.914,315.312,121.383,0.909
128.379,191.612,0.876,151.291,200.664,0.894,161.592,148.990,0.910,207.639,127.725,0.920,268.621,98.779,0.937,320.166,115.426,0.100
121.357,187.598,0.883,152.750,201.621,0.908,157.833,148.897,0.951,204.432,124.533,0.879,265.316,103.166,0.919,315.244,118.580,0.100
121.280,185.211,0.906,153.891,199.727,0.886,152.611,151.915,0.954,202.426,126.978,0.918,262.730,100.746,0.945,325.908,118.369,0.100
119.172,186.184,0.929,159.603,197.652,0.960,156.559,151.710,0.905,203.423,127.320,0.919,258.500,102.140,0.941,327.784,117.645,0.100
114.763,182.694,0.912,159.401,199.130,0.903,152.415,152.205,0.883,200.021,127.529,0.872,252.913,103.330,0.909,325.653,116.532,0.100
114.582,180.547,0.924,159.211,195.650,0.903,152.184,152.848,0.911,198.432,128.267,0.930,257.067,103.535,0.994,327.095,115.220,0.100
109.178,183.598,0.930,160.089,198.313,0.923,153.770,158.241,0.916,197.615,130.165,0.939,253.296,103.854,0.948,324.716,112.699,0.100
105.467,179.748,0.890,162.715,197.573,0.919,154.941,159.691,0.953,199.898,131.780,0.961,255.651,105.436,0.916,330.188,112.011,0.100
106.288,181.025,0.968,167.784,188.779,0.914,150.836,157.305,0.861,196.944,130.649,0.924,253.611,103.646,0.959,328.166,113.718,0.100
97.348,179.227,0.985,172.061,193.240,0.907,151.845,161.297,0.963,192.369,135.829,0.955,248.768,102.383,0.946,329.701,107.489,0.100
98.165,183.483,0.951,171.492,186.374,0.903,151.493,164.649,0.885,190.639,135.013,0.982,244.066,106.646,0.921,328.151,111.044,0.100
91.262,180.346,0.950,169.517,188.686,0.931,152.155,167.009,0.921,193.980,138.543,0.947,244.896,106.145,0.919,332.091,107.351,0.100
90.986,185.242,0.886,171.790,185.745,0.922,150.086,167.330,0.873,192.054,141.732,0.923,242.070,106.849,0.890,331.073,104.555,0.100
88.615,184.697,0.895,166.307,184.898,0.914,153.766,170.749,0.933,193.732,134.826,0.928,244.236,107.279,0.928,332.603,107.110,0.100
86.249,183.407,0.945,169.781,182.275,0.957,153.350,166.432,0.924,191.126,142.335,0.968,240.001,110.445,0.930,331.492,104.996,0.100
84.791,184.430,0.959,175.082,182.707,0.912,154.657,169.285,0.933,189.886,144.226,0.929,236.596,109.891,0.954,334.404,100.326,0.100
78.324,187.835,0.941,174.831,180.098,0.906,155.237,169.921,0.880,190.421,146.044,0.946,237.471,112.844,0.946,336.734,106.315,0.100
75.175,191.402,0.965,169.997,180.465,0.924,156.071,171.582,0.893,194.134,145.399,0.888,235.605,112.251,0.947,332.456,100.000,0.100
76.371,193.127,0.909,171.560,177.395,0.928,161.469,179.962,0.908,194.639,142.886,0.894,231.120,113.673,1.000,331.950,96.676,0.919
75.161,198.572,0.967,174.885,174.445,0.972,160.996,178.206,0.943,190.999,150.114,0.949,232.775,113.953,0.934,332.581,98.069,0.951
73.216,200.255,0.902,169.297,171.247,0.911,162.063,178.951,0.949,192.338,149.899,0.908,232.145,109.677,0.934,329.719,96.649,0.948
77.540,197.159,0.889,167.886,172.185,0.883,164.842,180.045,0.953,195.347,150.096,0.915,232.180,119.642,0.916,330.418,96.955,0.921
72.306,199.944,0.945,167.684,169.429,0.890,167.281,182.200,0.885,192.992,153.261,0.948,232.465,116.810,0.988,331.455,94.461,0.907
69.317,199.197,0.920,162.331,166.894,0.949,172.684,176.782,0.924,201.171,150.468,0.951,233.834,118.550,0.930,326.078,92.729,0.946
70.600,202.465,0.900,158.058,165.399,0.879,167.036,179.117,0.903,197.016,153.718,0.960,229.067,119.402,0.910,326.216,88.450,0.957
73.455,203.379,0.890,156.220,162.409,0.943,172.482,182.585,0.902,198.259,152.569,0.917,229.901,123.063,0.933,327.623,92.975,0.915
73.127,208.508,0.948,157.998,166.977,0.911,180.216,180.410,0.943,202.924,156.497,0.946,229.758,122.485,0.905,327.534,88.463,0.945
76.800,209.752,0.905,152.906,165.496,0.899,177.559,178.332,0.941,202.995,157.213,0.899,227.686,122.976,0.950,326.877,89.651,0.898
77.623,213.943,0.935,150.722,164.828,0.915,184.270,181.402,0.870,204.550,156.764,0.967,232.701,125.936,0.933,321.142,87.396,0.966
79.382,214.407,0.917,152.293,161.240,0.948,184.701,177.628,0.971,206.899,156.542,0.911,230.332,125.354,0.899,326.061,90.287,0.948
81.230,213.199,0.891,146.839,160.278,0.934,183.240,179.512,0.962,211.248,162.830,0.865,235.675,128.380,0.917,319.795,82.866,0.916
83.353,216.473,0.929,143.654,159.641,0.905,188.614,183.320,0.946,211.513,160.352,0.945,232.026,130.329,0.932,316.390,85.047,0.865
83.908,214.830,0.920,143.584,159.348,0.942,192.063,180.512,0.916,213.564,161.052,0.932,235.368,134.216,0.918,317.911,87.264,0.904
89.895,219.521,0.906,141.535,161.089,0.890,194.269,179.820,0.910,214.722,164.190,0.917,234.714,132.942,0.924,318.105,79.645,0.864
91.812,220.203,0.940,133.682,160.151,0.948,195.619,180.056,0.935,217.638,160.553,0.877,237.827,132.051,0.929,315.503,80.079,0.908
91.081,218.246,0.906,137.223,165.234,0.937,197.355,178.599,0.906,219.631,162.149,0.899,238.585,136.896,0.927,311.120,83.115,0.922
96.391,222.288,0.944,130.180,166.444,0.966,199.597,182.224,0.897,221.911,164.480,0.878,242.226,136.744,0.920,313.120,85.038,0.919
100.671,222.669,0.929,129.192,164.847,0.933,198.375,177.917,0.926,222.139,164.548,0.966,241.131,133.017,0.877,314.066,83.719,0.904
104.613,225.350,0.887,126.870,162.437,0.912,202.883,175.224,0.939,225.506,167.133,0.951,242.935,137.285,0.914,307.417,80.862,0.930
105.794,220.278,0.959,124.164,165.994,0.919,202.339,174.315,0.961,232.562,163.316,0.874,239.559,137.566,0.959,310.835,80.974,0.908
109.658,222.245,0.921,122.798,168.171,0.912,206.055,173.319,0.892,229.211,159.060,0.932,245.289,136.857,0.922,300.329,82.294,0.910
107.053,220.833,0.935,118.189,166.805,0.942,204.403,170.211,0.889,232.480,160.874,0.982,241.773,139.493,0.887,300.736,81.378,0.898
113.368,223.658,0.971,115.998,168.903,0.948,206.730,173.635,0.948,233.654,160.766,0.946,248.628,140.639,0.976,306.039,85.607,0.940
116.673,221.436,0.910,116.190,175.155,0.922,211.929,167.560,0.939,233.588,154.737,0.846,246.912,140.855,0.878,301.867,84.955,0.931
117.245,219.278,0.888,114.320,170.884,0.915,210.288,165.413,0.901,233.337,158.487,0.971,247.046,138.207,0.917,297.288,83.758,0.886
121.704,217.404,0.910,112.620,173.011,0.934,209.372,166.675,0.936,239.189,155.835,0.914,252.347,141.956,0.902,296.302,83.335,0.912
123.396,214.062,0.900,114.063,176.856,0.939,210.835,162.774,0.951,241.528,160.169,0.983,254.492,143.839,0.887,290.317,84.057,0.914
123.562,212.111,0.907,111.922,175.684,0.903,206.234,161.116,0.917,240.730,158.874,0.957,253.825,143.790,0.901,289.468,85.358,0.904
128.710,208.662,0.958,113.209,183.086,0.935,207.842,157.683,0.951,244.174,153.593,0.923,261.672,141.077,0.926,286.859,81.106,0.917
127.676,208.303,0.951,112.992,181.796,0.931,211.036,157.441,0.940,242.868,151.926,0.921,259.301,139.216,0.883,287.936,83.361,0.985
129.331,207.719,0.937,113.446,181.990,0.956,212.899,158.384,0.954,249.033,152.547,0.890,265.788,138.290,0.960,289.316,81.858,0.900
132.852,205.877,0.847,112.494,184.627,0.913,210.205,155.779,0.945,251.026,151.345,0.945,265.788,142.852,0.919,287.274,82.597,0.928
130.101,203.259,0.902,112.021,185.062,0.961,207.905,153.624,0.946,248.171,149.102,0.914,264.003,140.176,0.832,282.320,83.715,0.921
134.346,205.219,0.980,110.659,188.275,0.880,215.496,154.813,0.920,248.984,150.320,0.929,269.506,141.557,0.947,285.843,84.971,0.935
132.313,201.349,0.929,115.674,192.735,0.941,207.493,153.128,0.890,252.941,149.243,0.940,270.382,140.718,0.968,283.128,87.589,0.876
129.203,194.078,0.967,115.886,191.479,0.985,206.518,150.564,0.920,252.157,145.833,0.917,272.134,141.979,0.933,276.312,85.497,0.962
127.140,194.569,0.964,116.161,191.145,0.902,203.816,149.633,0.929,252.126,144.216,0.923,273.133,140.044,0.904,280.109,86.353,0.917
129.070,195.010,0.896,115.343,195.911,0.919,203.328,149.204,0.906,251.222,142.036,0.912,274.823,138.043,0.891,274.317,90.273,0.925
126.006,192.186,0.934,119.643,193.530,0.862,200.504,146.363,0.974,253.474,139.806,0.910,276.345,137.497,0.900,276.093,89.459,0.978
123.388,190.657,0.961,122.306,196.448,0.913,201.048,146.786,0.923,251.476,141.785,0.987,278.375,136.209,0.951,274.949,92.040,0.923
121.219,186.457,0.949,123.504,200.099,0.951,196.123,144.920,0.882,251.332,135.260,0.907,280.103,136.611,0.906,274.920,92.329,0.820
120.493,186.670,0.976,127.595,197.995,0.931,196.030,139.422,0.938,252.955,141.974,0.912,278.882,134.805,0.956,272.723,92.362,0.940
118.127,190.971,0.880,127.652,197.799,0.931,194.120,147.200,0.881,253.255,136.499,0.890,282.173,134.809,0.901,275.129,96.886,0.936
116.757,183.714,0.926,131.120,203.476,0.920,192.396,141.076,0.907,250.655,134.594,0.905,281.248,131.905,0.935,272.145,95.156,0.916
111.123,182.206,0.946,133.505,202.721,0.898,190.376,138.848,0.887,247.061,132.230,0.913,291.238,134.296,0.938,271.489,95.440,0.896
109.624,181.731,0.980,138.651,202.114,0.932,184.394,141.480,0.910,250.091,127.732,0.931,287.993,129.574,0.969,273.376,97.108,0.934
106.392,181.245,0.905,140.957,201.639,0.951,182.055,141.870,0.920,245.726,133.631,0.966,287.318,130.377,0.933,271.835,98.058,0.926
103.017,184.371,0.908,139.663,201.922,0.931,180.856,141.366,0.933,244.891,134.389,0.912,290.114,126.396,0.913,273.532,100.524,0.961
103.982,180.321,0.882,142.798,202.798,0.879,175.451,140.371,0.870,242.674,127.121,0.905,287.462,128.356,0.914,273.354,100.133,0.849
98.774,183.308,0.885,148.040,200.830,0.956,174.896,139.822,0.974,245.524,128.678,0.925,290.526,126.189,0.925,271.468,103.794,0.964
99.412,182.559,0.923,150.478,198.124,0.897,172.542,143.280,0.100,241.353,125.609,0.913,290.330,126.448,0.920,270.207,100.807,0.922
93.657,181.165,0.965,152.138,201.552,0.933,173.658,146.412,0.100,236.924,125.531,0.908,290.106,122.854,0.979,270.917,106.984,0.926
89.873,181.047,0.893,155.423,199.801,0.895,170.707,139.839,0.100,238.352,123.904,0.951,289.714,120.699,0.925,273.037,106.024,1.000
88.834,182.697,0.991,161.183,196.278,0.890,167.223,144.304,0.100,236.442,123.038,0.858,289.505,120.616,0.865,268.799,107.749,0.905
86.020,186.603,0.927,155.549,198.591,0.906,162.873,144.095,0.100,234.398,123.690,0.885,292.091,118.043,0.950,273.355,108.590,0.928
77.986,184.393,0.970,160.694,194.942,0.968,163.978,142.733,0.100,234.946,122.686,0.948,291.529,121.054,0.971,272.768,106.011,0.908
77.386,194.870,0.907,162.939,194.325,0.858,159.733,142.751,0.100,232.992,123.181,0.899,292.489,118.672,0.898,274.941,105.863,0.914
76.555,191.365,0.902,165.058,191.938,0.918,159.753,145.920,0.100,225.724,122.936,0.966,291.881,117.064,0.920,274.603,113.201,0.920
75.856,192.875,0.890,165.198,190.097,0.921,156.218,150.257,0.100,224.554,121.283,0.886,291.383,113.517,1.000,276.204,114.894,0.899
74.411,195.418,0.976,166.765,188.463,0.947,155.885,151.550,0.100,223.298,122.154,0.991,293.531,117.254,0.930,278.094,113.650,0.897
69.625,195.679,0.898,170.088,191.172,0.929,152.713,155.846,0.100,219.054,118.854,0.887,284.091,111.366,0.941,280.104,112.632,0.923
72.643,199.046,0.904,169.433,185.303,0.947,153.603,151.864,0.100,217.204,121.946,0.936,286.934,112.205,0.930,278.408,114.070,0.904
72.280,199.227,0.953,170.464,189.085,0.965,152.562,153.430,0.100,218.339,119.969,0.895,286.575,110.869,0.960,277.445,116.287,0.932
69.411,203.990,0.887,172.236,182.578,0.925,150.518,154.146,0.100,213.040,123.620,0.905,287.276,107.050,0.927,282.908,115.247,0.885
69.026,199.483,0.941,171.606,182.035,0.903,151.495,155.734,0.100,213.216,122.539,0.945,285.683,109.752,0.932,283.775,117.994,0.938
72.983,205.601,0.971,172.852,177.238,0.913,150.192,157.194,0.100,211.784,123.237,0.958,281.227,109.882,0.941,287.312,115.453,0.914
71.759,204.755,0.934,170.540,175.822,0.916,150.807,162.898,0.100,208.658,123.264,0.883,280.681,109.119,0.914,283.815,115.043,0.913
75.458,207.792,0.932,165.519,175.717,0.971,147.377,162.956,0.100,206.140,123.050,0.907,280.295,108.223,0.922,286.307,118.330,0.949
77.197,213.190,0.888,171.281,172.183,0.915,151.941,162.611,0.939,201.689,124.842,0.923,277.120,106.765,0.934,290.530,119.975,0.919
77.624,214.387,0.955,164.716,170.113,0.885,151.880,164.150,0.914,206.527,124.706,0.935,274.890,102.433,0.920,292.989,121.268,0.910
75.968,213.444,0.904,162.914,172.231,0.962,151.294,166.730,0.924,202.192,123.934,0.932,276.368,104.724,0.910,296.146,119.917,0.927
79.264,214.889,0.941,166.898,166.467,0.920,152.088,165.914,0.954,197.035,127.802,0.922,275.803,103.300,0.909,298.608,118.583,0.925
79.815,215.817,0.977,162.026,167.627,0.976,153.019,169.991,0.923,196.288,126.775,0.906,272.161,104.662,0.854,299.870,124.285,0.921
85.078,218.606,0.940,161.785,168.545,0.886,154.898,172.041,0.922,197.754,126.790,0.921,268.365,104.027,0.913,295.722,121.983,0.890
87.103,218.860,0.936,160.895,162.610,0.920,158.686,174.455,0.944,194.719,128.930,0.948,265.998,100.533,0.917,298.542,120.519,0.872
94.930,217.346,0.924,158.960,163.999,0.902,156.308,174.453,0.930,195.817,132.413,0.936,263.995,99.623,0.901,303.485,121.007,0.883
96.115,219.845,0.946,151.921,161.380,0.890,157.449,172.999,0.937,190.911,130.789,0.943,262.900,104.029,0.854,306.424,118.037,0.875
97.418,222.248,0.907,155.034,164.727,0.901,161.499,179.440,0.928,193.047,134.279,0.917,259.012,100.614,0.909,306.718,119.105,0.945
98.599,221.170,0.872,150.198,161.598,0.959,160.538,178.228,0.928,193.795,135.208,0.968,261.294,101.900,0.880,308.812,120.923,0.902
107.775,221.732,0.944,143.709,160.032,0.926,160.571,176.506,0.917,188.308,134.927,0.905,259.194,102.557,0.883,310.239,120.131,0.889
105.500,220.282,0.952,143.491,160.621,0.921,165.507,178.372,0.924,192.011,141.544,0.969,257.013,98.654,0.982,310.658,121.573,0.936
106.245,221.132,0.936,137.546,161.525,0.907,171.904,181.682,0.934,194.061,138.896,0.926,254.876,101.303,0.893,310.160,119.949,0.939
111.692,216.703,0.909,137.852,162.836,0.963,171.385,182.259,0.893,189.330,141.879,0.945,247.605,101.453,0.913,311.755,119.032,0.903
113.101,216.263,0.952,136.813,163.913,0.902,174.692,182.169,0.932,189.639,143.847,0.884,254.245,100.896,0.865,320.792,116.954,0.883
120.238,215.831,0.876,133.557,164.144,0.944,175.895,182.027,0.960,193.324,143.971,0.892,249.251,98.568,0.931,316.375,116.288,0.873
118.980,218.093,0.911,128.431,162.664,0.852,174.985,184.814,0.910,190.558,145.594,0.866,247.558,106.957,0.928,319.193,114.903,0.912
124.267,216.298,0.981,126.228,166.518,0.954,182.078,181.839,0.931,195.168,148.597,0.922,246.392,102.928,0.975,316.527,115.484,0.894
128.218,213.370,0.954,126.868,163.129,0.861,182.693,180.473,0.931,193.415,149.217,0.944,242.817,102.557,0.893,322.252,117.418,0.965
125.066,212.261,0.933,123.987,163.925,0.940,184.616,178.715,0.931,189.308,151.992,0.873,242.202,103.097,0.894,326.446,114.946,0.925
128.085,209.792,0.923,119.865,162.623,0.950,186.482,178.328,0.956,194.937,152.388,0.912,240.424,106.066,0.911,327.435,113.610,0.920
133.252,212.527,0.944,120.273,170.128,0.913,195.929,179.714,0.935,196.358,150.426,0.905,237.285,103.632,0.964,325.476,117.032,0.910
129.700,204.640,0.968,116.833,165.575,0.930,194.732,178.370,0.947,198.028,150.808,0.931,239.435,110.200,0.878,328.562,109.689,0.929
130.202,206.629,0.951,114.901,168.071,0.909,193.849,181.532,0.861,198.444,153.552,0.943,238.803,108.293,0.925,327.809,109.482,0.969
130.245,201.234,0.849,115.299,174.274,0.901,194.103,177.267,0.912,201.385,155.786,0.914,233.704,110.866,0.980,324.131,113.069,0.892
129.192,199.271,0.948,112.351,171.732,0.907,199.832,175.397,0.873,201.329,159.129,0.912,233.671,108.692,0.907,326.545,107.554,0.979
128.602,195.060,0.912,113.782,177.984,0.952,198.989,176.077,0.945,205.155,153.909,0.912,237.556,111.131,0.923,329.899,105.768,0.867
131.457,194.112,0.952,112.166,175.119,0.936,203.574,177.068,0.880,202.397,158.155,0.914,235.592,112.191,0.921,325.227,105.628,0.948
130.709,194.094,0.935,113.440,177.873,0.882,204.498,172.200,0.918,205.571,159.538,0.941,231.636,114.157,0.898,331.015,105.794,0.865
124.988,188.549,0.934,108.582,178.604,0.933,206.501,173.048,0.941,209.261,159.817,0.923,231.061,118.082,0.902,332.559,107.582,0.915
129.083,188.347,0.912,108.066,183.459,0.958,206.990,169.577,0.930,215.018,159.888,0.892,231.579,119.828,0.940,330.506,106.328,0.861
126.378,187.232,0.891,111.405,184.405,0.970,204.327,170.913,0.939,215.192,163.884,0.891,227.412,119.641,0.942,331.300,100.324,0.916
120.232,184.731,0.934,107.921,181.989,0.887,208.651,172.700,0.891,216.100,161.268,0.926,229.227,117.722,0.925,330.670,103.173,0.915
115.088,186.218,0.954,114.871,186.523,0.825,209.555,165.865,0.906,218.778,158.518,0.927,230.873,121.994,0.876,330.572,98.804,0.928
113.710,185.019,0.892,113.512,189.978,0.929,211.700,164.030,0.919,218.441,162.269,0.918,229.748,120.466,0.913,330.500,98.328,0.921
112.539,182.241,0.907,113.226,192.813,0.909,207.321,163.873,0.890,223.059,161.691,0.940,229.439,119.163,0.865,329.613,95.233,0.905
109.517,182.906,0.964,117.552,192.292,0.915,209.529,158.049,0.954,224.456,160.401,0.921,227.831,123.618,0.931,329.398,93.120,0.939
110.393,182.591,0.914,115.119,195.154,0.902,210.655,155.491,0.890,226.185,160.828,0.887,233.232,126.738,0.892,330.456,92.017,0.849
101.287,180.554,0.889,120.707,193.267,0.916,210.813,157.026,0.951,229.566,160.343,0.928,232.537,129.515,0.950,330.654,91.315,0.949
100.467,177.891,0.905,123.730,194.041,0.912,208.803,155.634,0.925,231.369,158.979,0.938,233.769,135.380,0.904,325.705,89.953,0.925
97.163,184.536,0.928,124.331,193.557,0.917,207.981,154.072,0.939,228.683,162.352,0.905,233.112,130.904,0.881,324.725,93.143,0.965
96.079,178.960,0.967,126.219,199.658,0.954,204.888,154.370,0.898,234.596,160.698,0.913,235.205,132.192,0.858,326.043,92.787,0.939
90.923,183.697,0.880,129.928,196.753,0.886,209.699,149.948,0.924,236.840,157.435,0.922,235.178,132.575,0.884,323.505,88.978,0.922
87.887,186.873,0.996,130.253,199.105,0.850,207.620,151.721,0.953,238.505,155.589,0.974,235.075,132.928,0.916,325.716,92.354,0.932
85.600,184.781,0.914,132.815,200.008,0.922,202.241,148.399,0.944,237.189,155.957,0.922,235.959,132.131,0.920,321.684,88.813,0.930
82.068,187.963,0.914,138.436,202.293,0.897,205.482,151.425,0.894,241.371,153.088,0.929,237.428,134.645,0.904,319.452,85.437,0.907
81.642,185.082,0.896,140.887,202.241,0.954,200.665,145.650,0.929,243.005,156.306,0.914,242.846,135.059,0.952,318.908,88.514,0.913
79.411,187.563,0.918,142.428,204.531,0.911,204.178,145.847,0.901,241.760,153.479,0.876,242.493,138.376,0.908,321.443,86.569,0.929
74.580,191.912,0.928,144.263,202.200,0.878,199.679,144.822,0.935,247.108,150.836,0.875,247.147,137.061,0.928,315.290,82.213,0.953
76.304,189.346,0.941,148.288,199.224,0.944,196.255,142.443,0.936,245.760,152.957,0.865,244.353,134.183,0.927,313.510,84.045,0.871
73.820,190.477,0.906,150.846,199.454,0.953,197.360,144.417,0.834,246.705,148.838,0.854,247.637,139.085,0.947,315.372,85.149,0.889
71.792,194.398,0.902,148.064,197.347,0.928,191.538,141.210,0.905,249.625,149.154,0.979,253.704,137.742,0.936,314.828,83.209,0.930
73.158,197.027,0.928,153.451,199.896,0.911,193.150,142.322,0.939,252.274,145.360,0.985,251.950,142.795,0.909,309.953,82.412,0.928
73.269,198.826,0.913,158.706,197.626,0.909,187.687,138.460,0.944,252.593,147.072,0.950,252.768,142.277,0.912,310.077,75.866,0.914
68.991,199.283,0.848,157.014,193.808,0.941,186.035,141.471,0.937,248.434,143.322,0.944,252.039,136.716,0.925,306.275,81.239,0.934
69.955,204.243,0.882,160.478,197.938,0.966,181.352,143.205,0.953,250.948,143.176,0.965,257.512,138.531,0.930,302.663,80.072,0.918
71.369,204.572,0.916,165.617,192.238,0.946,178.243,136.268,0.916,247.753,137.032,0.974,256.527,139.290,0.890,303.751,79.900,0.959
75.280,203.876,0.907,163.950,192.787,0.987,177.529,141.524,0.945,251.341,138.762,0.914,260.408,142.699,0.971,303.378,81.153,0.938
73.869,207.775,0.867,170.469,191.572,0.974,175.754,140.780,0.935,253.126,138.156,0.916,261.072,143.220,0.930,302.068,79.898,0.900
74.956,211.049,0.974,166.397,189.332,0.859,174.863,139.555,0.917,248.594,137.740,0.939,266.766,139.264,0.912,297.469,76.448,0.934
80.191,213.245,0.948,171.703,188.705,0.865,170.048,139.147,0.893,249.998,130.239,0.930,270.396,139.132,0.962,296.097,78.734,0.900
77.672,216.394,0.946,167.154,185.739,0.950,173.118,144.924,0.926,248.107,136.274,0.909,266.410,140.707,0.890,295.982,82.590,0.948
82.313,213.542,0.900,169.430,186.411,0.947,163.687,143.844,0.915,245.960,133.153,0.942,272.888,137.409,0.887,293.376,78.209,0.924
81.432,214.286,0.951,170.232,181.498,0.923,164.044,146.497,0.918,245.456,136.381,0.924,275.036,136.860,0.906,290.064,80.975,0.938
85.601,218.498,0.914,170.119,180.636,0.919,164.012,141.407,0.926,247.616,131.550,0.934,276.496,138.961,0.930,291.833,80.747,0.878
90.023,215.834,0.931,170.083,178.345,0.875,161.072,148.876,0.905,242.335,129.672,0.985,278.104,135.536,0.928,289.457,83.725,0.926
89.680,219.112,0.914,169.282,175.659,0.926,159.249,150.084,0.871,243.598,127.983,0.910,278.647,135.051,0.947,287.925,80.379,0.907
92.818,219.358,0.952,167.704,172.949,0.893,154.432,144.400,0.920,238.009,124.185,0.941,278.449,134.293,0.926,286.902,82.274,0.891
96.961,222.254,0.940,166.942,173.934,0.941,156.944,147.062,0.942,243.579,124.428,0.935,279.154,136.251,0.927,284.694,82.935,0.906
103.348,221.416,0.924,165.699,170.366,0.936,157.167,149.806,0.941,237.806,125.135,0.937,285.491,135.826,0.919,283.635,84.694,0.879
100.171,221.778,0.926,165.776,167.924,0.934,155.307,147.096,0.940,236.688,124.602,0.958,285.282,134.190,0.943,278.688,88.760,0.922
105.375,218.172,0.912,163.238,167.916,0.907,152.177,155.046,0.925,234.054,126.380,0.941,282.646,136.400,0.906,276.501,86.354,0.890
111.567,216.031,0.910,160.275,164.057,0.914,150.262,154.830,0.898,231.058,121.959,0.897,286.612,131.809,0.886,282.008,86.703,0.960
108.113,219.304,0.931,161.051,160.735,0.923,152.787,154.993,0.931,231.423,118.066,0.887,288.559,126.204,0.910,279.312,88.273,0.951
119.074,218.445,0.903,161.311,162.357,0.903,150.016,159.065,0.897,228.103,121.110,0.943,289.152,131.128,0.910,273.855,91.673,0.914
118.241,220.388,0.894,157.272,159.092,0.974,150.016,155.919,0.916,223.595,119.151,0.919,290.997,129.511,0.913,275.200,87.923,0.928
124.351,214.671,0.938,151.313,159.777,0.873,152.242,158.621,0.901,226.192,122.470,0.900,289.385,124.575,0.908,277.189,92.324,0.904
120.655,210.722,0.914,149.205,164.248,0.928,151.598,164.065,0.912,225.005,120.391,0.943,287.500,124.877,0.896,276.686,94.752,0.866
126.170,211.419,0.924,148.428,161.893,0.958,152.293,160.425,0.931,217.172,114.071,0.919,290.761,120.839,0.899,270.306,95.596,0.845
124.911,212.365,0.864,146.643,157.675,0.888,150.287,166.970,0.928,218.481,122.882,0.897,288.858,121.792,0.909,270.209,92.922,0.866
128.197,207.751,0.917,145.429,158.655,0.947,149.943,165.024,0.961,214.830,116.760,0.948,287.660,122.905,0.898,270.418,92.756,0.992
127.261,204.831,0.937,142.529,157.118,0.916,150.582,170.864,0.954,214.435,122.220,0.943,289.641,123.077,0.868,266.973,99.457,0.905
128.272,203.835,0.858,135.379,161.045,0.919,149.944,168.087,0.881,212.561,118.218,0.992,289.534,117.691,0.960,270.888,96.592,0.908
126.588,203.950,0.975,133.107,164.097,0.919,159.396,168.550,0.936,207.932,120.103,0.902,289.346,116.789,0.942,269.960,96.975,0.893
124.505,197.706,0.956,133.991,158.708,0.942,153.998,171.485,0.887,207.202,127.809,0.976,288.479,115.718,0.883,272.208,99.793,0.909
129.887,195.628,0.909,129.780,162.233,0.940,156.855,175.245,0.935,204.969,122.654,0.951,288.142,112.470,0.972,271.595,100.779,0.895
134.222,197.240,0.975,126.778,164.506,0.887,164.553,174.971,0.911,206.451,129.194,0.893,286.349,111.778,0.941,268.350,103.979,0.941
128.086,197.810,0.928,124.071,164.261,0.965,160.768,176.952,0.917,200.305,121.429,0.944,288.343,114.813,0.924,266.545,102.566,0.903
126.561,191.562,0.889,122.180,164.428,0.936,161.476,176.631,0.926,200.161,123.705,0.926,287.893,115.479,0.881,270.661,102.480,0.953
127.076,192.643,0.910,118.884,164.670,0.886,169.021,180.741,0.916,196.818,125.891,0.948,285.360,110.222,0.913,271.626,107.498,0.930
123.035,186.389,0.935,117.329,168.097,0.866,168.152,175.107,0.881,198.575,127.541,0.945,282.170,110.697,0.919,273.795,105.241,0.937
121.359,185.504,0.937,119.790,169.199,0.893,170.225,177.922,0.889,197.374,126.687,0.918,285.394,109.335,0.906,273.439,106.324,0.925
117.631,182.032,0.894,116.785,164.509,0.885,173.199,181.501,0.913,194.399,129.091,0.929,279.575,103.308,0.884,273.591,109.502,0.931
115.846,184.928,0.883,111.032,167.607,0.899,173.203,181.292,0.886,194.397,129.632,0.877,277.367,106.388,0.957,273.948,111.787,0.920
117.214,181.394,0.891,112.830,173.589,0.920,178.121,180.507,0.896,195.427,132.748,0.918,281.685,103.697,0.913,274.801,110.539,0.929
110.545,182.970,0.987,110.710,174.346,0.857,180.177,179.280,0.916,194.224,131.942,0.867,277.518,106.065,0.906,277.779,113.242,0.924
109.710,182.843,0.961,111.743,176.367,0.898,183.903,181.176,0.907,189.355,134.370,0.942,275.689,101.927,0.914,273.225,110.774,0.917
105.522,180.099,0.916,107.802,180.297,0.904,187.916,174.449,0.882,193.838,135.001,0.909,274.361,100.129,0.937,282.003,112.218,0.949
101.409,182.031,0.914,112.024,178.931,0.914,185.309,180.396,0.932,191.682,137.575,0.916,271.252,102.889,0.904,281.713,112.989,0.867
100.621,177.623,0.898,110.859,183.549,0.920,193.314,177.914,0.927,188.999,138.000,0.942,270.061,102.639,0.933,281.713,114.275,0.908
98.506,183.472,0.947,108.977,183.205,0.905,188.611,178.872,0.948,191.881,139.974,0.916,268.170,101.380,0.883,285.007,116.292,0.937
91.294,178.738,0.880,110.831,188.547,0.932,191.576,178.702,0.914,193.428,143.985,0.884,267.920,98.914,0.935,283.607,113.695,0.962
91.392,180.260,0.953,112.523,184.713,0.896,192.239,174.888,0.910,189.421,143.192,0.934,262.077,99.742,0.928,287.572,113.762,0.975
89.324,180.577,0.937,110.290,190.157,0.950,197.394,179.885,0.882,188.235,145.466,0.941,265.206,98.853,0.938,287.877,118.477,0.893
84.329,182.774,0.909,115.546,190.110,0.936,200.537,173.565,0.938,192.878,146.456,0.919,261.664,100.259,0.887,289.416,120.546,0.944
82.137,181.979,0.912,114.528,189.961,0.963,199.644,171.716,0.940,188.338,146.638,0.964,256.727,98.603,0.877,290.181,118.126,0.892
79.855,186.659,0.927,115.835,189.925,0.861,202.108,173.663,0.888,193.735,152.566,0.968,257.053,101.221,0.975,289.332,117.109,0.898
78.020,187.016,0.918,116.015,201.338,0.867,201.081,167.765,0.889,189.656,149.686,1.000,251.120,100.643,0.941,294.901,121.059,0.948
73.369,194.157,0.981,123.460,194.754,0.963,209.186,169.047,0.907,195.894,149.924,0.923,249.838,98.377,0.881,297.935,118.566,0.957
72.871,191.036,0.928,122.368,196.900,0.883,205.396,166.927,0.946,196.303,150.137,0.929,252.346,99.445,0.956,297.183,117.337,0.951
73.293,192.675,1.000,124.478,197.463,0.915,205.866,167.784,0.909,204.457,154.000,0.886,251.526,99.614,0.861,298.787,119.607,0.864
69.811,196.139,0.867,128.285,200.281,0.916,208.397,167.007,0.916,197.262,155.387,0.912,249.557,99.375,0.891,299.228,117.672,0.887
70.331,194.314,0.868,130.412,198.508,0.878,210.766,163.828,0.915,200.188,151.654,0.952,243.668,101.055,0.928,301.449,120.394,0.934
69.856,196.328,0.925,134.800,200.805,0.923,209.695,163.198,0.924,201.593,155.754,0.915,240.993,103.376,0.901,306.624,121.170,0.917
68.266,199.174,0.913,132.678,198.908,0.914,212.479,163.606,0.981,202.813,156.304,0.943,244.580,101.726,0.899,307.564,117.110,0.912
70.244,196.851,0.923,138.694,199.104,0.920,210.691,160.477,0.908,209.168,154.923,0.950,245.839,100.155,0.934,308.125,116.806,0.896
73.073,204.835,0.913,141.534,196.733,0.930,206.500,156.639,0.951,205.694,160.996,0.986,239.008,106.542,0.945,307.359,114.669,0.876
69.673,203.991,0.901,145.794,198.425,0.930,209.025,154.984,0.904,211.474,161.336,0.908,237.755,109.749,0.907,311.864,121.740,0.950
71.142,210.784,0.928,145.425,198.670,0.887,204.278,157.851,0.876,212.308,160.255,0.920,239.479,108.428,0.935,314.961,118.035,0.939
73.466,206.884,0.986,149.029,201.240,0.951,207.287,155.560,0.946,211.920,160.081,0.917,237.991,107.152,0.905,314.005,114.668,0.949
73.071,211.567,0.971,149.302,197.960,0.941,203.271,151.462,0.873,216.423,158.167,0.966,234.301,109.693,0.871,315.287,117.434,0.937
76.246,207.410,0.924,153.814,197.868,0.881,204.421,148.655,0.900,218.905,159.185,0.896,236.055,110.436,0.895,316.910,117.359,0.899
76.692,209.489,0.901,157.594,200.571,0.917,209.267,147.231,0.919,221.571,157.865,0.934,233.404,112.067,0.921,318.142,111.793,0.936
78.354,217.445,0.919,159.972,192.442,0.923,205.694,147.915,0.945,221.767,161.703,0.947,229.174,109.819,0.899,320.690,117.138,0.927
85.379,218.435,0.841,161.825,195.824,0.921,201.064,145.466,0.972,225.928,158.594,0.945,232.098,115.135,0.910,319.942,114.197,0.913
89.170,216.258,0.936,166.367,190.527,0.889,197.844,144.622,0.938,226.556,159.313,0.961,232.150,114.755,0.996,324.503,112.689,0.872
93.889,220.037,0.914,163.706,190.483,0.959,201.704,141.868,0.913,229.631,158.335,0.926,226.027,116.810,0.874,324.986,108.626,0.917
93.115,219.956,0.857,168.214,192.270,0.930,196.290,140.977,0.956,230.783,157.134,0.948,231.562,113.270,0.905,326.561,109.259,0.887
98.438,223.601,0.944,167.234,192.796,0.921,192.111,139.343,0.953,234.146,156.031,0.853,229.626,117.608,0.903,327.427,107.992,0.894
99.062,218.155,0.899,166.949,185.642,0.907,190.528,139.846,0.898,233.081,154.537,0.920,228.882,123.344,0.955,329.479,108.660,0.924
101.306,219.203,0.903,171.907,184.760,0.939,193.121,142.195,0.922,237.729,154.847,0.902,228.903,124.510,0.914,328.345,110.155,0.934
107.156,220.396,0.950,170.721,182.091,0.914,185.161,138.566,0.962,241.145,154.885,0.989,230.419,120.143,0.958,324.030,107.973,0.904
108.384,218.718,0.930,171.408,176.305,0.955,181.564,141.876,0.875,241.166,152.774,0.881,229.060,123.906,0.911,330.613,105.687,0.929
113.124,222.712,0.932,168.062,183.372,0.943,181.368,140.732,0.874,242.290,155.466,0.931,229.590,125.586,0.874,326.921,101.066,0.919
115.178,219.265,0.948,167.174,178.351,0.963,179.149,141.411,0.920,243.050,151.742,0.895,229.261,125.429,0.952,327.142,103.138,0.963
115.263,215.378,0.897,167.045,178.664,0.884,175.007,136.287,0.884,246.519,152.043,0.956,235.386,125.528,0.995,328.821,100.237,0.901
117.442,217.841,0.889,166.299,173.524,0.885,173.552,136.930,0.915,250.350,147.316,0.957,234.692,131.337,0.919,328.142,99.681,0.936
119.781,212.251,0.915,166.186,172.401,0.875,174.094,142.384,0.927,245.745,148.404,0.901,235.572,130.109,0.889,331.896,101.797,0.865
122.499,208.319,0.960,166.998,169.425,0.908,171.354,142.671,0.903,245.945,147.094,0.907,233.932,128.446,0.920,330.347,98.779,0.874
127.331,211.158,0.907,168.706,169.192,0.895,166.266,139.922,0.919,245.116,142.485,0.902,237.600,133.610,0.945,325.586,98.111,0.897
126.705,208.807,0.946,166.623,166.020,0.965,166.618,140.048,0.917,249.174,144.063,0.954,238.039,135.027,0.898,329.800,93.374,0.902
130.889,205.519,0.922,164.054,161.680,0.935,163.018,139.138,0.871,248.060,140.255,0.952,240.345,139.056,0.916,326.899,94.458,0.893
129.936,204.923,0.916,159.519,163.860,0.941,160.906,146.045,0.942,249.389,137.751,0.967,239.627,141.096,0.961,327.228,94.882,0.930
128.969,198.424,0.909,157.470,160.893,0.874,160.848,144.137,0.940,252.584,135.354,0.906,244.618,134.062,0.935,327.590,90.060,0.878
127.765,198.196,0.886,155.889,159.694,0.968,154.963,141.432,0.945,249.494,141.861,0.974,244.760,136.846,0.966,328.919,90.785,0.972
125.372,197.448,0.916,155.392,159.830,0.910,154.119,143.514,0.941,247.322,138.670,0.893,246.099,139.147,0.886,324.661,93.109,0.971
130.969,196.636,0.889,146.336,159.537,0.873,151.442,146.319,0.917,248.326,136.613,0.939,246.388,140.072,0.909,326.362,91.472,0.950
130.583,194.104,0.921,148.405,163.193,0.882,148.935,152.804,0.962,245.110,132.813,0.893,249.630,135.835,0.918,323.108,89.834,0.906
126.371,192.591,0.969,145.953,157.682,0.917,152.754,150.702,0.951,245.654,132.447,0.907,248.754,139.527,0.958,323.389,83.573,0.940
128.898,189.803,0.978,143.416,160.824,0.943,151.884,149.596,0.909,251.220,131.232,0.921,252.641,138.529,0.954,319.414,85.487,0.929
123.549,185.425,0.926,138.708,158.910,0.955,149.981,152.462,0.958,244.731,131.111,0.870,252.071,140.110,0.916,320.891,84.347,0.947
121.643,185.303,0.932,134.341,160.034,0.995,152.650,155.367,0.921,246.064,125.652,0.930,256.154,138.175,0.883,316.044,84.400,0.928
121.740,183.589,0.954,134.713,161.223,0.907,147.105,158.171,0.990,242.571,129.530,0.905,255.536,142.189,0.938,317.374,84.729,0.908
117.032,184.081,0.888,134.325,158.136,0.972,153.409,158.676,0.945,240.956,124.653,0.951,261.133,139.575,0.961,315.912,81.445,0.914
113.453,184.086,0.900,126.524,161.394,0.937,149.942,161.710,0.894,240.152,126.321,0.928,264.037,140.318,0.938,317.759,81.511,0.886
110.835,179.522,0.889,125.690,163.612,0.896,147.982,162.420,0.877,236.397,123.230,0.959,264.849,138.701,0.906,316.036,81.068,0.944
105.172,179.239,0.901,121.952,161.849,0.854,147.245,160.564,0.961,234.434,125.581,0.896,269.174,141.777,0.884,310.850,87.204,0.948
105.408,179.604,0.875,124.849,164.819,0.951,153.168,169.204,0.886,235.774,120.459,0.921,267.802,135.741,0.934,312.162,79.457,0.918
102.412,182.194,0.888,117.950,164.957,0.884,148.535,166.464,0.880,235.064,122.545,0.918,270.056,136.197,0.919,305.323,80.422,0.958
101.742,180.281,0.902,118.641,164.981,0.914,153.154,168.667,0.925,231.701,122.273,0.887,272.221,139.212,0.920,305.517,78.298,0.913
97.445,178.061,0.943,111.802,168.233,0.872,155.734,168.010,0.839,229.464,120.247,0.897,271.320,130.955,0.929,306.812,80.053,0.919
91.552,180.022,0.872,113.789,163.222,0.942,156.022,169.979,0.885,228.467,118.647,0.918,273.271,133.645,0.891,304.226,81.606,0.935
91.612,177.919,0.885,115.827,168.329,0.888,155.558,170.348,0.924,225.648,121.906,0.895,280.617,134.134,0.903,300.703,81.864,0.878
87.642,183.570,0.891,114.132,170.402,0.926,156.228,175.222,0.962,228.324,121.564,0.948,278.935,131.979,0.906,300.256,77.684,0.844
87.379,184.365,0.921,108.244,170.674,0.882,161.021,173.908,0.840,219.698,121.362,0.962,277.949,136.013,0.871,298.009,79.820,0.901
83.409,184.845,0.939,113.473,173.093,0.917,160.443,178.985,0.922,216.684,113.092,0.959,280.758,133.026,0.924,293.107,77.029,0.876
78.942,183.240,0.931,108.803,175.982,0.970,164.146,172.704,0.902,215.500,120.540,0.951,281.221,129.888,0.902,290.169,80.544,0.932
79.005,185.736,0.957,108.589,177.869,0.900,167.150,174.607,0.910,215.674,120.942,0.966,286.648,128.201,0.967,290.620,80.646,0.924
74.184,185.824,0.949,109.942,180.447,0.886,162.854,176.820,0.956,209.841,119.576,0.922,287.464,130.960,0.881,288.831,82.739,0.946
71.290,192.593,0.799,105.288,183.195,0.898,169.653,178.499,0.914,210.195,121.928,0.934,288.673,127.423,0.948,291.178,83.081,0.923
72.255,190.619,0.899,110.125,183.885,0.880,170.676,178.968,0.928,211.357,120.982,0.968,284.752,128.787,0.889,290.412,77.597,0.928
71.748,193.607,0.877,111.287,184.529,0.911,173.638,180.565,0.924,204.181,122.059,0.959,288.343,127.306,0.886,286.287,84.630,0.886
71.901,196.111,0.891,113.455,190.703,0.928,174.399,181.147,0.937,206.380,118.284,0.875,289.749,127.187,0.875,282.759,80.042,0.903
69.249,196.003,0.917,111.630,191.737,0.911,179.275,180.293,0.912,205.175,120.102,0.952,287.116,119.827,0.922,282.737,80.647,0.907
69.248,200.209,0.946,113.466,191.184,0.962,181.658,178.938,1.000,200.679,120.482,0.964,286.226,125.195,0.913,281.523,84.231,0.935
70.735,202.426,0.898,113.186,190.903,0.938,181.535,177.334,0.910,199.476,124.651,0.960,287.918,119.111,0.880,280.833,82.711,0.951
69.619,202.421,0.900,118.055,192.653,0.939,185.540,178.479,0.885,195.108,125.729,0.938,287.848,119.044,0.879,284.263,83.653,0.942
73.786,204.708,0.966,121.983,196.564,1.000,187.747,177.689,0.928,197.130,128.221,0.901,290.172,118.268,0.931,275.891,86.718,0.920
68.708,206.100,0.952,124.843,199.974,0.911,188.533,178.351,0.940,195.823,124.803,0.967,288.897,114.676,0.927,274.662,84.884,0.914
70.561,210.994,0.869,125.821,198.995,0.890,195.832,179.455,0.891,191.492,129.307,0.940,287.640,115.973,0.892,274.374,88.183,0.941
74.241,212.632,0.912,128.429,197.274,0.883,197.841,176.848,0.951,192.327,128.635,0.942,289.592,114.566,0.942,273.304,87.293,0.902
78.973,213.690,0.915,130.148,197.551,0.891,198.818,175.173,0.931,188.788,131.950,0.896,289.033,111.213,0.927,273.972,89.833,0.941
78.783,215.487,0.920,132.525,199.160,0.941,195.792,173.164,0.956,194.604,133.850,0.887,287.442,112.078,0.869,274.482,91.994,0.931
78.686,216.768,0.968,136.137,196.574,0.951,198.950,172.144,0.880,193.566,132.604,0.938,286.221,114.335,0.935,272.445,94.140,0.951
85.571,217.264,0.906,135.547,198.559,0.874,202.679,171.882,0.939,190.275,135.533,0.905,285.865,108.744,0.888,268.352,88.584,0.910
84.555,216.953,0.912,144.684,197.816,0.924,201.014,170.704,0.920,191.085,135.528,0.932,283.559,109.949,0.900,269.458,98.092,0.882
92.290,219.723,0.921,140.796,199.562,0.930,202.690,167.998,0.898,189.930,137.131,0.935,281.074,105.663,0.941,269.850,95.366,0.862
94.555,219.738,0.920,149.882,197.736,0.894,208.230,167.720,0.863,191.121,138.453,0.897,283.669,105.743,0.912,269.301,93.131,0.933
98.847,219.958,0.934,150.195,198.760,0.918,208.275,165.743,0.905,191.695,140.244,0.898,284.901,107.439,0.896,267.686,94.952,0.918
101.468,221.105,0.885,153.344,198.023,0.892,206.425,166.044,0.913,190.866,141.243,0.899,273.880,105.380,0.896,268.246,100.745,0.878
104.275,217.833,0.927,153.731,195.239,0.921,201.681,164.943,0.910,190.910,140.129,0.977,277.270,104.305,0.905,271.716,93.429,0.886
106.606,215.142,0.921,156.732,197.267,0.903,208.842,158.101,0.935,189.963,143.201,0.910,275.359,101.959,0.891,269.729,100.517,0.902
107.578,218.187,0.941,156.870,195.015,0.911,206.469,159.377,0.885,190.727,149.071,0.932,274.392,100.553,0.865,270.823,101.511,0.906
110.915,218.487,0.896,158.405,193.572,0.903,207.764,158.866,0.906,192.781,145.210,0.911,270.880,100.480,0.916,271.417,104.234,0.912
113.932,216.578,0.906,159.815,187.142,0.961,208.505,154.412,0.912,193.824,147.128,0.944,271.146,102.211,0.908,267.280,104.827,0.961
116.922,216.830,0.891,165.923,191.316,0.915,211.937,154.136,0.931,195.322,150.750,0.889,269.683,99.821,0.938,269.892,108.072,0.846
117.880,213.217,0.900,166.733,191.654,0.988,207.433,153.774,0.927,194.255,150.006,0.910,266.555,94.504,0.869,271.400,105.174,0.946
119.703,213.440,0.928,165.519,188.549,0.909,208.886,153.643,0.952,199.715,149.118,0.940,264.268,97.302,0.915,266.654,108.937,0.978
125.969,210.255,0.922,166.673,185.427,0.934,207.484,149.977,0.917,197.733,150.925,0.956,264.966,99.017,0.881,273.452,107.414,0.984
122.486,208.625,0.949,169.376,184.275,0.941,208.608,149.655,0.905,199.043,154.305,0.892,259.281,96.840,0.922,273.633,109.985,0.874
128.402,206.094,0.894,167.317,184.291,0.927,204.223,148.306,0.905,201.234,157.498,0.919,259.800,98.580,0.873,273.774,110.637,0.968
131.428,207.919,0.903,167.109,180.489,0.989,201.741,145.323,0.859,202.101,159.364,0.889,254.492,97.740,0.938,276.110,109.856,0.946
126.124,206.335,0.879,168.873,177.618,0.919,199.745,141.663,0.921,204.669,153.588,0.936,253.774,101.350,0.904,280.314,114.925,0.970
131.419,199.765,0.882,171.588,178.052,0.902,201.318,145.150,0.936,207.876,157.253,0.878,252.408,100.496,0.909,279.701,113.197,0.888
128.562,193.849,0.933,169.084,172.582,0.898,197.812,146.637,0.915,207.121,163.669,0.908,252.509,97.911,0.905,280.803,114.546,0.873
131.547,193.659,0.898,170.470,174.293,0.870,196.374,142.843,0.919,207.169,162.869,0.916,249.083,99.638,0.909,279.505,116.517,0.880
126.989,195.398,0.920,165.769,171.762,0.925,193.362,142.390,0.950,215.125,158.650,0.909,249.386,99.617,0.889,284.368,116.328,0.989
129.880,193.970,0.878,167.471,169.069,0.941,191.070,142.991,0.960,215.736,156.859,0.916,246.154,102.879,0.928,285.492,119.408,0.997
124.778,189.854,0.962,164.426,169.063,0.919,186.933,135.105,0.952,219.744,159.643,0.904,247.530,101.567,0.934,287.699,116.067,0.975
122.099,187.766,0.883,163.035,169.489,0.917,181.267,142.833,0.884,221.440,157.540,0.833,242.746,103.207,0.937,287.875,117.297,0.900
126.533,187.560,0.910,160.104,163.834,0.919,181.922,137.921,0.979,218.399,155.750,0.950,242.567,102.213,0.888,289.040,116.746,0.972
119.340,187.098,0.930,163.191,163.017,0.933,182.765,141.373,0.953,223.631,157.797,0.907,240.533,107.561,0.896,291.542,118.809,0.882
116.233,183.388,0.919,153.825,164.080,0.951,181.144,141.055,0.910,222.217,161.006,0.915,235.199,105.496,0.960,292.880,115.012,0.892
116.393,181.431,0.915,154.610,166.710,0.895,175.656,138.892,0.921,230.478,157.343,0.943,235.955,101.852,0.905,294.304,116.955,0.943
113.050,182.202,0.925,149.252,161.047,0.955,172.159,138.487,0.921,227.544,157.269,0.867,235.306,108.300,0.900,296.222,118.796,0.858
113.251,181.494,0.925,148.717,161.131,0.886,173.908,138.724,0.904,233.518,154.628,0.953,239.115,103.823,0.894,296.367,118.766,0.900
106.196,180.253,0.917,149.072,163.117,0.932,170.388,141.700,0.916,235.667,158.587,0.892,232.110,108.058,0.947,294.627,119.096,0.935
104.010,176.903,0.958,143.494,157.477,0.926,166.254,140.209,0.889,236.845,154.929,0.913,231.223,109.499,0.940,298.776,118.824,0.890
103.351,180.974,0.881,141.968,155.274,0.884,162.438,139.256,0.899,238.169,156.974,0.879,232.721,111.002,0.871,304.955,118.479,0.915
97.183,178.461,0.938,136.050,158.493,0.903,162.627,140.749,0.946,239.819,152.263,0.952,230.715,108.758,0.935,304.653,116.719,0.900
97.544,177.089,0.917,138.026,157.741,0.988,159.918,141.032,0.889,244.015,148.391,0.919,227.283,114.800,0.975,310.548,115.766,0.939
94.513,179.397,0.836,134.514,156.053,0.948,161.673,146.733,0.849,242.392,151.671,0.928,228.822,109.431,0.950,307.376,119.752,0.912
93.290,177.945,0.964,133.349,154.968,0.949,157.418,145.055,0.927,240.716,151.738,0.907,230.182,117.682,0.936,309.886,113.937,0.900
90.577,181.389,0.924,126.794,159.114,0.961,157.186,145.217,0.924,246.648,149.687,0.910,225.143,115.440,0.946,311.371,117.678,0.941
82.120,183.110,0.938,127.809,161.502,0.886,151.290,147.562,0.944,240.908,146.980,0.921,227.056,116.639,0.918,314.651,115.270,0.933
79.490,181.619,0.903,124.008,158.362,0.908,151.109,149.854,0.936,248.894,144.967,0.954,226.301,121.459,0.895,314.383,113.422,0.955
76.643,188.895,0.902,119.749,162.602,0.935,151.798,150.249,0.877,248.268,141.440,0.947,228.290,122.479,0.956,316.831,113.687,0.921
76.205,184.738,0.944,118.099,164.645,0.943,150.286,155.455,0.938,247.064,141.636,0.981,225.795,122.588,0.925,316.490,110.074,0.917
73.999,188.178,0.885,119.769,162.312,0.904,147.083,149.792,0.950,246.331,138.339,0.921,230.301,124.265,0.964,315.602,115.121,0.885
72.096,187.386,0.971,116.608,164.505,0.877,148.993,156.054,0.884,249.488,139.718,0.939,230.326,124.099,0.981,320.902,110.421,0.971
68.796,191.339,0.917,112.411,169.237,0.895,148.474,153.418,0.927,247.993,140.787,0.931,231.290,124.443,0.863,320.057,113.965,0.873
72.558,190.678,0.908,108.690,168.120,0.915,152.716,160.969,0.896,245.795,136.751,0.888,232.590,125.098,0.916,324.089,111.589,0.934
66.168,194.952,0.916,111.321,168.360,0.927,149.925,158.607,0.932,247.740,135.759,0.918,230.740,127.679,0.931,323.854,109.577,0.888
67.555,199.636,0.969,111.838,172.349,0.921,148.456,161.008,0.867,247.915,132.125,0.873,235.560,126.802,0.905,325.930,109.026,0.867
70.056,195.866,0.860,107.260,173.832,0.991,149.574,162.339,0.934,245.362,133.903,0.935,232.907,132.414,0.936,326.487,105.726,0.988
69.863,197.732,0.885,112.905,177.004,0.897,151.378,165.662,0.933,246.943,130.300,0.929,235.218,129.662,0.907,326.244,108.939,0.885
68.674,201.017,0.971,114.035,176.332,0.912,149.212,167.540,0.904,247.442,132.679,0.961,235.478,132.442,0.928,326.712,103.739,0.931
71.794,204.881,0.953,109.600,180.431,0.892,150.063,168.559,0.920,243.688,128.844,0.920,236.884,134.589,0.908,326.752,102.454,0.886
70.344,208.187,0.912,106.828,179.297,0.930,151.746,170.806,0.874,243.923,129.044,0.949,234.554,131.007,0.879,327.161,107.227,0.898
76.383,208.942,0.867,108.553,186.946,0.883,151.792,170.517,0.922,242.412,123.654,0.923,242.637,136.697,0.882,327.811,100.760,0.916
76.215,212.099,0.961,106.910,183.705,0.899,150.641,170.943,0.899,241.286,124.385,0.929,243.066,135.830,0.907,324.558,101.921,0.967
74.586,211.458,0.920,110.549,181.923,0.905,158.962,172.368,0.899,239.605,123.479,0.933,245.574,133.467,0.914,327.628,98.413,0.941
80.009,211.717,0.966,111.907,187.427,0.949,158.140,174.729,0.895,238.999,125.202,0.952,244.830,137.822,0.937,327.175,101.131,0.906
80.284,214.980,0.913,111.104,188.041,0.934,157.192,171.187,0.858,235.993,122.445,0.957,249.523,138.762,0.927,324.990,96.672,0.959
84.115,213.440,0.927,110.989,192.204,0.897,164.289,178.944,0.930,234.953,123.389,0.915,250.187,137.214,0.938,325.299,95.566,0.881
88.579,215.798,0.907,116.043,191.784,0.857,165.411,177.142,0.938,233.245,120.435,0.903,248.975,139.017,0.943,328.086,92.753,0.913
87.402,216.958,0.926,117.938,192.510,0.938,168.269,176.344,0.947,230.579,121.103,0.932,253.486,137.245,0.897,330.365,90.097,0.940
94.885,215.344,0.925,123.021,194.534,0.947,170.156,174.338,0.927,228.044,118.519,0.963,255.863,138.229,0.932,328.495,94.716,0.865
94.632,220.392,0.858,122.909,197.268,0.927,170.040,177.553,0.936,224.686,119.469,0.900,259.799,140.178,0.902,323.287,90.621,0.946
100.478,219.386,0.925,127.114,196.280,0.959,173.318,177.530,0.902,227.469,123.811,0.915,257.108,139.639,0.907,320.099,90.757,0.910
102.300,214.931,0.888,125.279,195.892,0.901,175.204,178.989,0.917,222.328,119.502,0.946,261.084,140.975,0.929,326.315,88.157,0.858
103.403,219.426,0.920,131.497,198.890,0.919,177.789,177.941,0.921,215.454,121.322,0.924,263.711,136.569,0.926,325.891,88.649,0.872
104.810,216.598,0.921,135.280,195.952,0.934,182.210,178.110,0.941,215.468,115.392,0.920,265.941,134.484,0.925,320.942,84.349,0.936
108.000,215.695,0.933,136.771,195.820,0.875,179.578,179.021,0.933,216.851,115.884,0.930,268.454,138.072,0.906,318.296,87.269,0.913
113.830,215.712,0.881,139.430,195.844,0.901,185.342,176.091,0.929,213.315,119.308,0.908,266.481,136.117,0.921,318.078,84.480,0.953
113.683,213.723,0.988,140.867,199.742,0.953,187.088,177.317,0.944,209.123,119.002,0.906,273.477,138.040,0.927,316.381,88.568,0.911
117.298,215.805,0.934,145.662,196.461,0.887,190.269,174.336,0.958,209.399,118.466,0.960,271.160,136.888,0.921,314.295,83.221,0.915
120.004,209.993,0.918,147.931,195.236,0.899,190.253,173.497,0.938,208.694,121.357,0.958,272.963,136.766,0.956,316.550,83.564,0.976
121.180,207.326,0.913,147.350,198.403,0.869,194.756,177.794,0.910,200.464,116.905,0.907,274.298,134.667,0.908,315.697,80.665,0.939
123.268,206.530,0.905,151.411,197.126,0.926,193.092,173.559,0.940,205.952,117.565,0.980,278.859,133.117,0.914,313.304,83.788,0.972
126.791,206.592,0.921,154.363,193.885,0.924,195.945,171.888,0.946,201.228,118.495,0.874,280.951,130.351,1.000,312.436,82.631,0.927
128.929,199.877,0.900,156.910,194.970,0.932,203.051,168.832,0.866,198.588,124.178,0.986,280.080,130.691,0.861,310.839,83.430,0.918
128.427,199.979,0.908,158.203,193.362,0.905,202.682,172.586,0.892,201.509,119.973,0.909,281.327,130.742,0.923,312.287,78.930,0.924
129.264,197.710,0.913,160.476,192.286,0.918,201.443,167.555,0.936,196.519,123.321,0.934,284.340,131.435,0.917,309.703,77.873,0.905
129.196,193.601,0.952,162.218,188.506,0.964,203.224,168.242,0.915,197.552,123.610,0.890,283.428,130.445,0.902,306.218,76.084,0.882
127.075,195.400,0.934,163.076,190.423,0.914,205.607,168.910,0.939,194.524,123.378,0.904,284.178,125.402,0.940,302.309,77.415,0.909
127.821,193.043,0.936,165.679,186.786,0.978,206.360,164.549,0.938,192.854,126.186,0.880,286.033,125.648,0.882,301.804,78.384,0.917
123.245,192.507,0.930,162.480,182.869,0.944,205.787,164.075,0.934,190.049,127.950,0.896,288.299,124.706,0.901,299.306,77.499,0.889
125.652,189.617,0.885,164.929,182.878,0.910,206.698,162.266,0.923,192.028,131.284,0.945,284.106,127.376,0.937,301.078,78.194,0.895
123.199,185.893,0.822,168.223,180.277,0.883,209.353,162.395,0.902,191.454,136.901,0.921,287.324,125.034,0.926,299.806,78.555,0.929
124.808,184.436,0.937,166.186,181.093,0.953,207.895,158.230,0.921,188.806,133.422,0.959,287.250,120.839,0.950,294.498,77.920,0.892
116.630,186.432,0.871,165.323,177.445,0.886,207.493,158.995,0.875,188.349,135.667,0.957,290.077,122.663,0.942,292.821,78.473,0.909
115.975,181.178,0.913,168.306,175.341,0.927,208.668,158.175,0.901,189.914,137.069,0.895,289.301,118.499,0.969,293.245,71.120,0.915
120.222,183.349,0.940,168.176,172.956,0.928,204.699,157.132,0.924,186.742,135.311,0.893,286.349,116.797,0.904,285.560,77.743,0.928
114.489,181.102,0.881,166.768,174.732,0.918,206.769,149.635,0.941,187.218,138.256,0.933,286.641,116.976,0.952,287.661,76.745,0.921
112.977,178.572,0.926,163.925,169.926,0.908,206.936,150.854,0.937,188.576,136.551,0.897,287.925,112.387,0.907,284.495,79.440,0.962
105.691,179.173,0.950,160.404,169.106,0.913,206.528,152.997,0.944,190.145,144.310,0.910,287.399,113.282,0.960,284.987,80.335,0.918
101.317,176.779,0.922,162.951,165.543,0.906,205.094,147.029,0.883,190.593,142.854,0.864,287.675,108.840,0.937,282.928,81.185,0.856
102.078,180.261,0.920,163.390,165.940,0.854,204.343,146.463,0.963,189.211,144.733,0.850,282.788,111.107,0.978,281.140,80.202,0.974
98.287,174.665,0.944,160.413,164.752,0.930,205.024,147.884,0.957,190.287,148.462,0.971,281.341,107.198,0.901,281.936,84.469,0.944
95.908,177.703,0.899,158.457,164.371,0.887,200.967,144.198,0.955,189.622,148.435,0.923,282.815,106.827,0.924,277.831,83.545,0.915
94.801,176.638,0.903,159.495,163.486,0.883,200.871,142.476,0.941,189.912,151.091,0.902,283.565,108.218,0.936,275.281,82.444,0.927
90.373,179.666,0.939,152.165,156.974,0.939,198.634,144.240,0.908,191.698,151.290,0.895,280.307,103.127,0.920,279.383,88.671,0.879
82.627,178.583,0.942,150.713,158.987,0.935,194.822,142.037,0.917,195.198,149.532,0.913,284.216,103.306,0.987,277.154,85.305,0.924
81.893,179.492,0.894,148.689,157.859,0.922,191.808,141.015,0.955,194.498,151.136,0.915,279.270,104.564,0.854,273.732,88.269,0.917
75.856,182.547,0.921,145.927,159.201,0.946,183.907,139.636,0.923,197.563,155.656,0.952,278.119,106.234,0.970,270.986,90.504,0.891
78.912,181.473,0.901,140.864,158.790,0.906,191.242,139.290,0.944,200.314,153.457,0.937,276.884,103.795,0.933,269.530,85.631,0.952
74.657,187.101,0.945,136.944,158.558,0.927,185.875,138.887,0.887,199.143,156.525,0.904,275.856,101.134,0.889,269.158,88.414,0.912
71.059,185.570,0.927,141.483,154.143,0.957,182.896,137.006,0.938,205.183,158.299,0.950,273.867,98.795,0.969,271.932,89.617,0.918
72.599,187.712,0.996,134.854,158.629,0.919,180.737,137.603,0.905,204.941,153.300,0.901,270.155,101.999,0.895,269.703,92.716,0.869
68.233,189.297,0.865,130.061,157.447,0.926,178.091,142.711,0.910,205.222,155.615,0.970,271.364,101.204,0.943,270.918,92.484,0.954
71.324,187.674,0.902,129.785,157.778,0.931,175.589,138.053,0.920,208.074,157.934,0.935,269.236,99.047,0.938,269.714,95.959,0.880
69.919,192.915,0.913,129.593,160.226,0.929,174.374,137.493,0.964,211.158,153.959,0.940,268.154,100.293,0.942,269.741,94.760,0.898
72.452,192.192,0.902,124.771,157.672,0.872,170.569,138.316,0.959,216.311,153.978,0.906,266.031,98.120,0.916,266.257,94.575,0.957
66.303,199.110,0.910,121.844,158.847,0.970,168.075,137.632,0.892,214.947,162.340,0.917,262.715,98.458,0.939,265.884,95.267,0.941
69.871,194.868,0.947,120.984,157.525,0.939,171.755,139.043,0.914,218.977,158.261,0.921,256.903,98.567,0.921,267.998,100.370,0.939
67.541,199.829,0.837,113.186,166.746,0.896,160.693,141.380,0.930,216.904,158.079,0.882,257.101,97.760,0.958,266.720,99.424,0.938
66.837,204.605,0.908,115.857,162.467,0.929,165.007,142.569,0.896,223.996,155.575,0.953,257.863,99.069,0.934,270.078,100.788,0.985
74.077,209.222,0.968,111.913,165.903,0.881,159.733,143.151,1.000,221.350,159.305,0.940,254.279,99.856,0.899,269.694,105.045,0.900
69.652,209.381,0.904,112.123,165.508,0.903,155.782,141.207,0.919,222.205,159.677,0.877,251.719,96.922,0.924,264.377,103.967,0.937
76.776,209.030,0.849,109.005,165.517,0.933,150.525,141.064,0.888,228.603,155.195,0.886,252.441,103.113,0.925,270.777,101.882,0.900
74.730,210.323,0.915,109.882,170.574,0.933,152.661,147.165,0.990,234.308,152.955,0.973,248.425,98.546,0.901,266.759,105.416,0.940
79.100,213.666,0.895,106.657,169.618,0.884,150.286,147.933,0.928,230.194,153.826,0.923,246.715,98.821,0.928,272.380,106.026,0.917
79.227,214.557,0.904,110.667,170.607,0.981,155.733,149.484,0.949,235.272,154.884,0.942,246.215,97.880,0.917,269.722,106.966,0.931
81.158,211.903,0.948,106.124,173.069,0.895,152.541,149.195,0.908,232.960,154.069,0.962,242.411,96.204,0.959,273.202,108.796,0.971
83.691,219.258,0.901,110.184,175.387,0.862,144.798,146.853,0.996,236.177,152.977,0.884,242.971,100.798,0.893,276.706,107.514,0.907
87.578,218.418,0.928,108.735,176.033,0.874,149.975,150.643,0.839,241.581,154.873,0.919,242.883,98.000,0.921,272.760,108.825,0.838
91.928,218.399,0.933,103.991,181.167,0.935,148.284,150.326,0.908,239.359,154.801,0.922,238.110,104.205,0.941,275.960,110.803,0.953
97.330,217.579,0.947,106.559,180.105,0.966,149.595,153.522,0.878,242.655,148.454,0.917,236.998,100.301,0.100,278.729,114.542,0.917
96.065,216.778,0.896,112.914,184.754,0.904,145.241,152.305,0.864,241.234,148.187,0.950,236.360,100.918,0.100,275.200,114.868,0.896
100.835,219.094,0.916,110.856,184.579,0.969,145.649,159.902,0.945,246.495,149.641,0.957,236.149,105.524,0.100,278.873,114.797,0.929
103.331,216.684,0.917,110.026,189.142,0.932,146.367,157.482,0.894,243.896,150.228,0.853,234.039,107.571,0.100,283.386,111.041,0.986
106.724,216.748,0.892,113.530,193.722,0.941,151.378,161.634,0.971,243.496,145.613,0.960,234.792,103.738,0.100,284.599,116.610,0.929
107.768,217.274,0.899,113.133,189.461,0.914,152.175,163.468,0.974,244.730,143.084,0.938,232.607,109.819,0.100,289.367,117.625,0.859
109.840,216.292,0.898,113.152,192.656,0.911,149.192,162.469,0.935,246.260,140.554,0.894,230.765,105.039,0.100,288.110,117.968,0.862
114.287,214.734,0.910,118.068,190.978,0.903,149.957,167.492,0.891,245.807,136.416,0.960,231.909,115.017,0.100,290.295,116.211,0.914
117.590,213.238,0.908,125.243,196.182,0.954,148.910,172.627,0.921,250.508,141.850,0.882,229.021,110.527,0.100,290.535,117.269,0.936
124.675,208.810,0.989,121.695,191.158,0.891,150.853,164.878,0.904,245.320,138.779,0.934,227.533,112.471,0.100,289.905,117.721,0.907
124.828,205.020,0.905,124.111,194.302,0.876,153.517,168.086,0.932,251.013,135.632,0.900,227.822,117.026,0.100,292.884,117.789,0.937
122.721,212.391,0.876,124.466,195.617,0.916,155.698,173.385,0.887,245.639,134.373,0.905,224.071,116.779,0.100,294.547,117.797,0.976
122.357,205.431,0.923,129.446,198.579,0.929,158.915,174.106,0.948,245.045,136.167,0.899,227.043,116.842,0.100,292.363,119.234,0.873
122.643,201.097,0.931,134.255,199.008,0.920,160.476,172.330,0.902,250.144,130.794,0.928,226.977,118.096,0.100,300.534,118.214,0.954
128.751,202.958,0.905,135.394,198.151,0.932,163.292,170.746,0.886,246.331,128.279,0.930,227.135,119.620,0.100,297.871,114.469,0.860
129.753,198.628,0.963,137.573,194.084,0.941,163.981,175.436,0.918,246.227,128.367,0.957,230.416,118.273,0.100,301.379,119.799,0.876
131.654,198.584,0.952,142.701,196.299,0.942,166.933,177.559,0.943,247.531,128.815,0.908,226.705,122.189,0.100,303.526,116.827,0.870
126.800,196.022,0.850,142.753,193.942,0.938,169.618,175.951,0.888,240.680,127.964,0.936,227.678,121.932,0.100,305.425,115.393,0.933
127.603,191.159,0.962,149.031,193.751,0.939,172.759,177.339,0.929,239.772,121.632,0.906,231.768,127.261,0.906,311.559,114.137,0.868
125.316,189.375,0.896,148.462,197.331,0.972,169.453,175.231,0.885,243.887,125.099,0.920,228.369,125.286,0.936,307.241,116.770,0.913
127.716,186.911,0.897,150.768,192.429,0.884,177.099,177.930,0.913,239.959,123.902,0.942,229.868,127.252,0.869,308.127,116.610,0.919
125.288,188.988,0.885,153.048,192.244,0.840,173.617,176.489,0.964,234.999,121.079,0.918,229.530,126.388,0.867,312.944,116.369,0.918
120.161,183.545,0.925,155.548,192.767,0.903,181.062,178.688,0.927,237.950,124.954,0.862,232.668,129.990,0.918,311.136,112.901,0.954
120.062,184.133,0.927,156.565,193.896,0.908,183.549,178.354,0.903,233.923,119.713,0.863,233.474,129.350,0.948,317.457,113.663,0.911
115.495,184.162,0.888,156.241,192.480,0.886,185.079,174.564,0.935,232.233,120.972,0.938,234.854,129.340,0.951,315.607,114.336,0.908
115.266,181.091,0.921,158.159,190.468,0.934,188.574,179.711,0.911,230.905,116.412,0.911,239.512,133.963,0.915,316.733,114.739,0.888
109.569,179.590,0.914,167.529,187.475,0.948,188.179,173.026,0.927,229.693,121.958,0.914,239.479,131.047,0.901,319.540,109.484,0.931
109.985,180.371,0.879,164.456,186.054,0.913,191.587,176.738,0.979,228.240,116.148,0.967,241.101,137.165,0.912,319.683,112.329,0.918
109.036,178.614,0.914,166.962,189.816,0.879,190.776,173.563,0.934,223.124,119.336,0.916,240.985,134.158,0.923,324.811,110.843,0.922
106.136,174.350,0.961,165.027,186.278,0.938,198.906,170.578,0.878,221.248,121.443,0.922,244.929,128.793,0.919,321.163,109.351,0.897
98.018,178.794,0.966,166.119,184.313,0.912,196.862,172.429,0.928,218.192,112.746,0.941,243.534,135.401,0.911,325.744,103.165,0.901
97.453,175.092,0.936,171.081,177.569,0.888,197.447,169.683,0.918,218.630,120.402,0.988,246.237,138.975,0.911,324.211,107.175,0.934
91.534,179.805,0.919,167.891,178.615,0.868,202.714,167.954,0.907,214.800,112.801,0.864,249.802,136.702,0.897,329.812,106.158,0.951
93.277,179.044,0.920,169.192,181.003,0.921,203.592,163.868,0.919,212.435,115.835,0.845,249.304,139.109,0.910,321.846,104.851,0.889
88.865,177.307,0.900,166.909,173.772,0.944,200.782,163.913,0.917,210.222,119.027,0.934,252.418,135.857,0.970,324.630,102.379,0.954
82.839,180.911,0.933,168.368,172.282,0.878,201.479,165.965,0.905,210.722,116.409,0.914,254.226,136.030,0.923,326.041,103.678,0.941
80.474,177.647,0.916,167.539,170.377,0.889,207.042,162.787,0.926,208.017,117.340,0.976,255.449,136.471,0.934,328.187,99.013,0.905
80.776,184.290,0.939,165.021,168.083,0.935,204.616,164.690,0.900,200.414,119.639,0.878,257.837,134.884,0.917,326.114,96.588,0.874
73.810,179.084,0.936,159.719,163.648,0.912,204.172,162.038,0.884,200.212,121.483,0.955,254.077,137.888,0.923,326.344,95.937,0.916
75.115,184.334,0.877,163.346,161.946,0.882,208.145,158.498,0.855,198.169,119.463,0.897,258.396,140.225,0.940,328.847,96.976,0.940
73.715,185.754,0.907,157.796,166.851,0.884,204.162,157.324,0.901,202.145,122.553,0.901,265.411,135.606,0.938,327.325,95.557,0.964
69.952,183.745,0.894,155.363,162.390,0.927,205.891,155.167,0.917,196.210,117.139,0.962,263.297,132.818,0.899,327.368,98.043,0.939
69.305,192.558,0.927,155.965,157.592,0.927,205.780,154.955,0.921,196.410,121.512,0.872,266.739,136.987,0.938,324.940,92.586,0.923
68.882,191.608,0.935,157.012,159.299,0.880,202.202,152.624,0.928,195.244,121.961,0.916,269.640,137.707,0.877,324.853,93.984,0.949
69.035,190.105,0.939,148.802,158.941,0.935,206.508,153.329,0.943,192.229,123.235,0.878,269.831,136.240,0.934,325.145,90.910,0.934
64.881,194.947,0.953,143.880,159.429,0.938,203.982,149.715,0.843,192.628,127.378,0.937,272.082,136.206,0.967,326.272,90.405,0.944
66.080,198.121,0.915,147.312,157.090,0.965,204.471,151.724,0.917,190.978,128.058,0.890,275.985,129.134,0.945,323.622,91.276,0.950
68.961,200.586,0.918,142.790,159.664,0.955,202.166,148.509,0.954,189.133,129.255,0.887,273.876,131.692,0.890,325.599,85.499,0.914
62.618,202.870,0.927,138.762,156.020,0.903,202.115,147.544,0.998,187.997,127.019,0.894,279.786,131.250,0.914,324.495,88.707,0.917
70.604,200.259,0.929,133.558,156.133,0.931,197.845,145.020,0.862,190.397,130.227,0.920,276.350,134.803,0.885,322.947,85.643,0.890
72.434,204.952,0.915,133.877,157.735,0.986,195.815,142.835,0.939,185.860,133.425,0.916,280.376,129.317,0.950,320.739,84.443,0.931
74.969,210.706,0.904,135.230,156.290,0.928,195.439,143.904,0.924,184.989,134.271,0.904,281.763,129.204,0.927,319.456,86.756,0.932
68.156,210.061,0.951,132.056,157.396,0.905,195.409,142.428,0.836,186.395,138.062,0.856,280.457,127.462,0.893,317.097,84.902,0.900
73.924,210.192,0.860,130.384,157.528,0.852,190.480,138.545,0.905,184.444,136.405,0.937,284.078,128.605,0.971,319.201,81.083,0.892
75.758,212.718,0.877,123.619,153.324,0.912,192.924,137.316,0.940,186.487,139.511,0.931,283.410,123.811,0.950,316.511,80.640,0.911
82.387,211.747,0.901,119.727,157.687,0.941,187.728,138.499,0.911,188.522,140.133,0.942,286.102,126.501,0.885,318.480,78.277,0.903
83.443,213.849,0.930,121.835,162.429,0.904,187.924,135.998,0.904,188.419,143.514,0.866,283.545,123.905,0.933,314.020,76.255,0.888
86.946,215.381,0.909,116.904,157.287,0.945,183.578,136.360,0.935,190.623,144.742,0.927,287.672,122.131,0.921,311.139,80.837,0.879
89.289,215.429,0.974,113.467,161.634,0.915,181.869,138.574,0.980,189.029,145.026,0.926,287.075,120.142,0.952,310.050,81.036,0.929
87.795,218.955,0.928,118.076,168.816,0.868,176.698,134.692,0.942,190.803,146.462,0.880,284.069,119.620,0.893,308.549,77.679,0.944
94.775,215.764,0.917,111.911,167.037,0.928,174.877,139.478,0.896,192.511,146.191,0.893,288.125,119.672,0.935,305.871,78.089,0.929
92.705,219.175,0.905,108.106,167.693,0.841,174.641,134.129,0.957,196.528,151.202,0.905,284.241,114.214,0.909,302.420,77.789,0.927
101.071,218.498,0.963,111.829,169.449,0.912,173.708,137.588,0.929,193.291,147.497,0.926,286.091,117.490,0.903,300.663,79.870,0.917
103.682,219.011,0.917,107.543,169.056,0.921,170.980,137.922,0.930,194.020,155.258,0.976,285.897,112.572,0.908,299.240,74.357,0.945
105.943,213.414,0.873,109.094,172.545,0.920,167.204,139.403,0.863,197.811,150.278,0.922,288.904,114.147,0.939,299.446,77.352,0.932
109.703,215.384,0.913,106.914,174.936,0.912,165.945,136.723,0.938,195.587,148.115,0.960,281.915,111.898,0.904,296.649,78.633,0.916
113.444,215.577,0.929,107.178,176.715,0.892,162.103,139.472,0.923,198.945,152.824,0.886,282.389,108.806,0.959,297.562,78.859,0.974
113.075,215.065,0.925,106.352,179.385,0.922,159.277,140.487,0.912,199.491,153.447,0.940,283.015,104.953,0.863,290.062,77.732,0.958
117.787,211.482,0.925,109.994,178.687,0.930,161.618,139.448,0.910,202.152,156.692,0.928,281.471,107.765,0.909,294.057,73.329,0.918
122.193,207.199,0.918,108.804,183.019,0.933,156.448,139.924,0.938,206.789,155.098,0.920,282.307,104.699,0.852,289.372,77.597,0.959
122.039,211.842,0.869,108.459,184.786,0.899,156.762,145.765,0.894,209.962,152.934,0.898,280.255,109.069,0.907,290.379,76.514,0.875
123.410,207.237,0.930,113.050,182.006,0.949,156.369,141.684,0.877,207.952,155.664,0.916,281.580,104.909,0.936,285.838,75.624,0.886
124.336,205.920,0.926,114.071,189.129,0.914,148.851,147.839,0.898,209.735,157.674,0.874,277.944,105.141,0.927,285.683,81.973,0.870
122.885,205.218,0.914,109.997,192.811,0.950,150.108,147.044,0.919,214.243,156.701,1.000,278.430,102.125,0.890,281.840,78.690,0.836
129.142,199.663,0.887,111.229,190.513,0.907,153.702,147.727,0.934,216.742,158.505,0.900,270.579,104.992,0.971,282.741,80.427,0.980
125.942,202.586,0.956,116.282,191.700,0.910,148.277,148.464,0.880,220.390,156.655,0.906,276.038,97.742,0.964,282.994,79.640,0.918
127.002,194.979,0.907,116.926,191.085,0.938,146.991,153.500,0.890,222.397,157.557,0.940,271.823,98.084,0.943,279.806,79.177,0.917
126.152,197.003,0.900,118.806,195.750,0.957,148.482,152.665,0.911,223.032,155.179,0.937,271.387,98.063,0.935,278.859,80.573,0.940
125.537,191.814,0.943,120.361,195.173,0.910,146.255,154.094,0.918,223.197,158.541,0.904,269.823,99.006,0.950,276.429,83.607,0.975
124.246,190.389,0.905,127.787,192.502,0.894,143.969,157.098,0.955,226.779,159.105,0.894,268.828,97.003,0.922,276.928,84.499,0.887
122.883,186.349,0.922,130.265,194.395,0.884,147.028,158.010,0.939,229.905,155.990,0.963,268.260,102.321,0.913,275.738,82.129,0.901
124.721,186.309,0.921,130.297,196.535,0.952,146.108,159.103,0.872,236.724,156.756,0.923,264.670,98.467,0.879,273.837,85.936,0.931
123.869,187.086,0.929,131.866,198.246,0.903,146.108,156.478,0.900,230.066,151.742,0.943,263.212,95.901,0.100,271.219,81.582,0.930
119.637,181.617,0.989,135.731,196.954,0.887,149.405,159.802,0.935,232.803,154.029,0.910,259.180,94.986,0.100,271.069,85.849,0.878
114.612,182.595,0.911,137.919,199.663,0.901,147.561,161.761,0.841,238.323,156.767,0.948,258.648,98.422,0.100,263.010,89.639,0.902
114.341,180.743,0.953,140.949,199.623,0.888,150.033,167.805,0.934,241.107,147.649,0.882,254.653,96.037,0.100,268.866,91.015,0.907
116.272,176.912,0.915,140.260,196.893,0.946,152.863,165.034,0.977,240.298,148.202,0.928,253.539,100.290,0.100,272.729,92.916,0.896
109.649,176.642,0.860,143.888,195.950,0.918,153.476,169.521,0.946,244.572,148.471,0.946,251.270,98.023,0.100,268.962,93.568,0.908
105.692,178.034,0.934,147.705,193.656,0.881,150.794,174.341,0.924,242.981,149.738,0.898,249.603,100.894,0.100,265.829,95.080,0.884
101.403,175.236,0.886,150.775,195.112,0.865,155.660,172.488,0.931,244.325,147.407,0.886,247.055,94.563,0.100,262.094,92.675,0.943
100.991,174.131,0.930,155.705,190.584,0.975,158.840,175.695,0.888,243.649,141.332,0.950,247.474,96.322,0.100,268.045,94.546,0.908
96.308,179.897,0.900,155.311,190.541,0.853,160.825,176.679,0.895,241.314,144.979,0.943,246.247,101.690,0.100,268.950,98.648,0.851
96.209,172.742,0.901,157.191,192.116,0.966,157.334,173.864,0.920,247.767,146.405,0.972,244.905,103.491,0.100,265.305,96.394,0.921
92.704,176.887,0.858,161.618,191.733,0.939,163.018,170.563,0.923,247.660,141.347,0.924,241.703,99.226,0.100,266.271,100.070,0.967
88.517,175.849,0.924,161.584,186.544,0.885,168.284,172.333,0.889,246.333,139.477,0.955,239.805,104.413,0.100,267.687,99.099,0.976
84.699,178.403,0.937,162.623,185.850,0.934,164.731,177.216,0.958,248.296,138.103,0.929,236.534,100.144,0.100,264.634,102.180,0.943
82.819,182.767,0.916,161.835,182.989,0.881,178.865,177.432,0.894,252.146,134.954,0.935,235.051,101.396,0.100,264.642,106.441,0.965
79.731,180.688,0.952,167.379,182.343,0.919,174.192,174.746,0.930,248.629,134.605,0.857,237.164,103.402,0.100,268.986,104.114,0.910
76.183,182.322,0.877,163.362,183.727,0.907,176.497,179.390,0.915,250.055,133.115,0.915,233.229,106.111,0.100,264.418,103.198,0.902
77.081,184.864,0.946,165.925,178.821,0.971,178.025,176.196,0.943,246.918,129.214,0.943,228.760,98.744,0.100,271.446,102.894,0.929
72.251,184.937,0.964,166.037,178.914,0.894,177.443,178.884,0.850,245.310,132.240,0.932,235.453,104.487,0.887,270.579,105.296,0.909
69.648,189.576,0.912,163.141,175.061,0.906,181.255,173.902,0.940,245.104,126.635,0.937,229.371,106.809,0.954,270.403,106.995,0.905
65.927,189.855,0.958,166.471,170.686,0.888,185.659,175.460,0.921,245.897,132.191,0.926,226.224,108.056,0.904,269.958,106.219,0.860
67.719,191.794,0.956,164.684,174.782,0.912,184.442,175.028,0.925,242.576,128.071,0.911,230.492,107.237,0.928,271.466,106.183,0.977
64.260,189.628,0.930,166.509,168.593,0.876,185.539,175.058,0.884,241.057,125.935,0.876,226.486,108.934,0.872,278.849,114.385,0.884
68.353,196.327,0.925,164.008,168.245,0.930,192.996,173.080,0.975,239.729,126.242,0.864,226.640,112.987,0.923,278.206,107.583,0.934
65.042,194.939,0.929,164.646,168.247,0.901,189.262,172.315,0.886,242.810,122.173,0.911,228.316,113.857,0.922,273.286,112.189,0.894
64.980,197.439,0.895,163.310,164.575,0.902,194.561,169.252,0.893,237.830,121.426,0.889,228.023,115.871,0.925,284.646,111.138,0.889
62.764,199.869,0.930,159.510,166.025,0.895,199.806,172.050,0.990,236.560,119.862,0.949,229.673,116.848,0.914,284.137,116.370,0.903
68.649,205.199,0.909,159.387,164.034,0.922,198.852,169.161,0.873,236.878,120.779,0.946,227.049,121.578,0.863,279.691,118.451,0.967
68.608,205.987,0.941,155.056,160.780,0.955,201.243,167.599,0.901,232.239,119.885,0.957,225.185,120.010,0.954,278.939,115.264,0.910
72.030,208.101,0.882,155.390,160.406,0.884,202.098,171.294,0.898,231.017,120.353,0.891,227.947,120.100,0.950,283.564,115.823,0.899
70.476,208.937,0.960,153.485,158.273,0.878,204.571,166.320,0.901,230.705,119.410,0.938,226.726,117.562,0.900,285.104,116.514,0.927
76.346,212.401,0.834,151.765,159.393,0.934,205.284,164.571,0.913,228.749,119.497,0.900,228.610,122.542,0.889,287.046,117.488,0.901
77.989,211.397,0.926,149.457,156.036,0.933,205.634,160.914,0.883,229.829,114.681,0.872,230.497,126.707,0.923,288.345,117.280,0.941
82.223,214.332,0.886,147.527,161.842,0.842,207.103,165.012,0.938,220.557,117.715,0.938,230.352,124.917,0.881,292.088,114.897,0.912
80.659,215.044,0.927,141.726,161.979,0.968,207.149,160.572,0.972,221.383,114.531,0.976,229.604,122.367,0.884,295.390,118.017,0.970
86.617,215.814,0.903,141.724,160.793,0.889,205.849,162.675,0.890,219.696,114.183,0.960,231.536,128.496,0.932,294.116,118.902,0.950
85.649,216.446,0.909,135.555,153.690,0.923,205.920,158.305,0.856,214.021,117.155,0.959,233.594,125.975,0.942,297.037,114.661,0.960
90.517,217.048,0.926,132.641,156.777,0.937,207.444,153.892,0.895,214.793,119.019,0.873,234.470,128.852,0.906,299.108,114.801,0.922
92.928,218.062,0.914,132.410,156.977,0.870,207.060,156.029,0.923,209.950,120.571,0.879,234.916,133.620,0.980,301.673,116.372,0.921
99.306,216.315,0.921,128.443,159.252,0.886,205.051,154.072,0.902,208.095,116.550,0.884,234.999,130.952,0.950,302.892,119.200,0.904
100.528,213.481,0.937,127.526,157.991,0.880,204.851,151.029,0.871,209.848,115.162,0.883,235.856,130.112,0.887,304.617,113.641,0.868
106.668,215.494,0.941,125.705,162.221,0.924,200.984,148.756,0.913,211.995,119.530,0.973,241.932,132.056,0.949,308.313,115.582,0.941
106.572,215.831,0.946,121.745,159.069,0.932,202.816,148.224,0.899,198.254,118.010,0.933,240.067,133.489,0.904,308.331,116.324,0.908
109.055,215.464,0.940,115.733,161.536,0.919,202.541,147.828,0.914,200.504,117.916,0.924,240.303,134.281,0.932,310.986,111.753,0.933
111.355,214.020,0.901,113.983,162.490,0.952,202.268,145.739,0.949,203.825,118.474,0.928,243.062,134.074,0.918,309.639,112.464,0.894
114.660,213.954,0.886,111.825,163.140,0.942,200.252,144.444,0.954,196.725,121.763,0.922,244.757,133.321,0.907,314.495,114.707,0.948
115.111,210.287,0.930,113.272,160.864,0.884,199.071,142.572,0.868,197.413,123.985,0.922,246.223,138.062,0.936,316.397,110.886,0.915
116.625,209.404,0.923,112.576,167.036,0.939,193.027,141.651,0.906,196.614,118.330,0.872,247.023,134.751,0.905,316.285,114.057,0.870
119.662,209.147,0.938,112.942,166.336,0.909,192.423,143.387,0.894,194.174,122.490,0.963,248.461,135.973,0.908,316.649,111.351,0.920
121.709,207.454,0.939,107.827,166.549,0.929,190.208,138.366,0.929,194.162,122.672,0.934,252.755,132.136,0.919,319.018,110.058,0.935
122.824,205.116,0.842,106.407,172.686,0.911,190.256,138.008,0.870,193.448,123.475,0.910,256.320,137.388,0.941,323.255,106.322,0.922
129.335,203.698,0.956,108.825,172.360,0.907,189.737,138.451,0.918,189.357,127.556,0.944,256.080,137.960,0.917,316.526,107.991,0.918
125.415,199.181,0.928,108.329,178.813,0.933,187.665,140.031,0.929,188.265,129.143,0.922,258.499,133.497,0.882,320.344,104.927,0.935
125.667,196.714,0.951,103.804,176.046,0.918,182.814,135.338,0.944,189.257,130.957,0.945,261.955,133.485,0.908,321.131,105.911,0.947
128.931,193.857,0.901,106.858,177.621,0.887,181.373,135.322,0.927,186.635,133.284,0.925,262.633,137.153,0.946,321.952,102.489,0.924
128.046,198.350,0.966,106.844,179.399,0.907,183.212,133.435,0.944,187.902,134.203,0.841,264.951,135.501,0.918,325.770,104.635,0.900
124.287,194.506,0.882,104.753,184.459,0.919,178.052,136.499,0.941,187.638,133.587,0.937,268.260,139.100,0.908,326.071,104.974,0.917
126.633,189.072,0.931,108.957,179.667,0.903,171.689,140.149,0.915,185.284,134.922,0.991,270.289,132.536,0.964,324.508,100.698,0.916
125.818,188.954,0.917,109.064,182.677,0.911,172.241,140.114,0.913,183.802,134.779,0.963,271.608,132.587,0.936,322.399,101.694,0.953
120.694,187.506,0.889,108.406,181.216,0.934,167.372,139.448,0.901,185.918,136.448,0.941,268.708,132.660,0.888,327.385,101.061,0.946
120.364,182.236,0.903,111.733,187.600,0.931,169.459,133.392,0.941,185.606,141.070,0.931,273.517,132.540,0.939,323.578,99.050,0.911
120.082,183.323,0.955,112.067,187.096,0.941,164.818,140.591,0.900,189.606,138.019,0.884,272.381,131.574,0.906,325.377,95.763,0.912
118.238,183.537,0.943,118.951,189.977,0.923,164.054,136.463,0.941,188.233,142.568,0.904,275.772,128.920,0.951,322.479,96.726,0.951
112.493,178.009,0.900,116.971,192.745,0.895,159.451,139.915,0.920,187.387,144.548,0.928,278.196,132.231,0.893,324.401,92.274,0.910
113.734,181.311,0.918,114.117,191.182,0.925,159.206,141.845,0.891,191.229,145.908,0.900,275.684,130.649,0.956,324.561,90.976,0.893
109.626,178.220,0.956,124.571,193.192,0.872,157.766,142.118,0.963,188.696,146.032,0.891,279.155,131.384,0.882,324.660,90.919,0.927
103.764,176.803,0.957,122.281,193.244,0.938,154.059,140.528,0.956,192.472,144.303,0.904,282.072,126.126,0.931,321.356,91.824,0.944
102.068,173.387,0.857,126.614,195.543,0.901,153.043,145.386,0.968,192.819,147.368,0.950,285.022,129.107,0.898,322.319,89.712,0.927
103.112,179.613,0.889,129.782,194.467,0.883,152.039,147.923,0.849,198.125,152.805,0.909,284.390,124.916,0.933,325.772,91.620,0.923
97.082,174.784,0.863,132.243,199.739,0.923,150.791,147.256,0.932,192.841,154.570,0.943,283.100,121.282,0.906,320.278,89.918,1.000
89.370,173.790,0.918,138.659,194.927,0.854,149.196,149.027,0.935,193.017,151.375,0.946,288.248,117.968,0.907,322.764,86.749,0.935
87.558,175.089,0.963,137.139,195.838,0.912,149.084,144.553,0.948,197.979,152.988,0.876,288.195,117.831,0.991,319.042,82.775,0.952
90.023,178.406,0.916,138.130,196.575,0.946,148.025,152.189,0.910,200.903,154.830,0.946,284.980,117.666,0.900,322.735,86.350,0.898
83.953,172.953,0.909,142.881,194.943,0.912,146.979,148.429,0.905,208.539,154.105,0.928,286.865,115.622,0.907,320.842,83.425,0.933
81.593,181.282,0.931,144.985,194.918,0.957,146.993,152.885,0.977,206.565,155.091,0.993,286.011,120.092,0.912,321.174,79.810,0.898
76.279,174.926,0.921,149.803,197.255,0.912,147.885,150.934,0.885,206.861,154.552,0.952,286.630,114.213,0.954,317.947,82.841,0.917
79.244,180.851,0.902,149.872,191.932,0.934,145.816,157.913,0.923,210.235,153.457,0.924,285.544,113.851,0.924,318.116,80.688,0.915
73.706,181.623,0.898,151.088,191.698,0.967,149.424,158.503,0.912,209.770,155.911,0.895,282.918,114.226,0.907,317.779,76.151,0.893
70.744,187.841,0.900,155.164,197.175,0.918,151.139,162.225,0.915,212.703,155.053,0.886,283.155,111.781,0.868,312.318,82.914,0.905
69.987,188.162,0.962,152.039,191.672,0.880,146.994,160.378,0.942,213.702,158.415,0.959,284.086,111.690,0.939,312.185,80.584,0.839
74.821,188.142,0.871,164.084,187.449,0.969,153.260,161.948,0.943,221.148,154.483,0.924,283.146,109.266,0.882,311.087,76.963,0.931
67.726,191.217,0.939,160.601,189.082,0.934,145.639,166.178,0.925,219.679,155.049,0.915,285.079,110.142,0.997,307.338,78.143,0.902
67.594,191.026,0.970,160.733,183.272,0.925,149.912,166.457,0.922,222.359,156.122,0.942,287.177,107.922,0.926,302.473,75.547,0.899
63.481,196.537,0.917,162.525,182.154,0.909,150.534,164.418,0.925,222.971,154.294,0.959,282.075,106.899,0.922,303.516,78.585,0.898
64.916,196.577,0.896,165.349,183.871,0.980,154.092,169.323,0.888,225.652,156.044,0.922,284.417,103.026,0.912,303.156,73.037,0.929
62.608,199.433,0.942,163.749,180.319,0.939,154.605,167.680,0.875,225.844,153.151,0.971,281.009,102.499,0.997,303.456,77.048,0.906
68.728,200.637,0.893,168.022,181.278,0.902,155.752,172.810,0.883,230.360,152.856,0.903,277.041,99.492,0.951,301.304,74.014,0.934
66.258,204.015,0.964,166.487,177.710,0.982,159.583,171.483,0.915,232.376,154.640,0.873,279.342,101.594,0.890,296.603,74.355,0.914
67.840,204.622,0.882,168.557,177.129,0.927,162.660,171.181,0.912,236.679,154.741,0.942,274.442,101.723,0.922,299.233,75.553,0.917
70.406,206.332,0.939,165.583,175.887,0.918,164.703,169.246,0.899,234.544,153.076,0.942,277.425,98.001,0.897,294.498,72.983,0.918
72.585,211.537,0.936,170.065,172.030,0.881,162.401,174.287,0.981,234.416,155.542,0.934,271.329,98.454,0.961,292.073,78.512,0.886
77.949,209.449,0.915,164.468,170.766,0.988,166.519,177.461,0.911,241.197,149.607,0.975,269.932,97.973,0.917,293.272,73.428,0.921
76.088,214.082,0.917,161.804,167.684,0.900,168.284,177.268,0.933,240.549,148.635,0.951,270.021,98.233,0.935,292.484,76.963,0.904
80.586,211.170,0.896,162.748,168.565,0.878,171.105,177.563,0.911,239.442,148.571,0.944,265.267,101.202,0.948,288.693,76.514,0.896
79.672,212.453,0.911,160.114,165.385,0.960,176.523,176.815,0.894,242.779,149.142,0.940,265.337,96.582,0.881,286.951,76.264,0.924
81.903,215.377,0.857,159.062,164.055,0.863,175.067,176.944,0.936,240.765,142.848,0.924,267.717,97.226,0.954,283.964,80.731,0.866
85.388,213.818,0.898,159.084,162.989,0.920,176.732,174.581,0.863,246.117,144.245,0.915,263.953,95.217,0.922,280.524,79.993,0.948
89.723,215.155,0.940,157.145,164.106,0.911,179.770,174.073,0.923,245.333,139.478,0.942,259.775,93.920,0.931,284.597,77.574,0.942
93.451,210.654,0.922,151.785,160.825,0.979,180.666,175.743,0.954,245.695,141.160,0.948,256.106,97.049,0.942,277.220,81.444,0.877
98.175,214.842,0.945,150.942,162.551,0.926,186.176,177.027,0.953,249.826,136.372,0.928,259.100,95.076,0.901,283.823,80.658,0.859
101.033,214.791,0.980,151.317,154.722,0.880,192.271,173.377,0.899,247.723,142.220,0.966,251.427,95.914,0.904,276.871,81.095,0.954
101.158,219.889,0.930,145.220,161.216,0.948,187.273,170.966,0.873,243.544,137.446,0.948,250.075,96.530,0.907,271.993,83.615,0.923
105.903,215.450,0.924,144.142,154.901,0.870,190.445,170.584,0.927,249.804,134.992,1.000,251.444,94.498,0.914,273.197,80.080,0.937
110.397,214.103,0.946,142.849,155.192,0.905,197.540,168.385,0.942,240.578,131.935,0.901,245.756,97.219,0.879,273.265,80.179,0.989
108.354,213.536,0.953,140.492,154.905,0.872,196.340,171.462,0.946,244.793,131.120,0.920,244.882,99.806,0.875,271.317,84.984,0.969
112.304,210.152,0.936,138.806,154.312,0.879,198.654,170.060,0.894,240.959,129.952,0.946,243.188,99.823,0.909,267.959,81.823,0.880
113.543,211.448,0.880,135.209,154.771,0.852,200.559,168.237,0.941,243.403,130.232,0.933,242.698,96.800,0.931,270.247,85.441,0.921
119.515,210.304,0.905,130.268,153.888,0.919,200.199,168.686,0.877,246.096,131.802,0.830,242.530,97.901,0.958,267.428,89.250,0.912
120.221,209.456,0.931,126.120,153.820,0.942,202.608,167.954,0.924,240.205,127.355,0.898,238.566,98.345,0.861,268.947,88.495,0.902
120.229,204.531,0.908,124.627,157.281,0.940,204.051,162.833,0.917,240.415,129.066,0.926,237.901,104.113,0.964,267.383,91.506,0.942
124.409,205.064,0.932,125.660,157.154,0.904,206.755,165.149,0.903,239.044,126.687,0.916,234.663,100.446,0.948,266.615,92.134,0.882
123.795,201.295,0.897,119.658,158.904,0.873,205.874,160.687,0.868,239.418,123.649,0.971,232.399,100.064,0.925,267.026,92.375,0.931
127.287,201.844,0.928,118.548,159.859,0.919,205.669,159.734,0.950,238.686,123.901,0.917,229.885,102.484,0.917,266.166,91.693,1.000
125.407,198.630,0.918,117.876,162.900,0.883,205.182,155.283,0.900,231.257,120.676,0.944,229.720,105.243,0.971,267.549,98.015,0.937
126.616,193.440,0.934,114.571,160.205,0.965,203.812,154.807,0.943,235.803,119.404,0.881,232.959,105.247,0.940,264.851,96.401,0.952
123.006,195.483,0.933,113.283,161.067,0.946,206.428,157.982,0.920,234.165,124.879,0.951,228.642,107.487,0.880,265.957,94.631,0.908
126.192,188.534,0.958,110.985,160.082,0.897,202.722,156.895,0.894,228.330,116.493,0.884,229.172,103.784,0.894,269.922,97.311,0.901
123.709,189.703,0.918,108.712,165.076,0.927,204.827,146.113,0.929,230.729,114.851,0.939,228.308,106.556,0.906,265.821,97.693,0.869
119.951,189.304,0.909,106.406,167.405,0.893,203.956,148.412,0.951,223.367,118.620,0.901,224.662,111.825,0.919,266.130,97.739,0.916
118.280,185.814,0.948,104.996,173.384,0.859,202.246,150.888,0.910,224.837,117.565,0.894,222.339,110.554,0.918,267.962,100.291,0.915
118.238,182.143,0.903,106.374,171.170,0.956,203.989,148.578,0.948,224.172,119.050,0.895,222.781,112.535,0.939,267.029,102.221,0.954
119.769,181.561,0.946,104.764,174.386,0.922,199.047,145.631,0.929,220.097,116.962,0.967,226.630,108.210,0.907,270.389,105.245,0.850
111.737,180.040,0.946,102.428,177.938,0.898,195.889,142.455,0.904,220.924,115.185,0.952,224.354,115.564,0.870,271.148,107.296,0.886
115.880,181.448,0.944,107.975,179.103,0.924,202.117,140.410,0.935,216.236,115.487,0.976,227.515,117.127,0.945,268.455,102.559,0.889
110.540,179.788,0.939,105.124,179.543,0.909,198.065,143.183,0.945,213.491,115.220,0.919,227.066,117.820,0.937,269.448,108.014,0.947
108.551,175.144,0.982,107.139,183.738,0.985,198.651,142.559,0.929,211.667,116.398,0.923,226.881,119.276,0.902,271.840,108.185,0.926
106.653,178.573,0.906,104.607,182.628,0.915,191.530,141.045,0.958,208.506,114.003,0.934,228.885,120.274,0.924,271.979,108.952,0.933
100.523,177.960,0.927,108.474,188.423,0.854,194.339,141.801,0.907,207.980,118.637,0.887,227.006,121.715,0.908,273.828,109.237,0.933
98.940,176.330,0.970,111.323,185.790,0.921,193.676,138.146,0.920,208.391,116.575,0.925,224.949,124.763,0.903,276.743,112.337,0.903
95.564,171.742,0.897,108.460,185.156,0.882,189.904,137.733,0.919,206.052,117.353,0.913,230.321,122.275,0.937,273.744,109.332,0.915
91.534,177.741,0.896,110.316,190.083,0.915,185.575,133.664,0.934,200.239,119.441,0.904,227.041,124.656,0.919,277.228,114.717,0.949
91.316,177.063,0.904,113.827,188.045,0.886,183.333,135.327,0.947,201.860,121.088,0.892,229.966,122.357,0.948,279.692,113.518,0.888
86.810,178.513,0.930,119.456,189.986,0.900,179.994,133.596,0.950,199.705,121.284,0.909,231.158,128.124,0.927,280.497,114.044,0.938
85.138,172.951,0.902,119.849,191.637,0.932,179.212,132.745,0.907,199.643,119.152,0.906,232.231,127.109,0.887,280.012,112.194,0.969
82.542,177.160,0.898,119.466,194.253,0.939,175.498,134.970,0.974,189.975,122.690,0.886,233.632,127.592,0.928,283.448,112.649,0.906
78.984,179.931,0.948,121.516,197.774,0.907,170.706,137.919,0.902,194.845,122.317,0.921,236.608,131.319,0.914,287.187,113.443,0.946
77.283,179.238,0.870,125.676,193.537,0.908,174.393,137.475,0.870,191.081,120.263,0.937,233.826,130.633,0.900,283.618,117.904,0.916
71.261,187.507,0.935,127.718,196.913,0.899,171.572,135.364,0.914,187.900,127.322,0.919,234.458,131.533,0.952,287.170,113.677,0.932
68.909,181.401,0.941,130.582,195.678,0.956,171.704,139.063,0.907,190.296,128.298,0.900,240.181,133.453,0.943,290.293,109.341,0.892
72.716,186.943,0.921,133.000,198.511,0.969,164.110,132.473,0.958,189.141,130.210,0.922,241.809,130.812,0.928,291.587,111.474,0.951
67.622,190.247,0.913,136.499,194.592,0.964,162.962,140.042,0.962,185.979,129.680,0.902,244.027,132.697,0.862,292.955,116.357,0.868
68.549,193.213,0.921,138.403,196.728,0.868,161.157,139.207,0.915,188.586,128.032,0.925,244.325,134.523,0.952,296.211,116.808,0.964
68.623,193.118,0.965,142.591,198.345,0.901,156.049,140.298,0.938,187.147,133.969,0.856,245.963,131.905,0.941,298.066,116.499,0.917
66.666,194.850,0.981,144.478,193.597,0.935,153.588,140.936,0.963,187.968,131.737,0.887,252.762,137.206,0.940,299.271,116.901,0.937
67.375,194.582,0.879,147.093,191.778,0.879,154.631,143.764,0.936,183.405,134.446,0.866,248.685,136.649,0.941,303.353,112.914,0.904
63.491,197.304,0.905,152.269,190.671,0.947,152.264,145.517,0.879,183.125,137.078,0.952,254.387,134.335,0.923,305.441,116.534,0.883
63.775,195.572,0.880,152.387,191.465,0.880,148.314,142.692,0.916,183.954,136.474,0.859,253.627,132.348,0.910,304.730,116.013,0.883
64.895,199.864,0.912,155.451,188.094,0.909,150.668,143.328,0.934,187.060,136.412,0.885,257.223,133.565,0.851,306.208,113.494,0.918
67.113,203.317,0.916,155.605,189.030,0.884,147.854,145.349,0.958,185.135,141.327,0.951,256.990,137.470,0.857,307.112,115.743,0.952
64.539,205.469,0.940,156.208,189.832,0.890,148.518,150.899,0.943,186.873,142.262,0.895,257.912,133.725,0.919,311.001,114.487,0.953
70.646,209.379,0.931,155.196,186.946,0.975,148.754,150.718,0.981,189.175,145.798,0.935,265.961,137.596,0.891,310.841,110.100,0.903
69.719,210.181,0.931,160.518,187.846,0.923,143.314,150.771,0.877,191.490,143.350,0.906,265.843,133.533,0.960,315.000,113.271,0.935
77.630,208.571,0.950,162.643,181.181,0.939,144.943,152.545,0.905,190.666,144.423,0.981,265.621,131.499,0.923,313.525,110.566,0.948
78.937,213.954,0.962,164.884,184.019,0.958,147.715,153.912,0.918,185.110,149.666,0.935,267.570,136.113,0.888,313.841,112.199,0.937
81.672,213.751,0.913,164.987,177.418,0.928,145.590,158.002,0.896,193.246,146.249,0.925,267.899,134.252,0.872,315.665,107.113,0.908
79.617,210.178,0.926,163.803,176.804,0.938,148.454,159.859,0.868,189.930,151.916,0.948,268.873,133.225,0.941,319.787,109.770,0.888
85.632,210.587,0.869,164.581,179.478,0.912,148.715,156.650,0.930,193.613,145.907,0.905,273.394,131.668,0.938,319.349,104.368,0.904
92.354,214.420,0.965,166.703,176.371,0.904,141.376,160.890,0.956,196.696,148.669,0.872,275.396,129.368,0.886,321.451,109.179,0.880
91.114,217.788,0.908,166.650,170.486,0.932,147.117,166.071,0.894,196.486,153.513,0.918,274.257,128.327,0.980,322.143,104.140,0.892
97.385,216.143,0.929,161.542,169.045,0.931,145.730,163.272,0.909,200.512,150.051,0.902,277.093,128.423,0.893,323.796,104.577,0.944
97.025,216.768,0.938,159.258,169.679,0.941,148.672,166.525,0.917,200.771,153.846,0.858,277.471,129.235,0.928,323.883,101.406,0.913
101.589,213.483,0.905,163.215,168.951,0.904,151.685,168.810,0.933,205.074,154.201,0.912,283.433,128.686,0.924,326.266,103.072,0.936
110.217,214.695,0.923,164.398,170.463,0.877,152.271,166.438,0.994,205.114,153.688,0.888,281.902,127.604,0.902,324.117,99.956,0.910
109.190,212.344,0.937,163.608,164.497,0.946,153.310,166.155,0.936,207.698,152.053,0.939,284.872,126.914,0.894,324.391,99.337,0.908
113.272,213.445,0.918,159.040,158.830,0.946,153.043,167.064,0.962,211.582,157.210,0.905,284.338,121.520,0.913,323.480,98.367,0.926
113.172,212.840,0.870,158.329,162.063,0.905,157.184,171.444,0.946,210.567,152.157,0.940,281.210,120.978,0.916,324.457,96.948,0.940
112.634,207.417,0.931,152.005,160.158,0.874,158.272,173.197,0.878,214.176,153.393,0.905,284.748,121.401,0.862,327.169,96.293,0.900
115.014,205.370,0.931,159.246,157.569,0.932,166.551,172.373,0.891,219.674,156.519,0.962,284.276,119.781,0.913,329.197,92.794,0.911
121.548,202.987,0.954,151.395,156.870,0.920,163.441,171.890,0.972,218.685,156.913,0.923,283.060,118.013,0.908,325.208,93.672,0.896
122.194,205.703,0.891,148.507,157.641,0.938,167.005,177.581,0.890,222.149,157.902,0.934,286.907,117.235,0.969,327.972,94.658,0.906
125.925,205.696,0.891,147.477,158.457,0.897,171.146,174.559,0.901,221.856,158.386,0.947,291.025,117.947,0.913,325.086,93.059,0.922
123.181,202.113,0.931,147.202,156.373,0.929,171.878,174.522,0.899,223.512,155.626,0.933,286.097,109.941,0.930,322.800,90.334,0.924
125.652,200.076,0.956,141.641,156.366,0.905,170.292,172.617,0.918,226.826,152.795,0.919,282.891,113.017,0.950,323.400,89.645,0.891
124.036,197.836,0.978,137.419,156.007,0.930,171.692,177.235,0.864,228.657,152.421,0.939,285.523,112.484,0.942,322.467,89.002,0.965
126.915,193.983,0.957,137.646,153.473,0.899,177.662,176.644,0.922,230.217,153.441,0.890,281.166,109.265,0.955,323.179,85.556,0.891
121.251,195.373,0.931,130.313,156.073,0.949,180.420,175.385,0.893,231.275,155.570,0.932,280.733,111.009,0.881,323.295,87.840,0.903
124.994,192.600,0.899,134.007,154.263,0.894,181.812,175.707,0.924,231.702,150.019,0.892,282.983,110.305,0.886,320.805,85.562,0.955
122.327,192.042,0.936,125.351,161.869,0.859,184.186,173.148,0.896,236.429,147.148,0.930,281.599,107.493,0.899,320.828,85.845,0.953
122.711,190.901,0.921,128.349,159.763,0.915,183.727,174.499,0.923,237.527,146.267,0.940,281.267,104.361,0.931,317.567,84.924,0.882
123.568,185.912,0.926,125.823,158.372,0.983,186.462,175.006,0.958,237.801,148.553,0.909,280.994,102.631,0.927,321.049,79.862,0.859
120.598,181.776,0.914,121.917,157.902,0.950,191.638,170.568,0.919,238.590,148.401,0.887,278.730,104.310,0.872,315.233,83.326,0.960
119.096,182.245,0.939,117.071,163.448,0.906,192.754,169.665,0.890,243.829,146.184,0.879,275.308,101.957,0.898,315.204,79.161,0.900
114.029,180.717,0.903,115.073,161.657,0.898,194.908,171.247,0.939,246.996,145.365,0.868,276.586,101.876,0.905,314.746,82.343,0.934
107.827,177.593,0.942,111.044,164.711,0.877,196.616,169.125,0.911,244.697,141.647,0.948,275.751,103.471,0.906,311.841,78.642,0.871
108.280,175.418,0.915,111.837,164.157,0.916,195.644,163.744,0.881,246.486,140.498,0.928,272.835,97.492,0.953,312.072,77.569,0.860
108.252,178.261,0.884,111.440,165.652,0.877,200.175,166.121,0.906,244.214,142.925,0.904,273.271,99.348,0.918,308.259,77.700,0.938
102.454,176.165,0.953,108.399,166.957,0.895,203.159,167.158,0.944,244.753,136.890,0.961,269.338,99.792,0.921,308.145,80.115,0.957
102.496,176.126,0.900,108.212,166.146,0.923,201.345,164.518,0.952,245.510,138.191,0.935,266.865,95.602,0.868,305.881,74.422,0.874
94.964,173.892,0.954,107.187,167.470,0.902,202.768,166.620,0.893,243.854,135.567,0.942,269.062,97.565,0.927,307.063,74.879,0.932
95.192,174.378,0.929,104.630,170.563,0.932,204.159,161.267,0.961,244.343,135.574,0.957,265.694,95.254,0.903,302.062,79.212,0.918
95.029,175.417,0.915,98.726,176.352,0.902,207.879,155.658,0.887,244.312,132.035,0.841,260.385,94.302,0.941,299.271,74.922,0.965
90.264,174.526,0.969,108.104,172.310,0.908,203.253,161.174,0.949,245.410,132.827,0.962,261.170,93.135,0.913,292.355,76.053,0.871
84.521,175.215,0.889,105.105,178.172,0.947,206.850,155.035,0.918,243.145,131.316,0.873,262.371,92.767,0.917,297.767,74.834,0.921
84.642,172.350,0.919,104.042,179.364,0.924,205.245,154.522,0.893,242.240,126.922,0.939,255.814,95.691,0.920,294.596,74.228,0.900
80.215,180.103,0.854,106.381,179.276,0.894,200.172,151.637,0.901,242.755,128.088,0.940,256.409,97.514,0.887,294.990,77.383,0.913
76.594,179.359,0.900,107.626,184.410,0.896,205.195,153.173,0.952,242.820,126.377,0.912,254.579,96.480,0.929,290.398,77.681,0.917
77.647,181.341,0.921,108.922,185.952,0.876,205.028,150.789,0.895,243.211,126.485,0.932,251.601,97.040,0.926,290.449,77.444,0.949
73.931,182.292,0.866,111.306,185.608,0.923,203.824,149.379,0.940,236.361,124.545,0.910,248.027,95.334,0.931,288.983,75.554,0.926
67.271,182.300,0.946,113.713,184.778,0.888,203.024,148.455,0.922,236.141,122.161,0.917,253.013,96.043,0.972,285.751,77.389,0.909
68.193,188.000,0.965,112.607,188.249,0.948,201.663,145.476,0.918,235.660,119.025,0.927,244.716,94.539,0.897,285.684,75.151,0.915
71.131,188.457,0.930,113.018,189.955,0.894,201.687,143.387,0.890,236.134,123.000,0.914,244.737,96.379,0.982,282.406,74.750,0.929
66.684,190.284,0.914,114.383,189.170,0.966,197.871,139.338,0.907,229.354,114.269,0.971,244.701,98.344,0.913,282.128,75.591,0.917
70.057,191.134,0.984,114.389,190.824,0.977,196.225,140.583,0.925,230.854,120.039,0.932,241.148,98.275,0.928,283.846,77.102,0.951
67.109,193.686,0.911,120.760,191.171,0.892,197.954,142.039,0.902,233.064,117.374,0.897,239.074,98.593,0.881,278.226,77.872,0.890
67.330,196.652,0.968,123.158,195.209,0.892,194.112,141.083,0.922,226.149,118.815,0.955,235.143,100.569,0.959,278.387,75.288,0.919
62.261,197.200,0.902,124.092,193.122,0.925,192.322,138.818,0.931,224.775,117.393,0.935,236.316,99.274,0.953,276.381,80.651,0.898
65.124,199.538,0.972,130.181,194.654,0.918,191.705,137.513,0.937,223.693,115.802,0.962,234.958,100.702,0.886,278.859,79.359,0.978
69.903,198.415,0.902,133.438,192.415,0.915,190.243,137.413,0.932,221.920,117.780,0.924,233.553,101.045,0.869,272.435,80.781,0.919
70.753,204.470,0.953,135.622,194.552,0.855,185.420,136.213,0.988,224.650,119.553,0.939,230.359,104.822,0.916,268.710,82.176,0.902
69.821,206.209,0.939,137.762,200.942,0.915,181.386,138.767,0.940,217.842,111.432,0.903,232.460,102.145,0.910,269.677,85.295,0.993
69.807,208.615,0.897,140.746,193.089,0.914,182.852,135.546,1.000,216.078,114.021,0.912,229.327,105.714,0.917,270.316,82.829,0.914
71.310,205.414,0.885,141.971,198.451,0.942,178.899,133.310,0.952,213.982,117.072,0.954,227.710,106.286,0.917,269.779,86.114,0.971
74.777,210.738,0.916,145.897,194.512,0.953,175.317,130.555,0.991,214.433,117.941,0.948,226.532,106.172,0.885,268.645,88.021,0.950
77.543,211.425,0.952,145.980,196.545,0.930,170.381,133.372,0.906,207.944,114.787,0.930,225.558,108.469,0.923,270.278,89.223,0.888
78.425,211.057,0.893,149.896,195.492,0.955,170.205,135.806,0.926,209.511,115.488,0.948,226.006,109.806,0.954,266.193,89.590,0.861
81.232,212.748,0.921,152.480,191.267,0.879,167.144,133.073,0.923,202.209,115.749,0.906,228.846,111.236,0.903,268.848,91.575,0.884
87.240,213.442,0.893,152.149,189.863,0.927,166.987,137.078,0.957,199.985,115.264,0.964,224.701,107.699,1.000,261.218,90.180,0.917
91.670,213.933,0.905,155.280,191.112,0.917,164.131,137.291,0.979,201.545,124.910,0.931,227.580,112.443,0.942,263.783,91.822,0.911
93.062,216.754,0.919,155.919,190.973,0.924,161.863,136.161,0.913,197.883,120.367,0.914,224.031,111.726,0.857,265.181,96.662,0.926
95.597,215.771,0.949,160.037,185.437,0.961,159.431,133.687,0.897,197.408,123.179,0.926,222.808,119.855,0.915,265.781,94.592,0.921
101.228,216.517,0.877,160.374,186.852,0.987,158.268,139.658,0.927,195.299,119.440,0.934,226.540,116.100,0.100,266.030,94.460,0.909
99.189,216.208,0.904,161.382,183.673,0.958,156.995,142.328,0.907,197.465,118.818,0.906,230.104,123.969,0.100,263.499,96.996,0.892
104.296,213.666,0.926,162.502,185.005,0.957,154.211,142.497,0.909,192.041,122.380,0.924,227.341,118.400,0.100,267.440,103.297,0.941
106.754,212.902,0.851,166.604,180.694,0.903,152.223,141.257,0.935,187.523,125.989,0.925,228.045,120.241,0.100,266.709,97.660,0.923
109.295,210.881,0.946,166.492,180.964,0.929,150.945,143.586,0.927,184.813,125.836,0.862,227.116,117.451,0.100,264.763,98.212,0.915
111.053,212.398,0.925,164.113,176.682,0.963,149.172,143.126,0.942,186.784,126.437,0.906,228.683,128.940,0.100,268.481,99.171,0.904
117.409,207.969,0.859,164.735,172.987,0.907,151.455,150.929,0.968,186.904,131.327,0.920,229.087,124.641,0.100,269.482,102.824,0.936
118.807,210.178,0.926,166.725,174.571,0.966,148.206,148.983,0.892,186.053,127.158,0.944,231.730,127.655,0.100,272.287,102.431,0.926
119.133,208.873,0.880,166.985,171.168,0.901,146.873,148.557,0.894,187.484,130.944,0.902,229.647,130.590,0.100,271.883,104.459,0.902
124.366,205.576,0.920,162.009,167.556,0.886,148.330,147.160,0.944,183.978,130.738,0.920,235.214,131.088,0.100,269.363,104.829,0.905
119.736,201.532,0.958,161.137,167.421,0.910,142.338,152.132,0.940,188.043,134.531,0.956,231.179,125.732,0.100,272.945,109.255,0.839
123.470,202.340,0.910,159.092,162.967,0.900,145.721,153.319,0.897,185.044,135.185,0.931,236.719,127.280,0.100,272.403,106.809,0.899
122.781,199.105,0.921,163.168,168.806,0.913,146.037,155.940,0.907,185.219,139.237,0.920,233.874,129.304,0.100,274.333,110.037,0.906
128.495,199.210,0.917,160.406,159.693,0.903,144.984,155.583,0.899,184.670,137.342,0.906,240.033,132.723,0.100,274.331,108.636,0.971
124.942,193.894,0.890,155.850,160.059,0.901,145.580,158.520,0.914,187.987,139.525,0.930,242.662,132.703,0.100,276.150,108.213,0.933
125.757,194.074,0.873,155.580,162.657,0.934,147.239,160.816,0.951,189.001,139.609,0.982,239.670,132.622,0.100,277.019,109.966,0.944
123.931,188.736,0.868,150.423,158.804,0.913,148.743,164.962,0.846,187.649,142.393,0.935,241.094,132.431,0.100,278.276,111.604,0.892
126.020,190.428,0.926,154.187,159.136,0.902,146.917,166.038,0.959,184.652,143.197,0.941,245.068,133.291,0.100,280.461,111.111,0.934
123.788,187.844,0.910,149.704,154.643,0.886,149.295,167.552,0.907,188.116,145.559,0.946,246.540,132.525,0.888,280.424,115.654,0.959
122.235,186.751,0.901,145.078,160.020,0.915,152.729,170.879,0.905,189.856,142.133,0.913,246.783,135.494,0.880,278.663,113.407,0.912
119.863,182.397,0.890,145.652,158.213,0.918,149.254,164.883,0.863,190.826,150.435,0.926,251.111,136.437,0.959,285.570,113.324,0.966
119.287,183.176,0.922,136.769,159.268,0.939,153.063,170.234,0.942,193.545,146.682,0.932,249.460,131.186,0.880,286.018,118.267,0.895
116.371,179.751,0.897,138.502,156.054,0.890,155.599,170.326,0.852,187.086,149.580,0.930,251.735,135.467,0.944,288.626,111.591,0.896
114.143,177.677,0.920,136.131,153.178,0.910,157.503,168.389,0.912,194.149,150.723,0.989,255.791,133.995,0.896,290.434,114.514,0.935
107.408,176.181,0.901,130.118,153.887,0.938,163.902,172.847,0.922,197.589,151.590,0.939,256.933,135.237,0.882,289.365,119.037,0.912
109.903,175.993,0.958,131.352,154.299,0.872,163.360,171.229,0.911,200.625,154.316,0.944,256.466,134.572,0.909,296.069,117.154,0.875
106.709,175.305,0.908,127.946,157.090,0.930,162.644,174.040,0.930,195.529,155.124,0.913,260.569,134.250,0.887,296.942,113.046,0.986
102.879,178.844,0.884,122.693,155.727,0.924,167.051,172.307,0.911,200.847,154.440,0.882,264.188,133.659,0.844,302.531,116.058,0.909
97.823,175.449,0.918,122.368,156.007,0.935,169.497,173.554,0.908,201.389,149.026,0.915,266.039,135.113,0.957,298.563,111.721,0.916
95.333,175.454,0.884,122.127,159.738,0.901,169.539,174.481,0.896,204.258,154.137,0.916,267.797,136.476,0.920,301.926,111.280,0.870
89.968,176.310,0.915,116.793,156.859,0.950,175.757,174.449,0.928,205.600,152.747,0.945,268.304,134.043,0.947,302.092,114.477,0.916
88.045,176.898,0.875,115.579,159.514,0.927,177.344,170.054,0.945,211.307,155.596,0.935,269.129,129.057,0.930,304.326,113.554,0.899
89.972,175.294,0.918,111.154,160.683,0.933,176.071,177.792,0.947,216.284,155.983,0.978,273.736,138.807,0.953,303.346,114.643,0.959
82.803,176.606,0.907,110.173,161.576,0.930,175.566,177.012,0.925,213.950,152.516,0.919,273.562,130.759,0.884,308.573,112.899,0.937
79.133,180.583,0.891,105.779,162.273,0.904,179.081,177.807,0.957,216.171,155.423,0.920,275.570,131.178,0.959,305.442,111.444,0.978
78.187,178.156,0.907,107.976,165.465,0.903,185.701,174.808,0.905,218.547,152.442,0.979,276.520,130.760,0.912,314.510,108.939,0.905
74.915,179.525,0.964,109.358,167.712,0.927,181.577,172.671,0.948,220.367,153.918,0.875,278.153,131.413,0.895,314.693,114.016,0.893
70.809,179.302,0.868,105.734,168.774,0.907,188.471,173.070,0.867,224.181,154.616,0.927,282.485,128.602,0.915,315.685,110.541,0.952
71.940,185.520,0.888,105.989,170.755,0.890,193.274,170.490,0.965,228.315,153.560,0.949,281.112,124.317,0.933,314.378,111.308,0.907
68.380,186.189,0.879,106.068,172.593,0.921,196.777,171.396,0.957,228.487,154.534,0.939,280.204,120.805,0.939,315.841,112.235,0.910
67.930,184.399,0.946,105.139,174.829,0.902,193.455,174.910,0.923,227.715,153.838,0.931,280.426,125.290,0.882,319.494,107.923,0.889
69.066,186.795,0.894,102.274,174.956,0.843,197.395,170.545,0.940,232.812,152.424,0.899,282.887,121.688,0.947,319.658,109.376,0.923
66.409,190.136,0.895,107.075,177.089,0.959,198.553,166.642,0.936,233.312,149.988,0.912,281.245,122.778,0.922,319.639,102.831,0.976
68.067,196.466,0.953,104.925,182.054,0.958,198.340,168.009,0.908,232.828,152.956,0.941,285.067,117.248,0.961,322.691,104.257,0.919
66.290,193.134,0.896,106.768,183.129,0.883,202.851,162.006,0.861,233.168,151.163,0.885,282.333,115.170,0.913,321.007,103.415,0.953
64.040,202.134,0.962,108.279,182.771,0.923,200.639,167.186,0.978,237.603,151.081,0.939,286.314,117.462,0.917,322.445,103.383,0.944
64.337,199.419,0.910,111.874,181.851,0.881,202.084,163.634,0.912,239.591,148.836,0.894,286.289,118.007,0.924,327.489,100.839,0.930
66.845,199.527,0.930,108.323,187.869,0.932,205.361,159.841,0.878,239.298,146.204,0.937,284.674,115.992,0.909,324.137,99.417,0.919
65.728,201.039,0.945,110.015,188.175,0.918,207.601,158.770,0.917,242.583,143.755,0.969,286.658,112.485,0.975,325.164,100.124,0.942
70.119,206.956,0.936,112.279,184.721,0.913,203.162,156.899,0.913,243.405,143.820,0.907,283.058,109.499,0.936,324.424,99.012,0.927
73.920,203.959,0.926,113.609,190.240,0.930,209.294,154.839,0.936,244.884,142.469,0.939,283.663,112.614,0.898,323.181,94.122,0.893
72.459,207.991,0.848,114.474,193.386,0.876,207.175,153.978,0.859,242.222,139.640,0.910,282.151,109.745,0.937,324.533,98.082,0.921
74.873,211.299,0.925,123.319,196.680,0.894,201.823,155.329,0.879,242.357,138.258,0.945,283.783,109.218,0.928,324.205,91.682,0.900
81.369,208.628,0.912,124.180,193.167,0.919,200.809,150.032,0.895,242.994,137.593,0.882,277.196,106.652,0.960,326.294,95.692,0.934
81.949,212.685,0.944,125.068,194.055,0.928,207.185,151.972,0.930,247.447,136.463,0.917,282.283,105.228,0.940,325.938,93.735,0.882
84.112,211.063,0.945,128.624,193.344,0.877,205.866,148.392,0.918,242.435,135.995,0.885,284.442,106.878,0.843,323.170,89.428,0.906
87.834,216.007,0.857,132.847,196.161,0.987,203.908,146.489,0.871,244.656,133.599,0.970,280.654,103.509,0.954,324.183,87.208,0.896
89.277,212.995,0.889,138.383,196.279,0.937,199.865,142.456,0.928,244.529,133.863,0.982,279.236,98.171,0.885,322.738,88.303,0.923
95.171,216.135,0.926,135.090,192.371,0.890,198.621,144.742,0.906,244.893,133.405,0.878,277.940,100.621,0.907,324.077,87.003,0.920
97.040,217.888,0.968,137.820,194.148,0.950,201.423,143.970,0.913,239.865,130.115,0.924,274.981,99.057,0.931,320.385,87.094,0.917
93.593,216.249,0.891,142.117,193.603,0.890,196.248,138.051,0.919,242.729,129.964,0.887,275.426,100.629,0.921,321.568,86.384,0.923
102.909,214.511,0.919,143.667,196.818,0.927,195.838,142.584,0.964,243.689,123.775,0.915,273.237,102.959,0.896,321.102,86.907,0.973
105.235,214.085,0.877,145.056,195.104,0.917,194.034,142.249,0.952,243.865,128.597,0.933,269.632,96.982,0.905,319.251,83.456,0.949
104.324,211.674,0.916,149.370,192.073,0.930,194.151,136.620,0.911,240.391,120.754,0.904,264.861,96.233,0.921,317.712,81.283,0.928
112.426,212.286,0.915,149.775,192.697,0.910,188.620,136.093,0.904,243.099,123.403,0.927,268.147,94.828,0.884,316.507,84.402,0.910
112.674,213.313,0.920,154.124,192.891,0.920,188.655,135.643,0.927,235.471,123.899,0.939,265.287,96.176,0.913,314.781,81.826,0.902
114.101,211.406,0.905,155.559,188.179,0.844,187.643,138.925,0.896,234.494,121.137,0.942,266.411,99.298,0.875,313.774,79.484,0.900
113.291,206.424,0.933,159.304,187.226,0.887,179.868,137.758,0.908,235.849,120.716,0.902,263.573,96.380,0.966,312.135,78.946,0.873
119.368,209.676,0.897,160.430,188.645,0.913,180.021,138.110,0.929,234.151,117.463,0.922,259.161,92.770,0.957,314.553,77.668,0.937
121.125,203.266,0.960,164.860,186.898,0.916,175.851,134.737,0.887,229.483,120.976,0.923,262.215,97.108,0.939,308.939,80.023,0.910
123.781,200.923,0.952,164.046,182.960,0.863,173.633,133.021,0.985,231.230,120.018,0.942,259.268,94.686,0.965,310.685,79.711,0.941
124.150,201.379,0.958,161.440,182.244,0.969,176.354,136.515,0.932,224.386,120.204,0.882,252.330,97.054,0.922,304.801,78.377,0.931
124.422,201.101,0.927,164.363,179.643,0.953,167.607,132.220,0.954,223.843,117.078,0.948,249.845,92.849,0.874,302.538,79.907,0.880
123.423,197.908,0.903,165.112,177.240,0.961,167.620,133.142,0.856,221.455,117.181,0.939,247.666,93.865,0.949,305.184,74.672,0.922
124.493,190.729,0.875,165.574,178.472,0.930,164.603,133.685,0.908,222.038,114.644,0.887,252.369,95.317,0.896,302.079,77.069,0.963
126.070,194.064,0.910,164.119,172.819,0.894,166.616,137.828,0.896,217.387,115.980,0.927,242.828,95.302,0.899,301.947,75.244,0.870
121.088,189.289,0.876,163.042,176.014,0.967,158.014,138.574,0.919,214.608,115.598,0.924,244.584,99.105,0.961,296.239,74.077,0.883
122.622,188.982,0.885,166.458,171.673,0.864,159.327,138.043,0.894,213.452,118.310,0.963,242.425,98.617,0.892,299.064,74.357,0.844
122.505,188.335,0.985,160.898,170.001,0.936,158.462,137.802,0.925,211.673,114.829,0.920,241.240,101.457,0.926,292.111,77.347,0.877
121.003,188.113,0.917,160.953,166.667,0.900,154.285,137.405,0.934,207.846,113.740,0.868,237.554,95.756,0.911,292.887,75.262,0.959
120.726,182.987,0.903,162.130,165.748,0.923,154.337,140.482,0.972,206.479,112.180,0.930,234.313,98.608,0.898,291.698,75.806,0.948
121.028,181.456,0.907,156.820,161.862,0.908,151.253,137.287,0.920,209.400,115.451,0.908,237.586,98.243,0.923,292.787,75.568,0.948
114.533,180.257,0.889,158.346,161.161,0.881,151.737,145.780,0.918,203.002,117.630,0.941,231.622,98.537,0.867,288.074,73.864,0.926
112.258,180.437,0.946,156.792,162.327,0.940,148.584,144.866,0.891,203.969,119.086,0.894,233.295,96.098,0.805,283.344,74.476,0.947
109.306,174.776,0.928,156.008,162.758,0.938,150.411,147.912,0.919,200.140,115.579,0.910,232.513,106.333,0.883,284.791,73.422,0.891
103.028,175.268,0.893,153.611,158.849,0.891,150.293,146.272,0.951,198.887,118.557,0.927,228.382,102.190,0.931,283.613,75.654,0.901
106.769,171.866,0.936,152.648,156.824,0.890,142.882,148.429,0.917,196.250,118.554,0.901,229.577,105.032,0.892,279.410,75.031,0.976
101.993,178.206,0.950,148.483,156.702,0.938,145.731,148.187,0.888,196.135,119.747,0.970,227.241,105.984,0.901,282.006,80.484,0.942
99.631,175.245,0.939,145.940,157.405,0.991,146.729,155.125,0.913,192.967,121.854,0.947,228.001,108.867,0.971,279.064,80.324,0.931
95.155,174.268,0.907,144.248,154.803,0.899,148.446,152.776,0.907,190.227,123.361,0.945,224.729,106.308,0.930,275.476,80.423,0.908
93.656,177.342,0.926,138.955,157.066,0.961,146.423,157.461,0.899,186.021,124.810,0.898,225.158,112.190,0.911,273.036,78.821,0.914
88.377,174.339,0.942,138.049,156.378,0.870,143.830,157.202,0.856,189.231,127.046,0.935,227.297,109.036,0.892,274.014,81.569,0.875
87.218,175.921,0.941,131.931,154.895,0.904,144.919,159.657,0.898,191.594,125.288,0.905,227.583,112.376,0.949,272.094,81.290,0.887
81.642,178.544,0.915,134.767,156.977,0.935,143.866,162.875,0.868,185.096,126.238,0.973,225.062,110.272,0.994,273.289,80.816,0.871
82.510,176.847,0.941,130.807,154.031,0.944,150.554,158.964,0.965,183.795,128.193,0.898,227.390,117.227,0.914,268.713,85.338,0.928
75.136,180.962,0.895,126.448,150.763,0.927,146.998,163.010,0.947,182.376,128.718,0.864,223.882,113.419,0.900,270.224,85.019,0.954
76.402,182.241,0.937,127.093,155.144,0.875,150.215,166.997,0.920,183.763,132.561,0.904,225.033,118.298,0.921,267.332,86.648,0.885
73.307,181.238,0.896,121.626,157.668,0.872,150.188,163.571,0.845,184.794,135.516,0.879,223.651,120.634,0.886,268.937,88.956,0.973
72.456,183.312,0.935,120.954,156.414,0.928,152.512,168.692,0.934,185.904,136.471,0.901,222.431,122.972,0.836,263.938,87.919,0.912
68.566,186.095,0.984,122.867,156.279,0.957,151.727,170.780,0.920,183.670,135.278,0.938,223.831,122.345,0.885,268.720,90.890,0.965
66.258,185.765,0.905,115.964,160.603,0.937,155.794,170.312,0.927,185.338,140.461,0.955,226.402,123.158,0.930,263.447,87.644,0.945
65.472,186.210,0.967,112.578,158.611,0.926,157.841,171.064,0.921,184.869,136.347,0.952,226.478,123.445,0.905,264.296,92.273,0.923
65.166,191.378,0.865,115.212,163.321,0.877,159.607,176.654,0.991,182.767,137.469,0.895,223.937,122.475,0.948,267.876,94.941,0.880
64.950,191.757,0.930,109.792,165.348,0.952,163.474,171.275,0.931,185.347,143.129,0.872,226.077,123.065,0.895,264.382,94.741,0.929
63.157,193.745,0.916,108.991,166.736,0.895,166.307,171.694,0.899,190.829,144.596,0.900,231.781,123.388,0.949,262.467,95.830,0.899
64.624,196.370,0.927,113.090,166.725,0.931,167.808,176.796,0.904,189.112,144.735,0.923,232.312,127.604,0.877,270.922,96.196,0.987
62.016,197.222,0.941,103.163,168.379,0.920,166.792,176.560,0.940,184.534,146.219,0.862,232.817,128.894,0.859,265.329,97.334,0.911
65.746,200.229,0.968,102.326,169.000,0.918,170.875,172.788,0.921,191.309,149.252,0.902,232.395,127.003,0.919,268.807,95.750,0.923
67.283,199.090,0.921,106.665,171.236,0.925,170.773,175.179,0.953,192.143,143.838,0.942,236.199,128.084,0.897,266.215,99.457,0.898
72.973,206.983,0.930,106.252,173.665,0.899,176.471,175.431,0.903,193.548,149.003,0.898,239.531,130.272,0.923,267.317,99.548,0.940
73.944,206.594,0.945,101.239,176.745,0.924,177.164,177.105,0.895,195.234,148.880,0.911,244.138,131.521,0.949,266.961,98.039,0.946
75.202,206.974,0.883,103.097,175.881,0.912,181.555,173.715,0.899,196.045,150.140,0.913,243.194,132.607,0.865,268.794,105.381,0.910
76.498,208.491,0.917,108.723,181.317,0.968,184.100,174.895,0.944,199.965,152.091,0.891,243.204,135.230,0.918,265.497,103.473,0.922
77.342,212.255,0.910,106.329,184.830,0.927,182.846,176.642,0.954,198.291,151.693,0.904,246.157,133.248,0.966,271.375,104.860,0.924
76.656,212.193,0.885,109.718,182.311,0.932,188.416,174.963,0.948,201.710,152.080,0.903,250.688,131.448,0.904,269.920,105.139,0.915
82.166,213.519,0.931,110.219,187.118,0.967,187.223,173.123,0.914,206.275,155.047,0.897,248.882,136.986,0.836,269.853,106.388,0.950
84.943,210.756,0.874,108.660,186.240,0.903,191.843,172.953,0.948,202.764,155.076,0.940,248.886,132.073,0.931,271.799,109.012,0.922
87.338,212.347,0.938,112.592,189.111,0.909,195.195,171.408,0.937,209.190,153.998,0.901,251.499,134.857,0.899,271.274,104.814,0.863
93.697,215.954,0.926,116.493,192.022,0.942,197.442,168.736,0.886,208.167,154.238,0.932,250.688,134.590,0.880,275.710,107.221,0.947
94.528,215.214,0.923,117.228,189.058,0.899,200.524,171.764,0.945,211.044,154.735,0.896,253.204,134.476,0.887,276.780,111.280,0.876
96.597,218.956,0.898,120.207,190.162,0.945,198.966,168.128,0.989,215.317,156.836,0.901,256.743,134.838,0.909,274.257,112.775,0.913
97.986,213.442,0.924,120.457,194.846,0.972,199.279,167.808,0.914,212.873,154.992,0.936,256.846,130.765,0.897,278.078,111.134,0.907
107.055,215.210,0.930,122.186,191.133,0.942,202.114,162.137,0.881,218.564,153.739,0.921,263.887,132.631,0.945,281.334,113.735,0.926
109.181,210.455,0.935,128.152,193.695,0.955,200.612,162.747,0.921,221.026,151.208,0.919,262.525,136.190,0.874,282.050,116.596,0.979
109.935,209.100,0.892,127.983,192.433,0.958,202.374,157.081,0.885,223.021,150.310,0.893,266.444,137.208,0.937,286.724,111.434,0.920
113.527,210.029,0.925,129.519,189.769,0.917,207.546,163.065,0.911,225.367,156.350,0.922,269.363,134.690,0.942,283.117,115.082,0.968
114.895,208.167,0.966,133.772,194.619,0.956,202.923,157.498,0.880,230.062,154.069,0.965,268.835,131.714,0.915,289.266,112.798,0.947
118.806,206.684,0.966,136.988,196.650,0.893,205.426,158.063,0.911,227.817,156.487,0.926,271.457,129.334,0.900,285.337,114.486,0.975
119.964,207.148,0.912,140.256,195.871,0.919,204.647,153.421,0.913,229.710,152.708,0.891,267.597,131.143,0.926,290.104,113.833,0.932
120.132,204.817,0.927,141.631,193.602,0.928,203.867,154.367,0.913,232.508,152.144,0.932,276.269,128.573,0.890,294.531,114.522,0.878
121.207,202.896,0.918,144.250,194.757,0.916,205.450,151.416,0.920,234.922,149.835,0.913,275.220,131.030,0.973,293.831,115.817,0.880
121.025,203.638,0.907,142.809,193.434,0.865,204.263,151.623,0.917,236.162,151.089,0.950,276.281,129.513,0.949,293.188,116.843,0.874
123.682,199.616,0.889,150.691,189.598,0.947,200.622,153.634,0.939,236.102,151.410,0.893,278.779,129.474,0.950,300.770,115.752,0.985
127.153,194.290,0.935,148.804,188.391,0.910,204.387,147.340,0.968,238.752,148.631,0.944,277.510,126.070,0.961,297.700,116.047,0.944
121.474,196.712,0.981,154.326,193.605,0.908,201.721,144.760,0.895,239.026,145.566,0.945,276.747,125.352,0.905,302.545,116.757,0.915
125.778,194.243,0.956,153.456,187.319,0.929,204.647,147.416,0.914,244.512,142.848,0.955,280.044,127.749,0.903,304.884,110.015,0.899
125.273,189.609,0.917,157.164,189.270,0.924,201.130,141.976,0.927,243.817,147.130,0.926,280.177,118.529,0.905,306.131,112.015,0.943
122.325,190.321,0.931,158.222,187.525,0.963,194.627,139.522,0.921,241.392,140.595,0.919,288.168,119.490,0.912,307.896,112.845,0.921
119.266,188.164,0.906,161.167,180.087,0.963,197.439,139.929,0.892,243.697,142.143,0.913,284.858,120.562,0.903,310.010,111.320,0.877
119.781,183.837,0.819,163.666,184.203,0.969,194.848,139.222,0.889,242.254,139.225,0.957,279.272,118.601,0.901,305.804,115.879,0.870
118.080,182.579,0.898,163.470,182.610,0.871,193.785,141.481,0.962,247.309,136.935,0.926,284.515,120.328,0.866,312.315,108.933,0.953
118.435,183.380,0.946,162.898,180.084,0.892,192.208,141.574,0.913,245.832,134.269,0.861,283.785,116.293,0.879,314.101,110.907,0.880
116.084,177.114,0.961,163.549,180.414,0.939,190.920,136.620,0.932,245.927,132.024,0.909,284.699,115.664,0.892,318.419,109.760,0.972
112.081,178.211,0.878,165.751,174.389,0.959,188.230,135.023,0.923,245.291,135.748,0.964,284.367,116.267,0.890,313.862,108.555,0.903
111.177,175.000,0.944,165.259,176.496,0.954,187.630,136.232,0.954,249.979,134.382,0.920,285.064,119.258,0.929,319.995,106.848,0.952
105.571,173.732,0.921,166.267,173.789,0.930,182.854,139.131,0.944,243.401,131.552,0.891,284.754,110.411,0.913,318.709,109.342,0.913
104.355,176.601,0.922,164.385,171.329,0.930,178.725,136.578,0.883,243.031,129.502,0.946,282.060,107.960,0.918,317.732,103.199,0.973
103.474,180.856,0.888,164.354,169.674,0.929,177.172,138.067,0.929,245.159,128.367,0.930,283.616,105.223,0.916,324.104,106.033,0.919
97.499,180.414,0.859,161.895,169.811,0.939,174.763,136.060,0.903,242.388,125.453,0.914,279.418,107.479,0.885,319.356,106.543,0.930
94.851,179.456,0.860,160.230,162.411,0.913,174.488,138.275,0.961,241.453,128.603,0.960,283.478,105.957,0.989,318.907,103.997,0.902
89.165,174.835,0.915,162.714,164.547,0.939,170.666,136.024,0.957,239.874,121.830,0.940,280.650,104.490,0.929,326.526,104.916,0.907
88.389,172.078,0.902,155.735,160.261,0.891,171.684,135.970,0.935,242.455,122.450,0.925,280.639,104.823,0.976,321.324,104.832,0.910
86.697,179.689,0.945,158.065,161.751,0.941,167.259,133.243,0.948,238.504,122.661,0.875,278.919,105.786,0.955,324.643,100.406,0.892
81.850,175.020,0.946,156.256,160.753,0.936,163.122,138.530,0.879,234.833,120.652,0.908,275.815,100.048,0.951,325.769,99.309,0.909
82.921,181.081,0.906,154.732,160.516,0.958,160.075,138.241,0.935,238.750,118.945,0.919,276.885,104.046,0.913,323.094,100.089,0.899
78.675,178.442,0.935,151.515,158.103,0.914,158.146,140.014,0.863,230.534,117.754,0.984,275.302,103.334,0.935,327.562,95.292,0.973
75.085,179.947,0.926,147.918,155.045,0.864,159.355,139.384,0.978,230.019,116.220,0.884,271.867,101.572,0.941,321.677,97.604,0.932
74.605,182.007,0.968,143.866,155.623,0.917,156.498,141.627,0.100,228.729,115.713,0.936,267.755,98.710,0.959,326.152,94.679,0.866
73.196,183.730,0.901,143.523,157.404,0.952,155.309,141.520,0.100,226.735,117.902,0.905,269.323,97.259,0.923,325.935,90.274,0.904
71.517,185.772,0.892,138.313,156.202,0.927,154.060,141.134,0.100,225.405,116.519,0.955,266.736,96.212,0.886,325.652,93.617,0.897
65.623,182.898,0.961,138.341,154.829,0.925,149.954,144.888,0.100,218.588,120.136,0.899,264.756,96.851,0.856,326.175,92.400,0.942
65.078,190.351,0.928,133.361,151.661,0.898,150.039,146.495,0.100,221.764,113.525,0.921,265.051,97.166,0.955,324.083,88.775,0.918
65.706,190.453,0.887,134.816,153.218,0.864,146.211,146.307,0.100,220.322,114.083,0.934,265.997,96.345,0.908,322.741,88.125,0.906
63.702,193.807,0.862,128.488,156.099,0.867,147.269,147.549,0.100,215.684,115.743,0.918,261.354,99.098,1.000,318.593,86.135,0.976
68.940,194.850,0.908,126.930,153.796,0.902,145.427,149.615,0.100,214.232,112.822,0.884,257.707,94.527,0.989,324.138,87.689,0.927
61.411,196.192,0.926,126.982,156.889,0.931,142.798,150.007,0.100,216.588,113.878,0.953,257.312,97.045,0.970,323.590,82.631,0.941
66.061,200.802,0.925,121.029,158.648,0.925,145.884,152.715,0.100,209.057,116.430,0.900,254.144,95.327,0.914,319.639,81.297,0.914
63.530,202.261,0.951,122.422,158.984,0.904,146.538,154.306,0.100,207.700,120.240,0.937,257.576,89.284,0.937,315.630,81.577,0.956
65.434,204.180,0.891,116.420,159.405,0.945,146.380,155.362,0.100,208.114,112.189,0.875,253.212,93.573,0.894,319.195,79.644,0.919
71.609,205.526,0.904,114.941,160.790,0.923,147.388,158.742,0.100,203.203,115.532,0.934,249.832,94.383,0.972,316.529,79.448,0.913
70.498,204.999,0.930,113.047,158.722,0.913,143.885,155.730,0.100,202.640,118.531,0.945,244.419,95.735,0.941,315.275,81.024,0.966
72.949,208.562,0.906,112.390,160.864,0.893,148.178,157.761,0.100,198.051,120.033,0.941,244.865,94.700,0.902,314.545,79.044,0.936
75.874,207.581,0.900,109.098,159.939,0.920,146.081,160.766,0.100,201.453,116.771,0.959,244.783,94.244,0.901,316.112,78.439,0.966
76.425,212.952,0.947,105.495,164.066,0.894,150.780,162.649,0.100,197.543,123.295,0.886,244.420,98.815,0.962,311.696,79.787,0.932
81.190,209.011,0.893,105.553,169.160,0.896,150.619,162.691,0.100,195.135,118.984,0.948,241.274,93.973,0.968,310.116,79.919,0.943
84.016,211.911,0.860,109.865,166.323,0.873,148.035,165.796,0.899,193.738,123.539,0.886,238.066,95.066,0.970,309.140,75.067,0.895
85.752,207.545,0.942,103.985,171.575,0.915,150.252,166.826,0.910,192.210,122.821,0.889,240.820,98.301,0.933,308.166,75.857,0.922
88.045,211.978,0.916,102.731,171.946,0.929,151.094,175.326,0.934,192.445,123.343,0.903,237.756,100.241,0.877,305.743,73.350,0.943
92.296,214.666,0.911,107.201,178.057,0.941,157.200,168.400,0.870,184.248,126.378,0.931,235.256,100.812,0.923,302.706,78.151,0.907
96.920,213.928,0.888,103.662,175.527,0.882,154.379,168.323,0.989,188.540,127.659,0.938,232.582,100.573,0.899,303.547,76.080,0.931
97.830,213.748,0.902,105.564,175.499,0.924,162.886,174.849,0.913,188.914,126.148,0.904,235.444,102.615,0.940,299.191,78.198,0.940
101.083,217.642,0.905,105.530,182.761,0.902,162.095,167.844,0.861,186.827,126.582,0.950,227.420,103.130,0.892,299.133,72.606,0.920
101.621,213.830,0.958,106.227,182.024,0.905,162.207,168.633,0.939,187.658,129.747,0.940,227.430,104.913,0.921,295.128,75.132,0.923
108.963,211.683,0.949,107.411,184.838,0.959,170.389,170.939,0.979,187.921,132.660,0.905,230.139,108.779,0.863,297.074,69.127,0.913
108.757,211.083,0.968,107.616,184.537,0.951,166.917,174.611,0.919,187.973,132.832,0.934,228.727,105.078,0.882,290.880,73.292,0.890
114.498,212.385,0.915,111.217,184.381,0.929,170.862,175.698,0.907,182.738,130.563,0.941,224.459,105.326,0.959,292.054,77.720,0.904
116.134,208.918,0.917,113.050,190.012,0.970,169.780,175.908,0.903,186.798,135.211,0.885,224.705,110.985,0.974,289.250,74.136,0.876
119.849,207.142,0.926,112.137,186.950,0.914,174.254,175.485,0.922,186.763,135.737,0.923,226.977,107.315,0.882,287.257,77.183,0.916
120.136,207.972,0.890,112.468,192.635,0.928,183.124,171.410,0.975,184.815,140.285,0.967,224.428,114.706,0.961,286.628,76.395,0.948
119.226,204.897,0.951,118.290,192.167,0.909,178.858,173.590,0.951,181.404,138.047,0.941,223.335,112.536,0.928,282.487,76.069,0.872
127.114,201.207,0.874,120.689,196.035,0.902,177.900,174.676,0.913,189.744,141.459,0.932,225.877,115.085,0.933,288.514,78.963,0.885
126.034,202.497,0.874,122.673,192.834,0.955,183.246,175.395,0.918,184.195,134.600,0.957,222.801,116.994,0.957,283.412,76.358,0.908
124.397,199.698,0.897,123.105,192.562,0.936,189.040,171.134,0.964,187.743,145.319,0.940,228.315,115.939,0.953,281.057,76.761,0.903
123.526,197.171,0.859,128.898,193.118,0.910,189.016,173.738,0.880,190.563,146.238,0.884,226.716,121.153,0.968,279.004,77.796,0.895
122.909,196.823,0.889,131.362,193.505,0.938,193.404,169.871,0.914,192.575,145.747,0.921,224.527,120.201,0.962,274.601,80.207,0.933
127.967,195.770,0.966,130.337,195.231,0.914,195.337,172.426,0.900,191.474,149.939,0.901,222.711,121.449,0.922,276.926,79.047,0.935
123.910,192.501,0.872,135.513,195.111,0.985,193.712,169.452,0.915,193.451,146.361,0.911,227.571,121.715,0.904,271.978,77.767,0.896
124.230,190.032,0.930,138.582,192.253,0.938,197.612,169.328,0.912,195.671,147.484,0.914,226.331,124.662,0.892,277.070,79.435,0.967
124.144,186.360,0.964,140.671,193.309,0.914,197.859,167.524,0.924,198.502,153.147,0.895,227.403,126.705,0.970,273.655,81.509,0.903
121.641,183.405,0.923,144.806,193.990,0.910,203.100,165.626,0.900,198.624,150.749,0.933,229.091,128.380,0.931,268.582,80.998,0.912
120.377,186.476,0.925,148.071,190.817,0.902,202.045,163.546,0.882,204.030,150.516,0.895,227.843,123.373,0.878,269.294,80.203,0.939
117.078,180.941,0.932,149.678,189.890,0.893,199.887,163.856,0.871,198.405,156.502,0.921,232.278,128.334,0.898,266.423,88.165,0.943
116.560,179.631,0.931,149.637,192.469,0.894,206.714,163.613,0.960,203.486,150.247,0.874,231.949,129.722,0.918,269.259,90.051,0.863
114.731,180.378,0.906,154.907,189.202,0.901,204.707,161.769,0.923,206.444,153.913,0.937,235.157,128.416,0.897,263.758,89.430,0.933
109.849,179.475,0.949,153.550,189.499,0.933,203.600,156.895,0.927,206.395,151.599,0.879,237.725,129.513,0.907,267.800,89.581,0.963
107.938,177.410,0.923,161.188,186.785,0.939,203.255,154.220,0.963,212.132,153.601,0.969,233.043,131.986,0.927,267.992,87.541,0.943
103.635,177.402,0.904,160.169,186.939,0.932,204.945,152.899,0.925,208.037,151.012,0.967,236.123,129.653,0.860,267.303,91.893,0.922
101.825,176.806,0.899,161.116,180.221,0.958,205.898,153.916,0.971,216.643,153.985,0.908,239.883,131.834,0.914,265.286,92.865,0.943
100.877,175.189,0.928,161.632,182.402,0.950,206.909,154.507,0.952,215.402,156.598,0.923,242.749,130.783,0.943,260.136,93.491,0.909
95.810,175.606,0.871,164.295,183.623,0.905,204.871,148.328,0.986,216.361,155.374,0.932,247.426,130.680,0.963,267.503,94.756,0.926
91.191,177.562,0.938,162.876,182.375,0.912,201.080,149.164,0.890,219.474,156.425,0.938,246.743,132.609,0.928,264.183,95.048,0.936
88.695,176.837,0.929,163.950,178.356,0.916,204.276,151.043,0.985,222.259,155.532,0.879,248.453,135.965,0.928,263.115,97.869,0.901
83.645,177.318,0.934,161.236,175.663,0.896,203.876,146.722,0.918,223.483,151.851,0.882,250.383,131.679,0.886,268.384,98.267,0.910
82.319,174.005,0.853,165.357,174.362,0.996,200.826,141.445,0.892,227.069,153.078,0.886,254.927,134.898,0.922,265.833,98.788,0.925
82.624,177.765,0.938,164.426,174.277,0.932,203.110,142.931,0.962,225.927,154.021,0.940,252.441,139.447,0.905,266.839,101.070,0.876
80.545,179.855,0.966,168.031,167.618,0.881,197.079,141.738,0.965,227.736,150.374,0.958,261.754,137.118,0.949,266.453,100.222,0.949
71.508,177.102,0.934,161.392,169.308,0.894,196.464,142.392,0.924,231.932,151.458,0.949,258.954,136.134,1.000,267.114,104.837,0.918
74.207,183.167,0.932,163.485,170.827,0.947,193.785,141.717,0.940,235.820,147.123,0.942,261.077,132.216,0.929,267.986,104.311,0.911
71.219,183.188,0.903,163.877,162.472,0.909,191.962,141.728,0.896,235.202,146.488,0.927,262.366,134.554,0.957,266.856,104.380,0.942
65.695,185.641,0.926,159.589,163.501,0.906,193.766,137.030,0.894,234.850,146.424,0.937,263.708,134.206,0.940,269.438,104.135,0.902
68.498,185.838,0.870,158.607,162.583,0.930,190.531,138.095,0.908,240.446,147.049,0.950,266.613,136.425,0.900,267.463,105.659,0.897
67.291,185.061,0.931,157.635,160.694,0.928,191.609,137.076,0.929,243.202,146.825,0.984,266.288,132.934,0.940,274.262,103.934,0.929
67.012,189.160,0.970,158.754,161.374,0.969,184.573,137.811,0.861,239.275,144.360,0.943,267.587,132.978,0.938,271.927,108.758,0.913
62.709,193.804,0.921,155.929,156.711,0.934,180.414,138.082,0.965,243.562,144.878,0.897,272.424,130.062,0.919,272.877,109.109,0.905
64.096,192.385,0.913,149.889,158.946,0.913,177.592,133.957,0.904,241.766,141.205,0.942,274.905,130.723,0.957,271.900,109.732,0.964
66.091,198.374,0.881,149.387,156.947,0.973,176.378,135.738,0.926,241.458,139.872,0.877,273.872,133.903,0.903,279.017,112.255,0.935
62.515,198.121,0.911,143.826,155.914,0.898,173.047,133.112,0.936,244.544,135.933,0.920,277.203,129.651,0.939,280.101,112.351,0.876
69.511,199.901,0.847,144.448,153.750,0.916,171.633,135.057,0.939,240.657,133.041,0.907,275.020,127.851,0.955,285.694,108.062,0.931
68.370,203.613,0.895,140.292,155.374,0.934,169.556,131.925,0.904,243.793,136.437,0.958,279.581,127.359,0.929,283.015,112.103,0.931
68.149,207.140,0.946,138.153,154.886,0.949,168.950,135.595,0.933,245.843,135.616,0.957,276.400,126.345,0.928,282.166,114.969,0.919
73.488,206.952,0.882,136.144,156.147,0.936,166.411,135.155,0.924,247.669,134.072,0.890,281.857,127.376,0.866,282.553,112.903,0.910
75.189,210.167,0.910,137.387,154.432,0.933,163.069,135.982,0.922,243.419,133.546,0.925,281.846,124.222,0.951,290.045,114.238,0.949
74.241,207.022,0.974,127.077,152.663,0.929,164.289,134.510,0.913,247.741,132.933,0.885,280.312,123.626,0.950,286.153,116.667,0.918
75.577,214.516,0.927,127.630,151.019,0.946,161.311,138.056,0.959,241.199,128.927,0.912,283.342,124.602,0.969,290.655,110.587,0.936
81.640,212.758,0.986,125.260,161.551,0.920,154.907,134.717,0.930,247.144,130.119,0.942,283.205,119.259,0.864,290.742,114.777,0.872
88.327,215.948,0.909,120.748,157.549,0.913,155.576,140.300,0.943,242.792,126.710,0.896,284.919,120.484,0.902,292.482,113.590,0.920
86.308,215.841,0.889,120.767,157.907,0.875,155.112,142.020,0.934,240.015,123.317,0.913,283.123,118.581,0.909,301.209,112.348,0.898
88.130,214.358,0.895,118.746,156.863,0.947,153.182,143.308,0.910,236.685,123.998,0.904,281.774,115.845,0.909,300.280,115.631,0.930
89.725,218.341,0.909,114.058,160.644,0.903,149.211,144.741,0.833,241.810,121.302,0.906,286.575,114.755,0.950,298.730,118.786,0.919
96.653,213.838,0.929,112.816,160.320,0.929,147.804,147.902,0.879,240.132,121.724,0.898,288.150,113.366,0.920,300.157,113.656,0.917
95.693,216.162,0.912,108.775,163.530,0.931,148.067,146.719,0.960,236.019,120.396,0.885,288.648,113.550,0.914,305.604,114.415,0.880
102.586,218.929,0.921,110.658,165.981,0.918,147.448,147.426,0.902,233.390,123.355,0.927,286.150,113.747,0.921,305.497,111.863,0.912
105.398,211.259,0.920,104.702,166.567,0.951,149.314,152.288,0.993,233.862,118.322,0.922,283.800,110.202,0.891,307.416,112.363,0.901
107.792,213.461,0.948,105.296,167.243,1.000,147.487,151.713,0.901,229.280,121.828,0.918,280.340,108.111,0.931,307.870,114.832,0.970
109.582,215.916,0.940,106.610,166.818,0.949,147.280,149.624,0.929,229.452,116.091,0.898,281.439,105.436,0.904,310.545,114.799,0.989
116.901,215.408,0.973,105.317,167.597,0.976,145.304,156.579,0.917,225.988,113.352,0.918,279.958,103.972,0.906,310.501,111.061,0.918
115.325,206.966,0.924,101.596,174.679,0.935,145.649,153.685,0.963,226.257,116.216,0.925,283.142,107.547,0.914,313.175,110.852,0.961
121.076,207.769,0.960,107.280,172.142,0.954,146.823,160.585,0.918,223.979,116.668,0.899,283.154,105.784,0.920,317.030,110.503,0.946
120.614,207.017,0.873,106.146,171.433,0.929,145.497,159.435,0.915,226.208,115.607,0.906,277.742,103.743,0.957,312.252,109.566,0.912
123.828,204.106,0.930,107.692,180.979,0.918,147.713,161.325,0.882,217.451,116.981,0.902,277.285,103.561,0.904,315.440,111.802,0.919
121.602,201.225,0.929,105.380,180.211,0.902,148.787,161.415,0.959,216.766,116.857,0.933,278.070,99.968,0.923,317.769,107.505,0.942
124.680,203.120,0.920,109.914,182.078,0.940,150.119,162.478,0.897,214.635,113.478,0.915,274.698,99.719,0.926,320.484,105.434,0.869
124.576,202.232,0.902,105.700,184.882,0.900,148.486,164.669,0.948,213.341,116.339,0.940,272.602,100.082,0.955,315.044,105.646,0.919
124.556,196.293,0.933,106.523,187.098,0.942,150.731,165.218,0.970,213.582,115.589,0.916,274.017,97.237,0.918,320.644,107.226,0.961
122.704,196.574,0.929,108.495,189.168,0.860,147.267,166.015,0.925,206.111,112.145,0.932,268.601,97.268,0.923,320.081,101.921,0.940
125.188,195.028,0.906,108.217,183.979,0.862,153.521,167.405,0.895,206.240,114.920,0.926,271.029,99.764,0.922,319.882,101.101,0.914
128.926,193.309,0.961,112.737,193.541,0.926,155.368,171.500,0.912,203.792,117.049,0.896,270.220,92.278,0.952,321.359,100.400,0.927
127.287,188.235,0.905,120.164,189.152,0.870,156.284,169.571,0.887,201.733,117.137,0.910,263.621,94.874,0.919,321.778,101.514,0.980
122.274,185.600,0.915,119.174,190.737,0.914,156.948,170.340,0.900,200.728,116.130,0.933,263.777,97.092,0.909,325.665,101.131,0.853
125.010,184.483,0.893,122.150,195.654,0.963,160.947,176.649,0.931,198.635,114.114,0.916,261.476,96.223,0.833,325.210,99.363,0.915
119.786,186.859,0.926,121.926,194.207,0.928,160.151,175.746,0.991,198.728,121.359,0.981,262.860,92.197,0.893,325.292,95.805,0.884
115.833,181.550,0.939,124.597,195.058,0.893,164.843,174.878,0.937,196.505,121.973,0.873,257.855,95.148,0.905,323.695,93.271,0.896
115.103,178.723,0.941,129.418,197.722,0.950,169.604,173.276,0.887,191.250,119.318,0.909,257.058,93.152,0.945,324.480,96.182,0.904
113.803,176.665,0.928,131.788,193.701,0.919,166.239,176.044,0.942,193.835,123.819,0.926,254.211,95.076,0.941,325.899,96.496,0.851
111.675,179.071,0.934,136.224,196.082,0.907,171.898,176.839,0.920,190.634,123.706,0.904,254.588,97.973,0.951,325.067,91.150,0.949
107.759,177.734,0.916,135.033,196.258,0.874,176.663,174.702,0.906,190.109,125.388,0.897,253.873,97.360,0.927,322.878,93.342,0.957
104.486,174.396,0.906,141.248,198.052,0.952,178.753,174.745,0.916,185.655,126.303,0.889,249.480,97.105,0.888,325.332,88.321,0.917
102.646,176.739,0.913,141.050,196.297,0.907,177.421,177.275,0.895,189.138,128.354,0.874,245.460,98.253,0.907,325.361,89.903,0.980
98.559,173.919,0.904,141.088,194.613,0.948,182.008,177.655,0.943,188.795,129.704,0.945,244.737,96.167,0.897,322.355,87.103,0.920
93.141,174.225,0.906,145.164,194.415,0.917,182.059,176.431,0.918,188.202,133.515,0.970,242.529,99.498,0.883,319.800,88.235,0.918
91.771,174.869,0.921,147.675,193.017,0.925,187.477,172.248,0.886,184.234,133.966,0.908,243.972,97.592,0.903,321.448,86.418,0.872
88.945,172.359,0.910,151.583,191.208,0.860,188.609,170.438,0.984,184.534,131.514,0.900,239.814,98.342,0.895,321.655,85.357,0.935
85.005,174.796,0.877,152.749,192.420,0.888,190.121,170.107,0.918,182.606,133.428,0.923,238.680,94.823,0.859,318.236,82.276,0.938
83.871,174.193,0.930,162.117,187.173,0.951,195.771,166.206,0.924,188.882,136.070,0.921,238.169,103.357,0.876,319.812,78.334,0.927
80.471,178.228,0.930,158.106,188.097,0.914,194.610,174.430,0.979,187.623,137.423,0.852,234.916,97.945,0.946,317.692,84.009,0.849
76.265,181.453,0.913,160.481,185.387,0.898,194.388,169.729,0.918,181.996,136.318,0.969,235.817,101.713,0.917,312.608,81.539,0.913
77.682,183.542,0.946,162.179,184.177,0.944,199.547,166.599,0.917,185.146,138.184,0.921,228.317,100.191,0.921,313.421,82.655,0.951
72.125,184.029,0.915,161.068,183.562,0.908,200.861,167.990,0.939,187.562,137.996,0.891,236.408,103.139,0.913,314.938,82.444,0.947
71.411,186.061,0.900,168.087,184.300,0.942,201.900,169.215,0.916,189.200,144.068,0.925,230.231,103.039,0.978,310.084,78.939,0.949
68.979,184.757,0.932,164.240,180.557,0.960,202.024,163.642,0.940,188.188,146.690,0.974,230.725,105.341,0.949,313.548,78.633,0.961
66.307,188.972,0.962,166.230,177.528,0.954,203.860,160.281,0.893,194.014,145.888,0.869,228.506,105.147,0.881,305.385,78.735,0.937
67.774,191.661,0.957,168.326,179.624,0.907,200.773,160.446,0.889,190.799,148.226,0.902,226.981,107.250,0.921,307.520,80.192,0.897
66.339,187.055,0.959,165.705,173.060,1.000,202.689,159.514,0.879,189.402,146.618,0.957,228.083,110.599,0.902,307.020,77.817,0.898
66.826,191.993,0.893,164.475,174.032,0.911,202.282,159.937,0.905,192.042,148.344,0.891,227.032,112.546,0.958,307.892,76.661,0.949
69.028,195.290,0.930,165.641,175.348,0.942,203.681,152.964,0.902,192.377,151.802,0.938,223.595,113.733,0.964,301.394,70.174,0.878
65.514,202.875,0.877,164.918,172.896,0.947,206.033,149.640,0.942,196.587,148.608,0.907,226.383,113.725,0.939,299.564,77.997,0.918
65.459,200.232,0.868,161.574,169.589,0.858,204.849,156.896,0.920,195.265,151.109,0.886,227.142,112.516,0.910,300.450,78.116,0.884
60.949,196.925,0.963,160.099,166.629,0.921,203.637,152.071,0.915,198.039,150.629,0.850,227.259,117.601,0.928,298.335,75.687,0.874
68.876,201.817,0.896,161.219,165.043,0.944,206.177,147.907,0.901,203.958,152.232,0.921,223.030,117.373,0.928,294.285,73.104,0.957
67.918,207.823,0.941,158.263,160.906,0.910,203.162,149.606,0.925,205.340,155.744,0.951,228.237,121.791,0.919,292.577,76.066,0.919
69.461,208.464,0.904,157.035,163.945,0.889,200.098,148.466,0.907,207.221,155.819,0.871,227.213,123.944,0.900,288.163,74.431,0.953
71.791,209.895,0.902,156.049,158.050,0.903,200.868,145.046,0.855,206.324,151.689,0.952,225.793,122.933,0.895,288.618,72.466,0.941
76.063,211.426,0.896,155.652,157.421,0.938,200.406,143.994,0.950,210.058,154.690,0.901,230.534,123.125,0.876,286.462,73.083,0.929
77.053,213.589,0.960,151.297,160.417,0.891,198.810,145.386,0.867,210.933,157.856,0.954,227.087,123.749,0.904,287.304,73.020,0.923
79.724,210.142,0.878,152.151,156.641,0.918,197.310,144.740,0.976,211.826,155.916,0.940,231.555,124.077,0.913,284.873,76.836,0.958
82.416,212.901,0.917,147.784,155.709,0.875,195.986,139.749,0.914,215.455,154.176,0.926,228.557,124.082,0.958,285.944,79.287,0.937
85.909,211.617,0.889,145.894,154.078,0.942,193.764,138.037,0.961,217.433,154.409,0.898,230.204,124.942,0.910,282.863,79.036,0.914
88.365,214.580,0.878,143.885,155.508,0.944,190.674,138.320,0.957,219.925,156.575,0.980,233.601,128.772,0.926,278.729,79.859,0.894
90.669,210.493,0.987,132.898,157.188,0.887,189.072,138.281,0.924,224.668,153.038,0.932,234.764,127.293,0.958,278.427,77.037,0.895
93.104,216.829,0.908,137.001,157.021,0.904,185.593,137.106,0.877,223.714,156.908,0.948,235.138,128.136,0.933,277.385,80.386,0.938
100.270,215.775,0.924,133.339,157.361,0.945,187.843,137.585,0.877,226.067,153.897,0.931,235.373,130.952,0.912,272.466,75.846,0.945
102.463,217.267,0.893,127.571,155.117,0.889,182.761,136.564,0.931,228.961,153.009,0.853,237.832,128.265,0.886,274.752,84.720,0.909
104.453,220.106,0.883,129.839,156.189,0.943,179.832,132.812,0.881,231.899,153.074,0.938,237.986,134.234,0.955,274.234,84.767,0.908
106.141,214.128,0.944,123.143,151.488,0.892,180.130,136.181,0.942,237.381,146.291,0.889,239.770,134.265,0.891,269.208,82.917,0.907
113.701,210.785,0.900,123.380,158.350,0.896,170.338,135.223,0.892,235.439,148.383,0.927,237.778,135.543,0.910,270.349,81.282,0.922
112.093,211.923,0.922,118.005,159.978,0.884,175.590,139.490,0.919,237.348,149.852,0.936,245.613,135.642,0.944,271.642,83.234,0.987
116.686,212.567,0.950,116.378,156.516,0.906,170.061,135.708,0.943,235.754,150.199,0.875,245.864,129.587,0.957,267.042,84.575,0.907
115.167,210.086,0.906,113.498,160.372,0.906,166.666,133.925,0.902,239.090,151.133,0.933,249.294,137.316,0.908,272.293,86.132,0.896
121.708,207.579,0.917,112.514,163.353,0.911,162.901,137.851,0.942,241.603,145.968,0.915,248.625,130.332,0.963,267.989,87.762,0.867
122.657,200.955,0.905,110.964,165.269,0.947,158.121,138.944,0.974,244.499,139.313,0.877,253.646,132.988,0.933,264.128,90.399,0.907
120.937,205.148,0.927,108.438,160.769,0.919,157.668,139.827,0.887,239.975,142.604,0.918,256.513,133.833,0.936,265.532,90.863,0.955
123.988,199.898,0.911,108.121,168.918,0.898,163.550,138.952,0.924,240.048,136.398,0.996,255.565,135.162,0.908,265.372,91.862,0.906
122.585,196.351,0.925,106.771,167.802,0.905,156.086,141.709,0.900,244.552,141.946,0.941,259.921,134.769,0.942,264.776,90.458,0.942
124.497,197.981,0.873,105.855,169.025,0.926,153.089,137.934,0.872,244.638,137.048,0.923,260.332,134.364,0.941,262.252,93.839,0.907
122.737,197.452,0.904,105.598,172.699,0.933,151.246,141.560,0.969,242.386,139.903,0.921,259.454,131.358,0.901,264.981,95.266,0.893
125.522,191.826,0.891,104.409,173.649,0.966,149.952,143.017,0.877,243.366,134.876,0.960,262.301,134.127,0.917,263.520,98.359,0.937
126.683,189.819,0.913,104.170,177.658,0.974,147.018,143.992,0.956,244.398,131.386,0.945,264.592,133.516,0.887,267.387,95.736,0.956
122.542,186.739,0.878,105.797,175.073,0.943,148.384,142.995,0.899,245.923,132.478,0.893,264.941,131.933,0.945,266.811,99.900,0.973
121.946,188.446,0.933,105.438,177.467,0.968,149.706,146.100,0.893,243.341,130.336,0.887,266.592,130.386,0.868,266.167,102.651,0.893
121.928,182.482,0.902,105.797,177.052,0.944,149.631,149.506,0.897,245.284,129.619,0.954,268.049,132.949,0.939,266.856,101.696,0.927
116.034,181.193,1.000,108.684,180.828,0.919,148.295,147.343,0.946,247.102,128.244,0.970,272.883,129.238,0.947,270.223,101.374,0.957
117.872,180.188,0.920,109.391,182.867,0.870,143.849,149.044,0.913,242.500,124.620,0.886,277.665,132.442,0.933,268.037,101.675,0.863
114.460,181.164,0.919,106.868,187.500,0.949,148.219,156.825,0.910,242.184,127.273,0.854,275.665,132.047,0.949,267.673,105.700,0.969
113.029,181.908,0.948,111.758,189.524,0.976,143.202,153.994,0.919,239.505,123.059,0.890,277.839,132.524,0.913,266.634,108.265,0.876
104.876,176.637,0.931,112.272,188.706,0.937,143.971,152.767,0.851,240.249,124.614,0.892,281.674,128.718,0.948,271.748,105.621,0.930
105.396,175.165,0.925,114.663,189.948,0.907,147.311,157.838,0.967,241.581,128.245,0.895,279.098,127.230,0.941,272.434,111.802,0.897
103.951,175.634,0.915,113.218,191.821,0.955,146.596,161.629,0.902,241.321,122.534,0.911,280.219,124.573,0.896,271.131,106.772,0.921
103.107,176.399,0.971,117.735,192.288,0.821,149.606,161.024,0.955,237.822,120.916,0.923,283.034,124.750,0.936,272.036,109.320,0.916
95.838,177.090,0.894,119.696,189.446,0.997,148.218,158.182,0.861,233.018,120.942,0.913,284.718,124.418,0.934,276.526,107.571,0.967
92.675,175.905,0.885,123.628,192.308,0.913,151.417,159.029,0.881,232.872,119.040,0.875,282.581,123.237,0.895,276.925,110.647,0.915
91.583,172.642,0.924,126.771,196.252,0.925,150.249,165.662,0.924,226.266,120.411,0.907,281.364,125.765,0.921,277.961,108.352,0.926
88.086,173.306,0.937,124.907,193.437,0.939,151.630,165.112,0.933,227.345,119.099,0.897,284.748,119.827,0.898,282.061,114.191,0.909
86.569,174.622,0.899,127.132,195.555,0.932,152.016,170.351,0.938,229.258,113.915,0.918,286.873,118.523,0.947,278.025,111.630,0.933
81.620,176.956,0.922,130.676,196.307,0.914,155.888,168.778,0.934,222.751,116.696,0.944,282.793,119.073,0.904,285.314,111.321,0.947
80.488,179.015,0.902,137.981,195.474,0.933,156.075,171.321,0.925,220.798,116.192,0.892,286.894,115.929,0.962,286.049,115.927,0.918
75.679,181.941,0.876,137.061,192.133,0.891,154.085,173.742,0.938,221.322,114.997,0.876,285.734,114.311,0.906,284.259,116.297,0.875
75.400,179.944,0.926,144.735,195.363,0.891,160.992,172.199,0.968,214.514,115.457,0.968,285.502,113.109,0.919,286.976,118.863,0.934
74.877,182.777,0.942,147.736,194.172,0.902,164.265,170.275,0.946,214.438,118.871,0.925,283.047,114.127,0.929,289.936,116.307,0.883
69.925,185.753,0.930,149.469,195.580,0.961,161.312,173.979,0.887,215.435,118.041,0.934,285.357,113.056,0.925,289.924,114.806,0.923
68.406,182.873,0.884,150.969,190.790,0.950,165.765,171.733,0.940,213.302,115.983,0.914,282.069,107.630,0.888,293.914,112.744,0.955
70.779,186.112,0.920,151.728,190.039,0.959,169.546,176.125,0.924,209.696,112.946,0.887,283.538,111.018,0.911,296.611,115.677,0.928
65.148,190.358,0.920,149.354,190.261,0.912,172.563,174.264,0.965,208.064,113.429,0.912,282.612,108.145,0.875,296.006,116.925,0.931
63.902,191.286,0.909,153.179,190.738,0.911,170.471,176.900,0.887,205.703,113.831,0.951,286.484,106.993,0.945,296.005,116.750,0.917
62.326,187.479,0.888,165.875,188.624,0.903,174.319,175.271,0.919,204.468,119.486,0.914,281.354,103.210,0.948,300.678,118.502,0.876
63.693,192.580,0.945,159.548,186.574,0.919,177.073,175.920,0.922,203.016,118.301,0.878,282.690,101.530,0.922,301.976,112.299,0.952
65.320,197.012,0.901,160.181,189.016,0.872,181.244,175.822,0.970,201.828,117.104,0.890,277.458,101.178,0.943,308.425,115.279,0.923
65.123,199.315,0.942,160.301,183.342,0.885,185.053,172.057,0.919,198.701,119.747,0.923,277.510,102.770,0.881,303.723,110.439,0.944
71.215,199.760,0.867,161.925,182.711,0.920,185.023,174.513,0.900,196.907,118.426,0.961,276.702,102.168,0.908,304.595,113.011,0.970
66.356,205.581,0.939,162.392,179.149,0.876,190.177,174.121,0.878,195.680,118.828,0.854,275.980,97.786,0.868,306.006,112.672,0.935
67.535,204.792,0.949,169.251,176.150,0.939,186.908,177.489,0.897,195.578,123.996,1.000,274.964,97.505,0.921,309.090,113.878,0.867
70.894,210.044,0.909,167.575,171.784,0.958,187.625,173.668,0.856,192.471,123.522,0.958,271.663,94.357,0.926,311.167,112.042,0.892
75.448,207.859,0.925,165.188,174.975,0.898,189.775,171.823,0.963,189.440,124.014,0.917,268.259,99.353,0.882,312.011,109.719,0.922
74.445,207.461,0.888,167.397,174.407,0.910,195.981,174.620,0.944,190.796,127.603,0.960,266.448,98.910,0.921,312.834,111.377,0.937
78.111,210.743,0.937,163.741,168.661,0.945,195.402,169.386,0.908,185.844,126.827,0.954,262.860,94.545,0.857,316.116,110.834,0.985
80.807,213.547,0.928,163.374,169.863,0.921,198.782,165.688,0.903,185.907,123.371,0.930,266.349,95.705,0.920,315.769,106.886,0.902
82.370,211.169,0.943,163.587,167.356,0.941,200.504,168.021,0.953,185.003,130.617,0.883,259.173,93.496,0.930,318.379,109.759,0.920
86.071,220.367,0.961,160.505,168.175,0.898,201.007,166.436,0.894,186.985,129.770,0.928,261.084,93.047,0.903,319.801,106.677,0.946
86.852,211.294,0.891,159.396,166.931,0.939,199.992,165.081,0.937,186.414,132.498,0.955,260.062,99.924,0.894,320.051,106.099,0.908
87.251,215.947,0.941,159.503,161.447,0.891,206.173,161.470,0.896,182.267,132.455,0.944,261.154,99.772,0.936,319.464,109.247,0.936
94.566,219.415,0.887,155.956,160.911,0.906,205.523,161.098,0.926,184.850,135.374,0.949,255.692,94.139,0.941,328.081,104.688,0.952
100.351,216.234,0.862,155.571,163.086,0.917,204.581,158.243,0.882,185.933,135.434,0.944,252.778,95.306,0.918,325.477,101.552,0.908
101.592,213.750,0.890,155.822,159.703,0.870,208.090,158.350,0.947,182.597,135.756,0.871,252.732,94.383,0.943,319.947,103.847,0.944
102.650,210.276,0.880,148.146,157.154,0.907,205.750,155.794,0.884,185.079,136.359,0.897,250.733,98.023,0.919,327.247,101.879,0.935
107.114,213.518,0.933,149.624,154.287,0.915,199.930,156.385,0.953,187.884,144.135,0.966,246.743,91.703,0.903,321.826,98.095,0.964
113.049,215.688,0.978,144.429,155.682,0.894,205.743,152.963,0.943,184.594,140.191,0.889,243.202,97.854,0.923,325.198,95.584,0.869
111.148,209.168,0.923,149.889,153.301,0.916,205.027,153.672,0.959,188.537,140.893,0.944,243.905,97.476,0.996,326.378,101.083,0.910
115.690,211.672,0.950,142.676,158.391,0.928,203.897,150.464,0.869,191.932,143.542,0.934,242.697,98.342,0.934,321.572,95.312,0.929
117.980,211.873,0.945,139.230,158.480,0.964,204.169,145.829,0.926,191.597,143.036,0.967,240.675,96.641,0.916,322.890,94.631,0.884
121.569,209.012,0.100,137.655,156.245,0.945,199.256,143.340,0.912,188.731,148.607,0.947,236.703,96.572,0.926,325.823,92.787,0.923
120.210,207.483,0.100,134.281,151.491,0.905,203.117,145.402,0.940,190.164,145.429,0.918,234.349,99.932,0.957,326.745,91.995,0.901
125.270,203.679,0.100,128.741,153.116,0.914,199.265,148.524,0.936,193.004,151.297,0.878,234.381,101.828,0.894,321.695,93.254,0.898
123.144,202.908,0.100,129.915,153.330,0.988,197.184,144.293,0.905,195.296,151.039,0.950,233.579,98.561,0.938,328.926,89.310,0.883
126.305,197.785,0.100,125.607,157.596,0.923,196.534,143.518,0.951,196.449,152.353,0.895,231.390,104.774,0.921,325.462,91.658,0.917
127.491,198.482,0.100,124.723,158.239,0.990,192.034,142.857,0.900,197.292,152.381,0.921,230.586,103.601,0.943,324.812,88.537,0.869
128.990,195.247,0.100,118.771,158.224,0.882,193.689,138.977,0.932,201.229,152.216,0.898,231.131,107.252,0.907,322.466,86.430,0.883
128.936,190.402,0.100,120.343,159.526,0.913,191.345,138.322,0.924,196.802,154.630,0.940,228.992,101.193,0.887,322.590,85.143,0.919
122.975,191.749,0.100,116.928,160.150,0.881,187.891,139.159,0.906,204.538,152.945,0.917,229.521,106.894,0.905,321.077,88.397,0.928
127.006,184.726,0.100,109.526,162.204,0.887,185.502,135.561,0.895,203.745,156.543,0.919,228.642,105.289,0.868,322.249,88.831,0.916
119.961,186.887,0.100,111.651,163.397,0.884,184.464,137.821,0.927,211.271,152.100,0.911,223.450,110.769,0.904,317.850,85.261,0.932
120.529,184.124,0.100,107.804,165.927,0.903,183.596,134.966,0.927,213.441,156.980,0.930,228.151,114.222,0.968,318.841,83.411,0.912
120.419,183.531,0.100,107.516,169.187,0.921,180.041,139.496,0.916,211.679,156.024,0.917,228.361,116.152,0.872,313.960,82.010,0.949
115.272,180.442,0.100,107.473,171.304,0.931,176.110,135.990,0.890,216.208,157.116,0.908,226.329,115.006,0.878,316.939,80.786,0.929
115.827,182.567,0.100,109.389,171.644,0.965,174.220,136.416,0.913,215.190,155.242,0.922,225.626,117.715,0.925,310.040,79.180,0.919
114.252,179.496,0.100,103.890,171.603,0.917,169.866,137.279,0.899,221.136,155.451,0.997,223.842,116.031,0.946,316.160,78.866,0.916
112.378,178.394,0.100,107.086,171.490,0.893,169.986,138.478,0.896,221.020,155.498,0.862,223.853,116.533,0.966,310.176,81.400,0.974
107.500,176.492,0.100,106.371,177.000,0.883,166.478,134.113,0.964,223.669,154.740,0.922,225.028,117.550,0.922,305.056,74.330,0.907
107.412,177.803,0.886,105.964,177.574,0.916,164.536,139.713,0.894,223.051,156.361,0.954,227.719,119.172,0.964,311.426,79.036,0.928
101.993,178.160,0.918,109.198,178.522,0.941,164.329,135.492,0.861,229.000,155.964,0.889,229.304,121.250,0.906,304.880,76.144,0.938
100.476,175.742,0.976,105.964,179.590,0.927,157.574,137.147,0.920,228.090,155.413,0.904,227.603,124.788,0.912,303.998,75.873,0.934
97.692,174.048,0.888,103.597,182.164,0.940,161.317,136.319,0.898,226.883,153.899,0.869,230.701,122.353,0.963,298.767,75.337,0.923
96.240,174.929,0.917,109.850,183.493,0.909,160.091,133.762,0.937,238.222,152.551,0.934,230.132,126.424,0.926,297.762,77.526,0.924
89.241,176.820,0.909,110.578,181.368,0.938,158.045,139.895,0.909,234.663,151.625,0.893,229.802,125.192,0.858,301.124,77.749,0.947
87.546,173.261,0.893,112.314,186.831,0.927,156.699,141.233,0.906,238.374,151.321,0.914,229.465,127.184,0.894,295.304,74.722,0.959
83.301,177.259,0.912,109.773,185.649,0.916,154.441,143.048,0.951,237.933,151.607,0.912,234.780,128.860,0.920,293.765,75.743,0.941
80.341,178.232,0.906,115.549,192.019,0.879,149.263,142.390,0.854,240.288,144.579,0.944,232.301,129.785,0.926,295.247,74.736,0.917
76.394,179.050,0.884,113.244,188.724,0.968,147.101,146.017,0.923,240.879,146.337,0.964,234.403,132.516,0.935,292.314,78.627,0.921
77.634,183.646,0.929,115.027,192.181,0.898,147.024,148.670,0.896,240.419,143.066,0.920,238.479,130.226,0.900,290.282,78.253,0.930
71.529,181.982,0.928,122.960,192.866,0.948,146.709,150.115,0.893,243.332,143.281,0.923,238.269,129.032,0.963,290.060,78.540,0.892
69.019,182.924,0.958,122.654,192.211,0.933,146.837,151.979,0.900,247.919,143.750,0.941,242.464,130.434,0.901,287.025,74.140,0.949
69.422,185.122,0.935,126.605,190.751,0.939,145.208,151.862,0.923,240.304,140.933,0.937,241.604,133.921,0.889,288.606,75.541,0.879
67.230,187.093,0.899,130.573,196.514,0.935,143.841,151.384,0.881,246.923,139.426,0.936,239.336,134.283,0.947,283.735,76.479,0.978
71.781,186.239,0.914,129.692,195.483,0.951,146.570,153.846,0.913,246.926,138.604,0.901,243.066,136.015,0.961,281.018,74.201,0.880
66.925,195.688,0.848,134.890,195.427,0.929,148.556,153.565,0.887,243.763,139.171,0.897,248.061,134.993,0.968,280.214,78.156,0.888
70.329,195.348,0.887,136.398,196.423,0.903,145.554,158.400,0.920,244.155,132.562,0.898,249.477,137.405,0.901,279.213,78.584,0.944
62.941,195.666,0.902,140.454,192.778,0.891,143.310,159.363,0.932,246.659,137.534,0.940,251.324,134.656,0.919,278.919,84.072,0.896
64.498,196.270,0.917,139.328,198.836,0.904,151.169,161.025,0.929,244.948,133.094,0.922,258.377,134.958,0.883,279.210,82.431,0.899
69.139,197.617,0.866,142.534,195.174,0.960,147.661,164.965,0.965,246.462,129.443,0.943,255.222,133.766,0.958,275.372,82.480,0.924
65.982,201.768,0.956,144.738,195.284,0.953,148.762,164.515,0.944,240.188,128.160,0.882,257.668,134.622,0.971,270.137,84.603,0.930
67.026,202.298,0.964,151.750,191.214,0.924,151.308,162.701,0.934,241.294,126.865,0.910,258.911,133.960,0.942,271.915,79.903,0.870
70.872,204.803,0.990,152.933,191.006,0.886,150.239,166.072,0.897,243.099,127.126,0.934,260.829,135.458,0.953,269.262,83.837,0.914
70.125,209.839,0.936,153.749,191.952,0.912,151.622,167.711,0.911,239.778,126.920,0.889,261.034,134.005,0.979,270.996,85.417,0.939
72.102,208.451,0.930,153.016,188.496,0.949,152.338,169.023,0.874,240.926,125.437,0.840,266.009,132.653,0.936,268.511,84.024,0.934
77.283,210.571,0.949,158.791,190.225,0.940,153.593,170.330,0.890,241.382,124.704,0.903,266.832,134.660,0.922,267.010,88.479,0.904
77.615,214.125,0.953,159.301,189.415,0.937,157.647,167.743,0.852,236.269,125.847,0.939,268.417,135.427,0.906,266.580,86.659,0.893
81.100,212.075,0.880,161.438,180.913,0.920,162.148,171.386,0.977,236.532,122.159,0.937,268.705,133.301,0.950,267.115,89.464,0.910
85.920,214.233,0.892,159.417,184.799,0.931,161.194,173.876,0.894,236.222,125.623,0.924,272.391,133.264,0.950,266.694,88.443,0.917
89.056,214.112,0.888,160.775,180.322,0.930,168.680,175.902,0.887,232.762,122.646,0.956,272.150,132.713,0.922,262.819,95.681,0.942
91.321,218.880,0.916,165.876,182.854,0.905,164.438,171.516,0.973,230.535,117.281,0.943,271.771,130.134,0.924,265.605,93.566,0.916
96.702,212.389,0.954,165.005,178.207,0.918,166.896,176.225,0.953,228.909,115.280,0.951,279.556,131.589,0.900,266.616,95.420,0.944
95.128,215.716,0.929,165.526,177.185,0.948,169.973,177.596,0.906,225.318,112.512,0.849,275.495,131.033,0.903,265.716,92.619,0.906
97.153,215.527,0.973,167.183,177.679,0.972,175.782,175.669,0.915,228.174,116.300,0.916,279.972,128.542,0.964,266.191,96.441,0.944
105.744,212.130,0.901,164.462,177.650,0.876,174.837,178.273,0.964,225.092,118.026,0.852,277.955,126.927,0.933,264.153,98.472,0.932
105.905,215.498,0.888,162.930,170.213,0.922,179.356,176.928,0.948,221.462,117.293,0.901,279.104,127.580,0.907,265.926,100.395,0.913
107.555,217.003,0.908,165.167,171.725,0.935,180.545,176.825,0.881,220.383,115.541,0.936,283.088,125.089,0.916,268.973,100.657,0.915
106.626,215.386,0.917,161.359,166.686,0.956,185.842,176.656,0.899,221.087,118.172,0.935,283.012,122.166,0.899,266.575,99.704,0.896
115.652,214.065,0.865,164.770,166.460,0.937,179.936,173.195,0.940,216.335,114.570,0.849,284.021,125.626,0.876,266.837,96.660,0.955
117.675,210.822,0.919,159.317,163.410,0.888,190.423,176.675,0.907,213.907,112.925,0.941,284.781,121.718,0.912,266.077,104.472,0.892
116.758,206.269,0.936,159.783,163.562,0.929,191.651,176.380,0.942,209.899,113.762,0.921,281.836,120.914,0.876,270.734,106.629,0.915
120.981,208.516,0.957,159.434,158.774,0.887,191.460,175.397,0.921,205.893,116.603,0.899,281.846,118.563,0.945,269.525,104.302,0.920
123.759,203.294,0.909,156.313,159.769,0.907,191.382,173.106,0.896,208.402,116.091,0.876,287.796,116.033,0.914,267.902,105.988,0.938
120.666,203.858,0.923,152.978,160.745,0.928,195.482,170.964,0.934,203.691,118.432,0.945,287.390,119.102,0.905,271.435,107.907,0.918
125.974,203.991,0.892,147.445,159.011,0.901,192.687,171.885,0.913,201.673,117.276,0.909,288.320,119.566,0.913,271.462,109.171,0.902
125.733,198.760,0.903,150.239,156.086,0.940,197.982,167.041,0.872,205.908,119.059,0.892,282.831,114.217,0.882,271.495,109.874,0.938
123.973,196.649,0.908,144.995,159.441,0.901,202.147,165.868,0.898,197.647,117.606,0.929,287.105,114.303,0.895,273.409,109.645,0.941
125.156,193.257,0.874,144.408,155.385,0.950,203.289,164.963,0.975,194.247,121.523,0.851,283.529,109.716,0.897,277.221,115.175,0.891
124.976,192.259,0.881,143.409,154.097,0.910,200.912,166.837,0.907,194.314,121.857,0.851,283.159,112.691,0.902,277.296,107.882,0.924
123.926,189.378,0.955,140.665,155.861,0.924,202.747,163.904,0.912,191.108,121.964,0.896,281.815,109.500,0.905,284.412,110.550,0.888
123.806,190.758,0.979,140.648,153.027,0.890,203.359,158.592,0.864,194.429,123.326,0.965,284.013,104.721,0.887,284.390,112.369,0.931
119.609,189.476,0.929,135.758,157.717,0.906,209.172,156.525,0.925,190.188,121.640,0.891,282.768,107.279,0.940,280.285,112.978,0.973
121.610,180.113,0.927,132.308,157.235,0.920,203.420,158.884,0.943,187.614,125.309,0.898,284.594,109.179,0.935,282.998,112.950,0.917
123.884,184.899,0.875,127.807,151.587,0.926,210.077,156.648,0.927,192.732,125.960,0.946,278.388,105.057,0.945,283.602,116.575,0.956
118.988,179.356,0.916,125.823,155.856,0.920,206.771,157.591,0.966,188.899,127.665,0.925,277.229,102.486,0.946,288.823,116.931,0.922
114.691,183.526,0.972,121.942,154.566,0.939,208.048,156.176,0.930,188.428,130.380,0.921,277.958,98.378,0.902,289.136,115.584,0.865
114.605,180.114,0.908,116.979,158.678,0.957,204.085,154.794,0.961,187.613,133.761,0.895,272.835,98.886,0.903,293.901,117.096,0.907
112.338,179.881,0.897,113.643,156.755,0.953,205.598,147.586,0.875,191.117,132.305,0.955,273.839,102.239,0.899,291.788,117.762,0.901
109.229,178.659,0.912,114.305,161.681,0.946,203.987,146.337,0.918,188.999,136.166,0.922,277.644,103.025,0.942,294.926,115.599,0.920
107.486,177.561,0.892,116.724,163.897,0.925,202.681,149.215,0.953,184.165,135.916,0.935,272.371,95.683,0.915,296.458,116.586,0.926
100.290,176.470,0.871,114.023,160.035,0.927,201.458,144.512,0.900,188.266,137.183,0.921,271.286,99.353,0.881,300.336,118.973,0.910
101.221,177.964,0.961,111.459,158.981,0.974,201.574,145.101,0.926,184.592,140.995,0.941,268.079,97.019,0.930,299.398,112.976,0.919
93.699,177.253,0.869,111.850,168.257,0.933,198.616,142.144,0.925,190.480,139.581,0.904,265.966,94.266,0.893,299.462,116.498,0.920
93.260,177.339,0.911,108.934,163.876,0.925,198.395,143.124,0.935,186.249,142.552,0.954,266.391,97.608,0.938,303.485,116.626,0.919
86.646,179.965,0.923,105.162,167.378,0.915,193.713,142.951,0.934,187.759,143.031,0.881,259.457,95.227,0.896,305.445,115.382,0.877
87.320,174.508,0.923,110.189,171.204,0.879,200.552,142.682,0.881,188.042,140.529,0.895,258.368,96.008,0.956,307.812,115.945,0.872
80.442,178.342,0.943,106.546,171.731,0.856,190.666,141.169,0.905,185.806,141.215,0.902,260.489,96.078,0.930,311.473,114.148,0.929
81.474,177.283,0.889,106.676,177.398,0.939,188.053,140.587,0.852,189.130,149.176,0.931,259.212,96.140,0.891,313.384,115.058,0.952
84.187,178.158,0.906,107.383,180.923,0.911,187.580,140.725,0.879,192.466,147.116,0.897,256.398,94.565,0.924,308.012,112.720,0.902
72.493,181.312,0.967,106.608,181.458,0.958,185.394,136.209,0.918,191.779,147.682,0.934,254.007,95.029,0.884,314.461,113.629,0.920
74.038,184.958,0.899,104.556,184.690,0.935,186.362,139.352,0.957,192.829,148.391,0.894,246.273,98.007,0.905,312.437,111.362,0.946
72.263,182.021,0.973,106.127,183.863,0.862,179.679,134.542,0.887,193.991,151.723,0.924,245.654,95.788,0.921,319.466,110.932,0.902
70.061,185.519,0.912,106.545,183.094,0.899,179.772,134.309,0.948,196.530,148.081,0.902,247.179,95.785,0.875,319.112,107.556,0.900
69.944,185.722,0.857,107.308,184.236,0.920,177.798,133.461,0.932,199.428,152.476,0.890,245.370,98.432,0.951,318.121,110.149,0.889
64.822,186.798,0.921,112.696,188.227,0.918,172.302,136.152,0.925,205.275,156.061,0.963,243.758,97.264,0.913,323.435,103.195,0.910
70.026,192.266,0.926,113.089,189.621,0.944,168.144,137.563,0.897,203.250,156.249,0.932,241.819,102.143,0.873,316.950,108.198,0.911
67.334,194.959,0.912,118.622,191.763,0.901,170.340,136.838,0.890,204.737,152.109,0.868,239.126,99.279,0.921,326.086,111.595,0.936
67.552,199.967,0.932,119.438,188.041,0.918,165.994,133.727,0.894,205.452,155.878,0.868,238.293,97.139,0.899,320.837,104.809,0.881
66.192,196.375,0.912,121.473,192.120,0.906,164.322,136.218,0.971,208.103,155.311,0.891,236.640,99.034,0.936,325.202,107.800,0.944
68.502,199.058,0.921,122.201,195.046,0.964,162.634,139.377,0.871,211.135,153.030,0.883,231.588,100.469,0.853,323.841,101.615,0.929
64.936,200.695,0.923,123.431,196.772,0.921,161.923,141.760,0.929,213.695,160.579,0.863,232.825,102.504,0.952,325.874,104.786,0.948
70.623,206.622,0.948,128.675,191.938,0.954,157.366,138.363,0.906,213.330,154.628,0.940,234.302,105.022,0.920,325.755,102.865,0.919
69.019,204.014,0.942,128.586,193.838,0.970,154.310,143.438,0.906,219.784,158.365,0.867,234.590,104.926,0.928,323.542,98.721,0.975
72.660,206.485,0.911,133.157,195.059,0.905,153.821,145.747,0.899,220.710,157.286,0.867,231.538,104.684,0.940,321.950,97.394,0.914
75.371,209.093,0.964,134.955,193.294,0.931,153.445,140.511,0.935,218.611,154.012,0.913,231.380,107.687,0.884,322.715,94.825,0.931
77.599,211.652,0.882,135.155,196.913,0.954,145.997,144.857,0.902,227.889,155.409,0.991,231.804,107.200,0.922,326.169,99.587,0.905
80.357,213.362,0.949,136.190,195.623,0.928,150.457,147.256,0.899,224.119,154.517,0.918,230.141,109.869,0.913,325.972,92.283,0.921
82.122,213.129,0.952,145.510,197.161,0.967,148.940,148.335,0.974,227.750,153.324,0.911,227.214,113.790,0.947,325.646,92.620,0.938
81.390,213.407,0.983,142.249,195.209,0.960,151.037,145.270,0.923,229.647,152.333,0.915,227.230,113.099,0.907,324.853,93.988,0.978
89.147,216.831,0.915,144.946,195.376,1.000,148.373,152.584,0.935,230.029,154.263,0.881,226.468,115.143,0.895,325.157,91.647,0.900
90.678,216.622,0.931,153.564,189.861,0.923,146.237,154.267,0.957,233.773,153.704,0.925,225.753,115.832,0.884,325.022,91.090,0.918
93.724,214.589,0.900,151.455,193.269,0.921,146.575,151.580,0.947,233.302,150.109,0.898,227.625,116.002,0.926,322.065,90.130,0.968
93.518,219.655,0.967,156.244,193.210,0.935,145.297,155.046,0.881,236.493,153.047,0.919,225.430,117.736,0.936,325.678,87.154,0.906
99.367,219.249,0.875,160.587,191.350,0.920,148.346,158.921,0.885,237.474,151.694,0.874,226.479,117.827,0.889,323.861,88.995,0.893
103.519,215.707,0.938,158.549,188.275,0.929,147.612,160.071,0.923,241.133,146.735,0.998,225.140,121.734,0.966,319.263,87.411,0.936
106.458,213.480,0.919,160.678,181.717,0.858,145.618,162.003,0.926,237.206,143.366,0.978,226.221,120.007,0.943,321.431,82.814,0.935
108.878,217.433,0.939,165.014,187.756,0.953,149.232,163.488,0.884,241.082,144.996,0.983,227.110,120.559,0.956,319.424,84.914,0.943
113.574,216.470,0.954,161.002,185.062,0.906,147.242,162.197,0.881,246.641,147.136,0.927,225.609,119.305,0.908,318.427,85.507,0.888
111.867,212.797,0.942,160.420,184.709,0.929,147.956,166.006,0.897,244.083,142.706,0.918,230.527,126.422,0.948,320.004,79.725,0.927
113.820,209.932,0.943,163.430,184.223,0.948,152.702,167.346,0.953,247.550,137.681,0.919,227.433,126.457,0.933,315.983,81.326,0.936
114.807,212.620,0.939,170.837,180.019,0.912,150.591,166.307,0.932,245.343,141.486,0.943,229.953,124.069,0.935,316.290,80.393,0.934
121.132,206.297,0.898,167.016,178.214,0.984,155.935,167.198,0.984,248.768,139.189,0.904,230.361,126.779,0.918,310.547,77.192,0.960
123.404,208.998,0.910,164.215,173.621,0.929,151.813,170.387,0.886,244.959,134.609,0.901,235.302,128.670,0.947,312.600,81.066,0.915
124.174,203.638,0.882,168.673,172.150,0.929,155.829,171.635,0.932,245.825,136.620,0.897,232.961,132.382,0.925,312.007,79.364,0.944
125.194,201.963,0.918,169.789,171.090,0.956,156.478,170.539,0.922,246.918,131.491,0.900,239.220,130.884,0.915,311.007,73.116,0.916
121.648,200.980,0.927,164.686,171.756,0.908,159.159,173.885,0.887,243.973,135.499,0.902,238.861,132.754,0.911,309.554,80.630,0.934
127.185,199.325,0.933,161.546,167.329,0.947,163.662,173.013,0.872,246.151,133.038,0.926,237.256,138.248,0.920,309.405,76.464,0.924
125.781,191.195,0.915,164.165,168.989,0.935,165.824,174.671,0.966,245.273,127.574,0.957,244.247,134.145,0.942,301.880,75.680,0.954
129.727,194.976,0.889,159.718,166.708,0.862,166.490,176.683,0.892,246.825,131.953,0.893,240.080,131.010,0.927,302.684,77.925,0.947
123.275,191.672,0.907,158.722,164.347,0.881,166.075,179.466,0.885,246.047,125.499,0.924,243.882,137.216,0.877,300.647,75.354,0.944
122.755,188.285,0.835,161.834,162.666,0.896,169.742,174.921,0.910,244.486,123.109,0.920,246.709,132.526,0.911,299.313,75.709,0.973
124.546,187.486,0.914,157.689,162.227,0.890,174.266,177.835,0.923,241.975,127.110,0.898,249.124,133.301,0.899,299.563,74.490,0.905
118.711,182.723,0.934,160.521,160.699,0.880,176.013,177.777,0.893,237.664,129.191,0.887,250.080,135.734,0.911,294.064,77.063,0.912
119.140,184.253,0.959,148.968,159.864,0.938,181.158,179.121,0.938,237.526,121.260,0.944,250.566,136.142,0.942,293.975,76.470,0.918
121.564,181.243,0.953,146.943,159.170,0.875,183.919,175.945,0.850,238.207,122.731,0.903,255.145,135.922,0.884,290.268,78.287,0.926
117.423,183.781,0.932,146.271,156.849,0.918,183.377,178.663,0.915,237.359,119.147,0.889,252.142,139.705,0.918,287.540,80.143,0.910
113.303,179.649,0.975,144.469,158.129,0.913,184.892,172.260,0.873,235.227,122.901,0.922,257.052,136.077,0.910,289.950,79.770,0.896
115.055,181.265,0.890,142.651,155.652,0.897,190.801,172.292,0.969,231.656,119.590,0.942,261.335,137.606,0.932,283.052,79.963,0.919
109.519,177.373,0.953,136.602,156.583,0.942,187.323,173.981,0.898,231.242,119.889,0.944,264.410,140.878,0.894,285.739,76.871,0.963
106.316,175.291,0.959,135.299,154.817,0.927,193.495,173.943,0.956,227.987,117.829,0.907,266.667,136.380,0.949,283.283,75.442,0.955
101.671,181.671,0.903,134.317,157.618,0.950,195.365,172.698,0.913,229.113,118.971,0.952,265.620,134.970,0.875,281.086,82.328,0.978
102.257,175.207,0.912,131.274,153.171,0.921,197.146,167.960,0.915,225.158,115.460,0.945,266.538,135.827,0.899,279.851,76.592,0.900
93.187,173.107,0.891,126.143,155.557,0.956,195.770,173.954,0.939,221.132,117.389,0.928,269.950,136.641,0.939,278.945,80.788,0.908
95.915,173.346,0.898,125.184,158.833,0.949,200.946,169.970,0.893,219.487,116.271,0.924,270.256,136.148,0.910,280.306,81.432,0.902
92.223,176.388,0.893,122.675,159.551,0.900,203.649,165.750,0.923,216.073,115.455,0.945,276.638,133.994,0.945,273.065,84.678,0.940
87.366,179.131,0.872,122.798,160.610,0.924,202.424,169.703,0.873,214.364,119.549,0.911,272.379,131.335,0.859,272.395,83.601,0.917
88.409,175.109,0.925,120.646,159.018,0.931,201.815,166.413,0.954,211.520,117.082,0.956,277.269,136.803,0.934,271.475,85.580,1.000
82.123,182.241,0.863,117.451,159.719,0.937,202.061,163.664,0.910,215.283,117.155,0.917,275.380,131.440,0.871,269.522,84.982,0.864
79.643,183.626,0.910,110.685,161.761,0.919,207.300,161.245,0.871,210.958,118.440,0.887,279.758,134.219,0.897,272.814,84.149,0.897
74.810,189.614,0.925,110.655,166.609,0.951,206.921,163.109,0.911,205.984,118.771,0.877,275.088,130.635,0.918,271.112,89.696,0.921
73.367,186.620,0.963,110.069,166.347,0.983,205.217,159.530,0.910,205.466,117.356,0.892,279.504,127.941,0.904,266.762,89.236,0.897
73.565,186.534,0.920,110.923,170.772,0.902,205.725,160.144,0.916,206.700,117.765,0.936,283.995,130.479,0.943,264.961,90.238,0.889
71.843,187.446,0.843,108.106,169.955,0.969,204.442,154.792,0.973,201.056,120.056,0.932,284.051,127.553,0.959,267.818,90.793,0.940
69.867,192.560,0.956,107.896,172.675,0.965,206.827,155.965,0.895,201.315,119.201,0.863,287.146,121.386,0.904,267.078,90.236,0.924
68.694,189.694,0.884,105.253,173.068,0.923,203.743,151.208,0.983,198.367,116.977,0.968,284.525,122.147,0.952,268.604,95.988,0.915
69.859,192.811,0.900,106.518,176.253,0.875,202.911,153.416,0.894,195.658,123.097,0.920,282.510,119.923,0.916,265.284,95.301,0.923
66.349,196.287,0.933,108.037,173.589,0.912,203.495,150.575,0.959,197.217,127.090,0.909,283.560,119.734,0.989,266.727,94.629,0.929
67.413,192.199,0.909,104.960,175.416,0.911,201.279,146.590,0.976,195.728,118.599,0.916,285.603,120.223,0.930,267.835,94.946,0.910
63.759,197.119,0.901,107.767,177.511,0.902,208.386,147.208,0.915,190.671,122.107,0.915,287.045,120.410,0.912,266.159,98.345,0.883
69.031,200.703,0.936,104.411,179.973,0.944,203.308,144.829,0.944,189.035,125.917,0.946,286.801,114.577,0.909,263.133,99.538,0.909
67.609,201.658,0.919,108.485,184.259,0.931,202.741,142.978,0.943,189.657,130.176,0.914,286.170,113.785,0.900,263.400,98.167,0.965
72.514,206.207,0.929,108.844,184.602,0.917,200.918,140.943,0.910,186.641,131.582,0.914,285.645,114.819,0.933,267.164,102.141,0.907
71.948,210.123,0.909,113.752,186.726,0.922,196.069,139.697,0.941,189.444,133.636,0.977,287.123,111.783,0.893,269.883,102.002,0.948
73.369,209.930,0.922,116.178,185.745,0.982,191.694,141.969,0.948,185.674,131.848,0.931,286.773,110.477,0.882,265.892,106.274,0.891
70.823,210.067,0.922,114.295,186.586,0.926,194.464,140.394,0.912,188.328,133.661,0.917,282.171,112.481,0.920,269.757,105.555,0.914
73.655,212.770,0.866,114.736,192.311,0.905,192.087,139.981,0.904,186.968,131.647,0.917,284.266,110.751,0.946,273.167,107.364,0.962
78.880,211.056,0.921,117.421,193.524,0.972,189.924,140.437,0.921,186.117,138.439,0.927,288.903,106.309,0.903,271.652,106.275,0.873
80.432,214.790,0.897,118.689,191.784,0.908,188.197,134.172,0.892,188.132,139.049,0.943,284.123,109.812,0.909,272.203,106.316,0.889
83.485,211.276,1.000,125.440,196.023,0.884,183.073,137.149,0.907,190.823,138.470,0.932,283.715,104.358,0.904,274.619,107.628,0.980
86.752,217.813,0.906,123.864,195.404,0.943,182.774,137.305,0.920,187.042,141.560,0.921,280.429,105.152,0.980,276.603,106.518,0.944
88.823,214.378,0.917,126.846,195.354,0.898,177.260,134.221,0.944,185.001,142.817,0.871,280.139,106.021,0.932,277.397,111.843,0.872
95.382,217.779,0.957,128.654,197.216,0.886,181.928,134.364,0.953,187.901,141.111,0.906,281.894,100.151,0.937,271.374,110.358,0.900
97.619,216.877,0.896,132.063,196.149,0.880,177.884,139.099,0.901,189.740,145.957,0.848,275.769,102.291,0.850,278.575,112.485,0.917
103.091,219.411,0.919,133.688,199.596,0.864,174.450,136.436,0.927,187.177,143.482,0.888,278.687,105.021,0.936,281.403,114.186,0.929
101.023,213.931,0.950,134.494,194.419,0.888,168.087,141.217,0.896,189.048,144.826,0.943,275.130,102.700,0.919,280.003,111.608,0.944
110.320,215.328,0.928,142.302,199.061,0.901,164.038,141.106,0.948,192.728,147.227,0.934,270.519,101.160,0.894,282.780,115.110,0.908
107.919,216.755,0.916,142.472,194.988,0.948,167.792,136.380,0.920,192.985,145.278,0.929,268.966,98.844,0.889,285.789,113.500,0.920
112.220,215.629,0.927,145.232,198.181,0.948,166.057,139.660,0.951,198.672,150.715,0.867,269.696,98.272,0.968,288.799,112.542,0.891
118.377,211.035,0.901,147.246,191.684,0.940,161.743,142.265,0.940,195.051,152.249,0.956,268.693,99.841,0.886,287.829,111.169,0.932
119.100,213.028,0.917,152.569,193.143,1.000,156.765,143.430,0.900,197.681,155.274,0.949,264.568,95.085,0.977,288.636,115.064,0.903
116.067,212.896,0.963,152.107,193.897,0.927,156.913,144.858,0.938,198.344,149.138,0.916,268.745,89.499,0.912,289.508,116.716,0.943
122.855,207.267,0.873,155.432,191.573,0.949,155.245,141.617,0.962,200.717,154.065,0.912,262.890,96.569,0.890,290.944,115.814,0.891
125.929,208.891,0.923,159.566,187.397,0.951,154.713,141.878,0.925,202.457,152.727,0.893,263.150,96.164,0.917,295.341,115.909,0.880
125.177,202.323,0.910,158.471,190.034,0.956,152.060,143.338,0.966,205.847,156.257,0.945,256.184,97.625,0.903,297.248,117.488,0.881
126.753,202.080,0.905,161.540,187.931,0.964,154.281,145.123,0.969,207.765,158.758,0.866,257.141,96.577,0.922,297.840,117.219,0.940
124.324,205.404,0.935,161.081,190.532,0.912,148.295,150.246,0.945,214.865,157.959,0.973,255.995,96.721,0.933,300.292,118.455,0.930
126.683,199.039,0.917,165.231,182.688,0.883,150.408,151.094,0.977,212.555,155.605,0.912,252.816,96.617,0.920,297.797,116.994,0.922
125.938,194.615,0.902,167.392,182.893,0.879,145.865,152.517,0.956,212.043,155.889,0.895,248.689,95.492,0.906,303.321,116.625,0.907
124.092,196.587,0.957,165.748,181.548,0.917,146.490,152.656,0.942,219.273,156.773,0.911,244.690,99.493,0.925,304.922,119.375,0.964
124.674,193.755,0.926,166.464,180.202,0.884,151.356,155.787,0.886,221.337,153.530,0.954,248.452,98.390,0.928,307.220,113.262,0.926
124.592,192.864,0.900,164.196,179.546,0.927,146.551,158.863,0.936,217.607,155.405,0.914,243.785,101.079,0.918,308.626,111.496,0.942
122.685,188.001,0.913,167.056,175.468,0.912,147.911,154.680,0.917,218.957,156.807,0.930,242.656,98.628,0.914,308.110,111.979,0.918
121.414,186.929,0.910,163.628,174.068,0.876,148.633,159.605,0.939,225.279,156.766,0.966,243.014,101.293,0.931,307.243,113.748,0.902
119.855,183.283,0.911,169.014,171.253,0.972,150.653,164.096,0.946,224.657,156.296,0.907,239.669,101.505,0.883,313.430,112.585,0.902
122.052,184.299,0.945,162.527,171.410,0.863,146.310,164.836,0.930,227.698,153.010,0.904,239.419,101.614,0.954,314.847,114.824,0.952
119.979,182.032,0.906,167.949,172.799,0.969,146.411,162.185,0.972,233.308,154.816,0.898,237.346,102.244,0.949,316.403,114.390,0.911
119.469,181.996,0.919,165.573,167.450,0.962,150.854,165.709,0.923,231.807,153.334,0.930,234.182,102.131,0.945,316.997,112.820,0.914
110.482,177.518,0.965,164.085,165.822,0.919,150.395,171.425,0.912,235.116,155.027,0.883,235.163,103.637,0.928,319.082,111.454,0.937
109.937,180.511,0.905,162.452,166.151,0.958,152.993,168.672,0.946,237.803,154.447,0.923,233.511,104.372,0.942,320.187,108.341,0.943
106.545,178.606,0.992,159.888,161.589,0.931,156.612,168.709,0.935,238.185,150.333,0.900,231.680,106.328,0.954,320.699,108.276,0.957
102.161,176.728,0.975,160.762,165.561,0.940,156.065,171.685,0.928,242.485,147.584,0.960,230.672,110.208,0.936,326.083,106.493,0.942
98.601,178.466,0.928,156.383,163.297,0.869,155.316,171.394,0.934,241.182,145.859,0.939,230.690,110.173,0.903,323.893,107.170,0.945
98.890,176.582,0.946,150.499,162.616,0.919,160.138,173.198,0.929,238.803,144.995,0.887,232.377,110.911,0.924,326.226,107.253,0.932
95.867,178.744,0.893,150.244,160.048,0.903,162.372,175.830,0.868,244.113,144.284,0.902,224.480,114.304,0.928,326.634,104.949,0.899
94.942,176.271,0.947,150.620,161.515,0.902,163.318,174.155,1.000,243.015,145.357,0.917,226.579,113.113,0.919,324.801,106.173,0.915
85.574,177.388,0.931,143.736,158.972,0.928,166.786,176.625,0.954,243.172,145.580,0.919,228.186,113.013,0.938,324.198,104.902,0.980
87.742,178.003,0.926,143.159,159.349,0.949,167.280,175.524,0.886,241.390,144.050,0.920,226.970,115.925,0.916,326.262,100.176,0.931
81.071,178.301,0.923,138.656,157.144,0.902,171.041,178.670,0.862,244.938,141.958,0.937,223.098,114.086,0.878,326.185,96.096,0.916
77.406,181.777,0.935,137.489,153.592,0.889,172.515,174.904,0.960,247.808,141.791,0.956,226.629,120.486,0.971,327.438,98.408,0.895
78.839,183.705,0.915,132.551,158.503,0.912,172.168,172.388,0.974,247.105,139.606,0.924,229.011,119.499,0.941,328.199,98.997,0.896
74.726,182.004,0.916,132.408,157.400,0.930,175.431,179.315,0.915,247.161,139.313,0.885,226.199,122.117,0.945,327.117,96.766,0.984
76.134,190.291,0.949,130.013,158.154,0.892,181.782,175.935,0.967,249.796,137.818,0.946,227.272,123.435,0.914,324.248,96.911,0.916
67.559,186.976,0.897,125.370,159.695,0.955,182.277,176.009,0.931,247.990,136.224,0.914,224.765,122.132,1.000,327.153,93.977,0.919
72.071,185.462,0.853,124.090,158.774,0.929,181.264,180.238,0.888,248.652,133.796,0.901,227.321,122.279,0.972,325.817,94.190,0.860
66.719,188.397,0.972,122.140,162.737,0.946,186.671,176.635,0.897,245.945,133.282,0.896,228.105,125.914,0.986,324.018,95.049,0.875
66.376,190.657,0.877,123.444,160.493,0.926,193.595,177.080,0.942,248.128,132.492,0.910,229.728,130.511,0.883,330.321,91.666,0.901
63.238,195.464,0.916,115.222,160.611,0.969,189.096,172.356,0.932,244.566,130.177,0.911,230.047,131.054,0.895,327.792,92.715,0.897
68.410,195.702,0.878,113.715,162.480,0.924,195.364,177.302,0.956,245.143,126.706,0.949,232.977,126.856,0.872,327.930,86.009,0.932
66.581,198.408,0.927,117.420,162.840,0.849,198.276,174.999,0.864,244.358,127.083,0.882,232.913,132.410,0.965,322.640,87.805,0.915
70.380,202.606,0.916,112.881,166.422,0.890,195.611,173.132,0.968,240.565,124.012,0.943,234.322,132.308,0.939,326.212,87.663,0.947
69.254,204.563,0.952,110.989,172.009,0.911,199.666,170.683,0.935,240.660,124.045,0.903,237.269,131.915,0.870,323.785,85.253,0.948
67.886,203.957,0.953,111.241,169.568,0.977,203.069,170.523,0.842,235.944,123.116,0.886,234.609,132.933,0.922,322.635,85.964,0.973
69.198,205.488,0.918,109.420,171.995,0.896,203.012,167.777,0.862,236.814,121.892,0.877,239.635,134.445,0.939,321.535,83.772,0.883
70.748,211.315,0.905,109.641,174.285,0.983,205.230,168.583,0.876,234.586,120.232,0.903,244.007,134.151,0.980,318.026,85.391,0.912
72.326,210.020,0.920,110.733,176.177,0.928,203.772,169.807,0.884,232.367,115.948,0.953,242.675,133.788,0.918,316.699,82.605,0.920
78.208,208.407,0.908,104.988,176.085,0.972,203.870,165.008,0.907,229.269,118.492,0.909,247.737,134.882,0.955,317.417,82.440,0.913
77.455,216.329,0.909,109.205,182.694,0.926,206.161,162.333,0.895,229.238,123.574,0.971,245.855,132.029,0.911,312.577,82.851,0.890
81.080,214.287,0.891,105.884,181.673,0.916,207.768,163.847,0.911,226.420,121.562,0.957,248.729,137.869,0.907,310.867,80.260,0.896
85.115,215.696,0.934,110.316,178.792,0.880,207.079,159.927,0.926,224.608,119.308,0.904,255.051,134.931,0.873,310.888,81.574,0.937
87.500,214.611,0.936,109.859,185.070,0.913,206.860,155.360,0.943,225.115,114.410,0.898,248.475,137.905,0.870,308.240,79.600,0.911
91.235,215.989,0.905,110.239,185.755,0.908,204.552,156.364,1.000,224.780,114.897,0.908,252.093,139.809,0.933,305.302,80.424,0.871
95.607,217.578,0.913,109.337,188.519,0.904,208.028,155.036,0.987,221.441,117.178,0.971,255.297,140.706,0.926,306.095,77.565,0.913
98.323,216.942,0.893,114.718,190.205,0.961,208.251,150.450,0.938,218.818,117.125,0.897,256.963,139.757,0.954,305.345,80.933,0.965
98.287,219.735,0.906,113.155,188.895,0.929,202.891,153.910,0.893,217.288,118.374,0.969,258.603,140.586,0.884,302.509,75.788,0.914
103.580,219.058,0.948,116.781,193.038,0.912,208.955,150.105,0.904,218.234,113.223,0.928,263.596,138.069,0.912,299.090,78.913,0.915
103.678,212.884,0.900,119.141,194.526,0.927,203.428,153.476,0.948,209.242,120.032,0.956,263.355,135.175,0.892,300.481,75.898,0.921
108.992,213.772,0.938,120.579,193.162,0.958,202.651,146.357,0.903,212.323,117.047,0.941,264.235,132.945,0.978,300.895,77.562,0.936
113.263,214.400,0.898,122.298,194.589,0.913,201.526,147.033,0.935,206.125,115.996,0.922,266.561,137.265,0.858,296.893,78.170,0.943
114.338,212.836,0.924,127.436,194.164,0.926,202.246,146.031,0.939,204.217,121.133,0.942,269.389,137.627,0.855,294.054,77.088,0.928
118.368,214.412,0.924,125.015,194.687,0.911,200.507,146.539,0.980,201.414,121.176,0.926,271.651,134.338,0.903,290.691,77.918,0.883
122.519,214.441,0.858,130.566,198.459,0.882,197.864,143.129,0.996,199.181,119.113,0.902,274.893,133.676,0.872,293.109,76.780,0.912
124.517,207.015,0.890,131.930,197.269,0.912,195.165,140.050,0.940,196.414,121.572,0.961,275.149,133.281,0.852,290.137,76.075,0.917
119.036,207.265,0.902,136.628,197.747,0.909,197.257,144.933,0.917,197.831,120.628,0.920,272.430,131.160,0.850,284.148,77.057,0.911
123.496,202.914,0.970,136.844,195.787,0.927,189.303,142.192,0.901,197.152,123.192,0.959,277.559,132.737,0.937,285.379,80.804,0.967
125.745,203.177,0.903,143.803,199.366,0.944,187.573,140.429,0.899,194.106,123.941,0.968,280.177,132.488,0.896,285.316,81.075,0.889
128.948,203.487,0.877,145.554,196.756,0.845,185.150,139.136,0.921,193.027,126.581,0.916,282.742,129.877,0.934,283.213,81.757,0.958
126.547,203.184,0.864,148.210,198.025,0.843,184.754,135.728,0.909,192.523,126.167,0.904,280.703,130.026,0.940,278.923,78.353,0.942
130.966,198.934,0.946,146.226,191.543,0.953,181.681,135.975,0.915,186.898,126.066,0.902,282.980,127.431,0.922,278.775,78.944,0.970
128.569,195.654,0.911,152.302,191.858,0.986,181.969,140.112,0.929,191.938,130.664,0.891,284.458,131.630,0.838,277.815,82.655,0.926
125.091,192.579,0.939,153.306,196.200,0.921,177.008,137.238,0.935,190.274,132.989,0.834,284.226,124.671,0.925,273.684,82.888,0.915
124.310,191.358,0.958,153.580,193.920,0.927,174.834,139.042,0.889,186.578,131.056,0.903,288.079,125.799,0.929,273.147,84.234,0.924
123.399,189.439,0.945,161.690,190.969,0.918,173.131,137.262,0.912,187.707,135.500,0.863,289.789,124.533,0.950,269.390,83.882,0.930
120.226,188.744,0.896,160.613,188.525,0.861,170.608,137.911,0.950,187.651,134.001,0.910,286.903,121.997,0.955,269.308,86.629,0.926
121.277,188.389,0.909,157.287,193.436,0.882,169.126,137.420,0.924,186.290,135.028,0.884,285.430,121.269,0.955,271.971,84.363,0.880
122.661,182.934,0.952,164.151,186.098,0.894,164.700,140.388,0.925,183.937,139.225,0.942,288.389,118.934,0.933,269.910,85.953,0.922
118.497,178.908,0.932,166.526,186.816,0.955,168.349,144.789,0.939,188.132,140.321,0.950,292.126,117.284,0.889,273.005,90.113,0.891
117.645,182.422,0.943,164.209,182.192,0.991,164.050,137.988,0.944,187.154,142.193,0.903,289.366,117.146,0.966,272.678,90.410,0.907
111.380,181.994,0.896,166.727,180.033,0.866,158.952,143.178,0.878,187.743,140.911,0.923,286.884,117.261,0.864,267.174,90.515,0.902
108.160,177.584,0.886,168.187,177.518,0.890,157.048,145.012,0.951,188.860,143.646,0.897,292.290,112.282,0.918,265.604,90.909,0.956
106.060,178.080,0.906,167.267,179.350,0.899,154.411,139.726,0.955,189.951,143.501,0.889,289.062,113.600,0.919,267.126,95.776,0.896
102.057,180.019,0.940,167.037,179.835,0.935,153.814,147.340,0.917,195.888,148.709,0.903,285.223,111.672,0.922,270.759,91.494,0.982
104.707,176.855,0.931,168.357,174.517,0.911,155.988,146.549,0.949,190.581,145.922,0.920,285.843,109.960,0.907,267.109,95.692,0.883
97.086,178.473,0.887,166.076,174.806,0.946,150.449,147.547,0.971,195.429,148.281,0.896,285.079,109.892,0.978,268.512,97.883,0.958
96.560,179.903,0.917,167.277,173.716,0.945,150.099,150.137,0.890,192.911,148.182,0.919,283.833,108.685,0.917,264.748,101.451,0.914
92.080,180.002,0.935,165.854,172.315,0.950,149.322,152.167,0.932,194.006,151.793,0.935,284.488,106.165,0.946,269.839,100.947,0.987
87.289,177.629,0.924,163.622,169.258,0.932,153.332,152.072,0.869,198.308,153.029,0.937,283.727,107.388,0.916,267.807,104.128,0.946
87.525,183.493,0.917,163.866,164.345,0.935,152.546,155.340,0.958,200.621,157.826,0.901,278.689,104.820,0.901,265.387,103.023,0.949
83.852,180.269,0.924,161.325,163.771,0.938,148.065,156.128,0.936,203.348,151.001,0.947,274.898,104.947,0.918,273.462,105.320,0.918
80.841,182.537,0.917,160.468,161.381,0.947,149.893,158.478,0.957,204.653,154.409,0.934,279.072,102.741,0.932,269.369,104.832,0.875
77.620,181.949,0.902,159.943,159.736,0.966,143.336,156.994,0.944,204.307,159.111,0.923,275.983,100.643,0.919,270.227,103.284,0.952
75.993,187.238,0.963,156.567,161.438,0.901,146.731,158.680,0.908,205.875,157.193,0.899,275.506,99.658,0.851,270.192,105.248,0.926
74.604,189.901,0.954,152.262,161.328,0.884,148.511,165.536,0.892,209.131,157.809,0.883,272.644,102.682,0.956,275.565,109.558,0.922
75.242,188.454,0.942,150.442,161.841,0.941,147.717,164.743,0.932,212.271,158.345,0.920,276.674,101.182,0.961,270.704,106.647,0.948
69.808,193.774,0.923,148.975,155.419,0.910,146.290,163.785,0.882,211.487,159.956,0.950,269.904,99.057,0.922,274.385,112.923,0.942
68.345,190.983,0.949,146.834,165.018,0.955,150.674,163.895,0.927,212.396,155.182,0.902,264.001,102.704,0.926,277.630,107.763,0.930
66.153,193.234,0.925,142.655,157.466,0.943,152.738,166.575,0.937,217.642,156.596,0.922,265.548,97.550,0.965,273.939,107.467,0.901
67.725,192.847,0.904,142.297,158.390,0.911,153.210,168.807,0.925,216.871,156.945,0.842,264.291,98.215,0.923,274.469,112.532,0.904
68.523,200.878,0.959,135.733,159.616,0.863,155.438,171.327,0.950,221.401,159.811,0.889,261.606,97.353,0.930,278.286,113.772,0.963
71.587,198.573,0.925,137.225,157.750,0.920,158.742,174.584,0.909,227.177,158.329,0.936,260.111,94.034,0.898,279.876,115.021,0.893
66.296,206.161,0.915,131.622,155.369,0.925,152.532,175.798,0.888,222.532,155.223,0.974,257.875,97.217,0.927,283.880,110.840,0.929
65.146,203.398,0.882,126.879,157.800,0.887,162.961,174.410,0.959,228.579,155.289,0.892,256.756,97.510,0.932,280.101,116.473,0.935
69.362,209.064,0.911,126.044,157.146,0.980,161.685,171.037,0.893,229.788,156.910,0.942,257.776,102.589,0.951,288.125,113.338,0.909
71.346,209.977,0.869,121.947,160.509,0.925,164.583,173.254,0.919,234.516,156.781,0.967,254.479,101.866,0.936,288.484,117.067,0.933
72.153,207.589,0.890,120.805,160.208,0.918,164.411,175.080,0.893,235.658,152.302,0.929,247.914,98.621,0.954,284.009,116.521,0.914
80.143,210.523,0.918,123.244,163.906,0.907,169.125,176.798,0.897,235.408,154.497,0.946,248.027,98.177,0.890,288.764,117.624,0.877
72.085,214.140,0.893,119.000,159.589,0.932,170.432,175.377,0.896,235.957,152.550,0.942,247.246,96.621,0.887,292.593,118.735,0.895
78.024,216.168,0.895,116.478,164.492,0.985,172.402,175.848,0.951,236.963,152.972,0.936,244.723,100.561,0.937,294.295,121.545,0.912
81.835,217.301,0.884,113.340,162.285,0.947,172.970,181.418,1.000,240.068,155.649,0.879,240.640,102.734,0.936,300.386,118.870,0.895
86.619,215.735,0.919,114.426,163.375,0.887,181.454,177.756,0.934,241.458,146.145,0.889,240.864,98.533,0.913,296.625,118.399,0.932
90.232,214.696,0.912,109.604,171.372,0.927,179.229,179.350,0.950,242.559,148.409,0.943,238.079,100.228,0.902,301.074,120.274,0.925
91.809,217.891,0.934,109.513,172.299,0.938,179.416,180.187,0.924,242.444,144.913,0.900,237.707,104.223,0.956,301.502,118.370,0.969
95.994,216.142,0.968,110.293,171.793,0.926,184.886,177.436,0.915,245.235,144.907,0.913,237.891,105.049,0.870,304.344,118.409,0.961
97.315,214.047,0.912,105.730,172.036,0.911,188.260,176.883,0.943,245.831,148.064,0.888,238.032,103.786,0.891,302.628,114.403,0.970
97.746,216.132,0.911,108.920,173.569,0.926,191.357,177.501,0.924,246.913,143.988,0.923,237.072,105.003,0.900,305.708,119.257,0.915
104.232,218.426,0.916,110.324,175.326,0.918,192.206,173.941,0.874,245.241,140.206,0.949,232.984,104.585,0.899,306.556,116.352,0.893
105.065,216.372,0.938,110.330,176.509,0.956,195.052,176.638,0.966,250.576,139.478,0.904,233.711,106.205,0.929,311.298,116.543,0.914
105.638,214.508,0.924,109.272,176.590,0.923,196.113,174.074,0.922,249.693,142.000,0.907,233.265,105.835,0.913,308.095,113.441,0.901
111.295,214.944,0.867,110.712,180.578,0.892,197.188,174.868,0.915,250.706,140.076,0.928,228.381,111.802,0.910,310.249,114.531,0.953
114.831,214.156,0.878,107.695,187.136,0.950,197.738,175.042,0.883,246.520,138.063,0.891,232.028,108.847,0.888,312.091,114.791,0.908
118.060,215.499,0.922,110.993,186.229,0.895,202.043,173.124,0.926,249.877,133.344,0.927,229.677,111.705,0.893,316.400,116.150,0.971
120.351,210.386,0.912,110.181,186.473,0.965,204.191,170.323,0.913,249.177,132.121,0.916,227.449,109.013,0.973,316.427,112.437,0.879
122.555,212.016,0.952,113.229,191.321,0.862,201.874,169.339,0.921,249.053,132.783,0.919,231.203,113.096,0.990,316.269,114.221,0.921
127.193,209.425,0.915,115.527,191.770,0.945,207.759,169.869,0.918,247.807,132.244,0.944,227.073,118.066,0.918,319.314,112.569,0.910
126.039,205.129,0.897,119.213,189.848,0.940,206.405,166.880,0.885,245.366,128.777,0.991,226.762,120.975,0.900,318.284,109.432,0.920
127.148,202.432,0.981,119.296,192.038,0.980,204.608,166.085,0.977,243.567,127.383,0.892,225.567,121.080,0.952,321.273,111.606,0.888
130.343,202.153,0.932,119.969,192.443,0.932,209.872,163.232,0.949,240.908,125.434,0.944,228.703,123.181,0.938,323.834,108.456,0.921
130.271,199.965,0.912,123.680,194.154,0.942,212.381,160.704,0.909,238.599,125.279,0.879,227.829,122.774,0.887,323.505,111.065,0.889
126.460,197.713,0.923,126.301,196.392,0.925,207.613,159.015,0.902,240.090,122.026,0.899,227.366,123.235,0.913,325.204,104.759,0.901
128.761,193.123,0.892,125.433,199.228,0.973,211.743,156.504,0.914,240.695,123.038,0.931,234.234,122.875,0.936,325.613,107.547,0.882
125.909,192.411,0.943,129.129,200.682,0.960,206.279,155.811,1.000,237.823,123.461,0.924,226.424,121.771,0.911,324.598,104.755,0.909
126.780,190.146,0.924,135.906,198.280,0.891,206.588,154.740,0.886,236.072,122.043,0.940,231.157,124.011,0.912,328.400,104.884,0.899
128.630,189.979,0.932,135.506,195.966,0.943,209.220,152.895,0.968,235.647,118.791,0.910,230.481,123.853,0.892,332.088,102.680,0.926
124.417,187.632,0.899,138.702,196.569,0.897,207.181,152.830,0.891,233.089,117.047,0.895,230.974,127.880,0.891,327.867,102.022,0.894
121.759,185.649,0.980,140.305,198.319,0.923,201.560,149.967,0.947,230.462,120.895,0.899,232.821,130.366,0.932,323.789,97.678,0.891
117.848,185.812,0.856,150.009,196.677,0.879,204.236,147.733,0.970,228.001,118.254,0.925,235.551,131.635,0.895,333.347,98.412,0.883
119.068,183.803,0.907,145.545,197.203,0.938,202.616,148.072,0.978,223.712,118.957,0.911,238.873,130.471,0.873,325.923,97.731,0.898
115.678,179.272,0.946,147.009,195.429,0.944,201.122,141.927,0.908,224.003,119.443,0.931,236.272,131.330,0.888,328.474,97.335,0.887
114.896,181.097,0.952,153.186,199.201,0.895,199.361,142.871,0.954,221.227,121.688,0.920,241.006,133.803,0.910,325.846,97.807,0.933
111.927,180.773,0.922,154.795,197.281,0.935,202.163,144.545,0.921,221.015,117.200,0.900,239.607,134.842,0.926,324.423,94.391,0.901
109.076,181.396,0.901,154.907,193.213,0.954,194.580,142.856,0.945,218.593,115.210,0.954,247.163,136.432,0.866,329.040,89.636,0.891
106.862,178.124,0.934,158.906,189.427,0.969,193.571,143.748,0.969,214.634,118.579,0.893,241.807,135.099,0.948,326.070,93.451,0.909
101.129,178.694,0.910,162.084,191.511,0.906,194.988,137.710,0.933,216.730,116.445,0.872,245.699,140.588,0.947,326.757,89.135,0.899
101.034,180.072,0.872,164.912,190.325,0.895,188.354,139.411,0.893,210.834,120.035,0.955,246.410,137.364,0.897,327.042,91.978,0.943
91.839,176.519,0.919,165.759,187.327,0.919,186.223,137.763,0.884,210.784,119.286,0.945,248.150,139.822,1.000,323.569,86.490,0.934
94.384,177.049,0.907,164.393,185.745,0.930,186.703,137.753,0.927,206.719,120.701,0.938,248.559,140.046,0.926,326.091,86.717,0.878
86.905,177.098,0.914,165.490,187.068,1.000,182.261,136.789,0.897,202.581,118.988,0.933,249.931,137.992,0.948,323.551,86.650,0.858
82.602,180.942,0.928,171.033,179.773,0.914,180.935,140.431,0.926,200.890,123.949,0.912,251.112,139.861,0.899,321.498,82.840,0.861
82.903,182.862,0.906,165.708,182.251,0.892,176.818,138.512,0.860,200.841,123.591,0.949,256.174,137.904,0.886,322.050,84.567,0.874
80.150,183.359,0.940,164.403,180.513,0.928,172.206,139.461,0.932,197.765,124.943,0.938,253.646,135.799,0.952,319.067,85.161,0.955
80.117,183.561,0.943,168.729,177.053,0.853,171.478,136.814,0.930,202.210,123.342,0.902,258.201,138.060,0.896,318.831,84.582,0.941
74.533,181.958,0.925,167.715,178.721,0.895,171.309,139.682,0.985,198.459,125.630,0.914,262.383,135.582,0.888,316.054,78.747,0.882
71.707,188.904,0.938,167.852,172.567,0.962,172.512,136.387,0.934,194.788,127.586,0.904,265.511,140.626,0.882,313.264,83.595,0.928
72.677,190.736,0.883,165.151,172.816,0.861,167.474,138.948,0.966,193.510,126.930,0.939,268.132,134.627,0.951,314.438,80.253,0.922
71.965,189.872,0.977,164.453,170.007,0.931,161.632,138.764,0.906,188.284,128.212,0.947,269.059,139.388,0.931,311.792,81.297,0.907
68.220,190.951,0.900,163.254,166.421,0.857,161.256,136.638,0.903,191.192,129.845,0.936,270.092,137.759,0.975,308.996,78.909,0.895
69.339,193.879,0.921,163.878,170.612,0.949,159.781,143.241,0.962,188.411,130.374,0.932,270.729,135.695,0.956,306.200,76.436,0.933
66.217,194.916,0.903,163.485,167.742,0.987,159.714,145.405,0.917,189.122,134.541,0.885,275.538,137.288,0.945,307.550,78.737,0.940
68.708,198.671,0.934,162.100,165.835,0.923,156.700,146.193,0.913,191.150,133.074,0.930,274.433,130.228,0.934,301.342,77.069,0.886
68.569,200.581,0.905,158.159,162.668,0.901,152.725,143.119,0.943,191.391,135.720,0.939,278.283,134.125,0.893,305.654,75.564,0.929
64.141,203.086,0.922,154.292,162.007,0.888,156.869,147.471,0.906,191.311,137.122,0.892,281.420,135.981,0.918,302.057,77.966,0.951
70.907,205.089,0.913,154.054,159.513,0.898,153.082,149.834,0.911,186.863,135.997,0.924,279.710,129.328,0.943,303.828,80.020,0.889
70.711,204.823,0.894,153.853,158.306,0.872,153.959,147.512,0.969,186.811,139.517,0.907,281.966,127.996,0.946,296.465,78.421,0.958
70.561,206.239,0.983,150.962,158.195,0.873,154.620,150.515,0.857,189.908,143.538,0.961,281.724,128.951,0.877,293.345,78.799,0.900
78.010,209.920,0.894,141.541,157.416,0.930,149.798,156.614,0.935,188.706,140.633,0.956,285.514,127.945,0.870,292.683,75.447,0.917
77.175,212.312,0.937,143.249,160.390,0.944,148.629,152.752,0.884,190.270,143.752,0.948,285.791,129.330,0.933,291.748,78.487,0.892
77.579,212.331,0.958,141.050,159.852,0.910,147.904,158.038,0.968,188.809,145.394,0.892,288.559,126.150,0.900,288.742,77.403,0.934
79.690,209.764,0.936,142.247,157.236,0.880,147.326,157.865,0.899,190.103,146.627,0.919,286.131,124.472,0.879,289.627,79.560,0.871
84.086,215.580,0.909,133.054,157.806,0.893,149.182,160.904,0.942,192.780,143.816,0.918,286.246,126.211,0.862,290.577,80.097,0.922
88.091,216.905,0.956,133.306,157.008,0.930,146.557,163.736,0.907,190.187,147.390,0.938,285.893,121.419,0.910,285.415,78.951,0.917
89.574,219.828,0.963,133.922,159.645,0.959,146.976,160.907,0.952,192.574,145.977,0.939,285.547,123.873,0.857,285.428,84.851,0.914
93.489,219.067,0.910,125.919,159.725,0.915,146.847,164.130,0.908,194.329,150.095,0.914,287.761,116.859,0.904,282.379,83.161,0.889
93.571,219.411,0.922,125.722,161.021,0.911,151.367,166.680,0.941,197.608,154.141,0.943,287.514,116.925,0.940,280.938,80.917,0.899
98.193,218.479,0.935,122.704,158.837,0.931,151.243,168.736,0.941,199.287,152.794,0.925,290.478,115.691,0.921,280.595,82.894,0.981
103.835,218.645,0.973,119.790,161.429,0.937,154.685,167.061,0.870,200.299,154.848,0.941,288.606,113.927,0.906,278.543,84.964,0.902
105.115,216.868,0.930,119.738,164.003,0.940,154.699,170.975,0.878,202.645,157.158,0.923,285.990,115.246,0.912,279.777,85.429,0.903
109.136,219.193,0.914,115.871,162.532,0.958,154.198,172.578,1.000,205.025,154.996,0.922,284.650,113.803,0.929,275.456,86.557,0.933
110.301,218.817,0.907,118.730,165.182,0.922,153.595,170.927,0.883,206.463,160.565,0.943,284.427,113.923,0.940,274.225,86.123,0.937
116.284,222.120,0.926,117.526,169.835,0.915,160.058,172.377,0.901,207.824,156.439,0.886,289.992,110.446,0.884,273.384,82.849,0.883
115.017,213.615,0.963,113.808,168.399,0.881,160.107,172.065,0.900,209.841,159.442,0.864,288.535,111.390,0.993,274.813,85.132,0.909
117.166,219.951,0.927,112.158,168.073,0.943,160.777,177.322,0.927,216.758,156.941,0.961,284.137,108.663,0.945,272.205,89.501,0.961
118.372,210.650,0.932,109.878,176.632,0.904,165.437,178.364,0.944,211.514,162.041,0.928,285.095,107.682,0.904,272.664,89.031,0.903
123.587,210.730,0.895,106.675,173.513,0.914,164.688,178.933,0.939,217.883,159.779,0.994,280.527,103.204,0.938,271.009,90.880,0.931
124.444,207.567,0.932,110.553,176.217,0.905,170.232,178.266,0.930,217.675,161.044,0.955,280.061,106.713,0.913,271.413,94.355,0.935
127.835,208.155,0.856,109.330,175.666,0.907,170.930,178.935,0.960,223.017,157.598,0.861,280.013,104.399,0.883,270.653,94.317,0.961
126.341,206.337,0.964,110.820,175.857,0.883,174.095,177.254,0.904,223.431,158.711,0.971,280.351,102.527,0.867,268.435,93.905,0.888
124.959,201.973,0.923,109.273,181.683,0.961,176.225,178.653,0.909,223.924,158.341,0.924,275.726,101.208,0.919,269.118,102.446,0.953
128.700,198.773,0.916,109.219,185.338,0.927,179.866,177.277,0.909,225.292,157.988,0.958,277.320,104.134,0.892,263.964,95.357,0.916
127.000,197.491,0.942,111.645,186.621,0.914,184.479,177.689,0.896,229.261,160.028,0.936,276.935,99.830,0.987,267.817,97.304,0.937
127.328,197.763,0.872,111.545,186.406,0.910,184.927,173.965,0.903,235.382,159.514,0.901,276.509,97.245,0.871,269.398,95.680,0.958
130.269,188.870,0.884,112.426,190.989,0.914,185.734,178.067,0.913,230.844,157.112,0.922,268.443,97.055,0.937,268.701,101.523,0.967
128.261,189.633,0.888,115.376,193.398,0.905,189.567,174.580,0.936,232.420,158.047,0.884,275.367,99.933,0.925,267.072,100.967,0.949
125.319,191.014,0.891,117.460,191.112,0.898,193.907,179.165,0.913,236.091,156.160,0.952,269.035,96.361,0.944,271.577,102.989,0.914
124.750,191.507,0.943,117.783,193.394,0.920,193.959,173.168,0.930,236.943,152.725,0.892,265.990,96.214,0.906,271.961,108.115,0.910
120.738,188.048,0.935,122.095,193.667,0.940,196.626,175.093,0.893,242.939,148.764,0.962,264.268,102.081,0.933,271.346,105.213,0.896
118.423,185.260,0.900,123.768,196.635,0.837,194.675,177.531,0.891,239.695,157.631,0.928,261.220,96.029,0.893,271.337,105.609,0.955
120.055,184.990,0.955,124.701,195.088,0.914,199.155,174.091,0.899,244.285,150.851,0.941,259.718,100.043,0.956,277.419,107.071,0.870
118.825,182.897,0.964,128.295,198.811,0.916,198.478,170.341,0.926,244.795,148.614,0.916,254.993,99.966,0.942,271.511,110.316,0.882
114.701,181.995,0.904,126.114,198.123,0.948,204.034,172.503,0.888,242.142,148.471,0.965,252.640,99.399,0.911,272.522,111.934,0.867
109.013,178.102,0.923,132.868,197.394,0.856,201.057,173.236,0.921,244.648,145.063,0.938,255.879,97.696,0.934,274.813,111.830,0.924
107.942,177.726,0.913,139.012,195.050,0.944,203.802,171.101,0.918,248.721,145.478,0.875,253.836,98.531,0.926,277.865,111.229,0.902
104.981,177.512,0.938,135.936,201.943,0.870,208.819,168.914,0.892,247.267,141.902,0.934,247.950,97.686,0.857,279.488,113.937,0.929
101.961,179.682,0.915,139.114,200.226,0.958,204.863,166.647,0.955,248.541,145.436,0.946,248.210,100.012,0.926,278.439,114.444,0.972
96.294,177.433,0.965,146.002,194.502,0.900,204.712,165.069,0.926,246.823,140.271,0.984,242.564,100.832,0.918,278.553,109.983,0.916
96.762,179.534,0.955,144.893,199.648,0.924,208.541,160.808,0.951,249.202,138.396,0.959,242.279,96.943,0.897,280.212,111.013,0.915
92.347,178.174,0.895,146.640,192.753,0.933,206.867,163.100,0.954,250.399,138.862,0.944,240.963,101.530,0.915,283.101,114.450,0.929
87.476,178.294,0.924,150.750,196.217,0.910,208.761,156.218,0.891,250.507,137.627,0.940,241.050,104.252,0.871,281.743,114.071,0.985
83.099,181.210,0.897,154.340,196.152,0.927,208.986,158.630,0.932,249.671,137.147,0.922,240.281,102.664,0.912,286.667,115.541,0.923
81.577,179.952,0.925,153.435,197.893,0.913,205.023,156.093,0.917,245.250,135.376,0.983,242.397,104.018,0.918,288.494,121.046,0.942
79.824,183.592,0.953,157.715,197.966,0.984,207.536,154.957,0.896,246.058,131.932,0.943,237.054,104.435,0.945,287.921,124.319,0.911
79.418,184.459,0.974,159.197,190.384,0.938,208.883,154.900,0.895,245.455,133.515,0.883,235.219,103.818,0.916,287.536,117.107,0.873
78.299,186.969,0.904,162.834,194.025,0.931,210.373,149.113,0.878,244.409,131.096,0.932,233.435,107.119,0.927,291.902,122.045,0.886
71.669,188.185,0.922,165.351,190.221,0.877,207.429,149.337,0.932,247.585,125.287,0.901,232.547,110.357,0.934,294.578,120.908,0.934
74.425,188.059,0.875,164.747,189.636,0.967,204.429,151.149,0.925,242.805,130.161,0.879,230.790,108.616,0.916,295.356,116.626,0.921
73.265,192.551,0.934,166.815,190.664,0.937,201.325,145.054,0.916,243.354,128.519,0.968,234.616,109.718,0.945,297.713,116.402,0.948
69.046,192.762,0.940,169.183,187.314,0.926,202.145,149.563,0.905,241.753,126.995,0.945,230.746,110.360,0.917,301.079,122.387,0.925
68.225,198.123,0.943,168.389,185.307,0.897,204.027,144.647,0.918,238.422,126.768,0.916,229.524,113.680,0.906,303.344,115.113,0.874
73.006,196.513,0.940,172.845,180.568,0.866,196.506,144.374,0.913,239.704,124.180,0.939,230.464,115.282,0.994,301.054,118.451,0.897
68.648,198.391,0.933,166.011,178.332,0.933,197.184,144.733,0.962,235.968,122.080,0.910,228.379,116.345,0.925,307.234,121.099,0.942
70.499,200.348,0.901,166.974,178.118,0.930,195.905,142.804,0.899,233.693,121.142,0.915,230.651,115.759,0.925,304.189,120.069,0.886
69.102,206.170,0.891,168.835,178.667,0.922,194.016,145.289,0.886,231.913,120.503,0.915,225.276,117.658,0.957,304.866,118.539,0.942
70.042,202.765,0.923,167.256,177.992,0.886,189.532,139.635,0.917,233.706,122.004,0.902,228.822,118.648,0.932,311.149,120.948,0.902
68.803,207.634,0.901,170.281,171.456,0.921,186.378,138.142,0.952,227.126,120.236,0.917,229.714,122.317,0.936,308.976,114.851,0.937
72.757,213.905,0.984,166.697,174.151,0.882,187.012,140.817,0.863,227.427,120.708,0.929,229.063,120.203,0.892,313.551,119.543,0.920
72.565,214.475,0.924,167.702,169.775,0.927,184.701,142.079,0.886,226.695,117.449,0.923,229.619,123.742,0.899,313.843,118.432,0.917
74.994,212.812,0.957,167.432,169.001,0.938,181.046,135.083,0.940,220.447,120.211,0.919,230.161,128.315,0.977,315.591,111.565,0.901
80.119,214.448,0.925,161.159,165.826,0.985,180.559,144.165,0.897,216.733,119.610,0.940,230.906,128.063,0.918,319.125,115.097,0.921
80.493,217.781,0.940,159.616,165.717,0.899,175.630,139.850,0.938,219.835,119.322,0.925,228.993,125.010,0.919,318.060,112.183,0.898
88.559,217.852,0.898,161.808,162.838,0.957,174.336,142.440,0.902,217.350,119.303,0.919,236.443,125.321,0.910,322.423,111.814,0.894
86.527,219.923,0.973,155.999,164.742,0.948,172.175,141.216,0.861,215.306,120.559,0.876,230.633,132.126,0.948,322.503,113.223,0.925
91.616,217.956,0.946,154.941,160.984,0.947,170.840,142.199,0.878,214.218,119.224,0.914,234.042,129.215,0.960,322.671,111.339,0.957
93.780,220.973,0.947,150.527,160.438,0.938,164.654,142.829,0.866,212.728,125.143,0.859,235.781,128.245,0.901,324.970,108.356,0.847
93.228,217.826,0.973,152.026,161.347,0.954,163.163,145.310,0.866,207.042,117.494,0.963,238.717,131.379,0.893,328.001,106.854,0.949
94.806,216.354,0.956,144.986,162.299,0.920,166.338,143.364,0.891,204.897,118.932,0.969,240.617,132.973,0.910,324.302,106.162,0.989
99.086,219.451,0.936,139.962,157.795,0.931,162.507,141.968,0.953,206.658,123.077,0.929,240.889,133.219,0.909,324.959,107.096,0.937
105.160,219.621,0.911,143.860,161.534,0.945,158.095,145.704,0.907,202.230,122.010,0.948,241.495,131.874,0.908,327.955,109.875,0.877
110.755,217.749,0.918,137.759,161.300,0.895,156.780,146.691,0.915,201.548,123.851,0.962,238.810,136.824,0.947,325.770,103.791,0.898
110.252,219.701,0.913,140.635,161.631,0.960,160.186,145.161,0.882,200.918,122.582,0.930,241.856,136.904,0.946,325.052,105.088,0.873
114.666,219.143,0.917,134.807,159.886,0.962,153.311,147.384,0.927,195.629,123.567,0.925,248.302,136.000,0.914,331.784,104.312,0.911
117.337,215.136,0.920,130.968,159.421,0.901,150.563,149.950,0.923,199.287,130.280,0.876,244.619,136.481,0.905,327.302,103.504,0.911
124.749,214.260,0.971,125.731,160.769,0.969,149.192,152.181,0.923,196.570,128.283,0.934,248.615,135.866,0.920,327.782,102.724,0.881
120.586,210.180,0.891,126.976,160.814,0.906,155.245,155.416,0.880,196.808,129.940,0.922,250.673,140.297,0.923,327.972,100.040,0.901
122.630,210.032,0.934,121.909,165.996,0.919,147.160,153.793,0.923,190.336,130.300,0.877,251.476,141.624,0.941,331.162,98.611,0.921
125.278,207.145,0.943,121.683,158.943,0.965,149.698,157.755,0.973,193.580,128.178,0.936,257.302,138.606,0.943,331.105,98.610,0.939
127.094,207.242,0.919,116.753,165.544,0.896,150.610,159.514,0.884,193.810,133.899,0.923,259.434,137.908,0.931,329.001,96.940,0.962
123.353,204.317,0.946,119.963,170.719,0.955,149.431,161.043,0.969,191.561,130.782,0.910,257.823,143.374,0.977,330.167,95.302,0.986
128.752,202.755,0.898,112.914,166.472,0.925,144.934,159.653,0.920,193.362,130.789,0.923,260.970,142.020,0.950,330.601,95.552,0.948
128.088,203.849,0.946,112.945,167.989,0.915,152.045,159.501,0.942,191.330,137.367,0.897,265.852,136.581,0.894,329.261,91.136,0.899
129.169,199.062,0.936,112.715,171.636,0.980,148.301,159.634,0.960,187.802,135.707,0.959,264.230,139.431,0.939,327.400,89.869,0.912
127.352,199.303,0.913,108.608,172.673,0.928,152.156,168.585,0.912,188.702,136.728,0.950,271.445,136.728,0.929,323.324,88.040,0.943
130.451,198.449,0.896,110.545,173.526,0.960,150.887,166.692,0.945,191.639,139.066,0.953,268.020,138.481,0.958,325.968,86.936,0.888
130.160,192.175,0.877,112.068,172.982,0.929,151.938,167.491,0.922,187.027,144.703,0.904,272.212,138.085,0.901,316.920,90.700,0.919
128.024,192.702,0.929,109.167,178.877,0.900,152.639,168.485,0.936,189.529,143.735,0.882,274.815,136.730,0.887,320.820,86.661,0.920
127.261,190.651,0.971,111.351,178.748,0.893,159.568,168.611,0.965,194.140,143.407,0.903,272.481,135.097,0.926,321.280,84.816,0.911
122.035,186.425,0.943,107.938,181.684,0.925,158.070,166.889,0.943,192.995,149.881,0.850,279.826,137.554,0.919,320.979,85.947,0.885
120.110,182.543,0.909,107.648,183.792,0.911,159.987,176.649,0.900,190.207,146.228,0.914,276.296,132.854,0.851,317.193,82.205,0.902
118.410,188.263,0.943,109.165,182.515,0.915,159.404,174.472,0.931,194.535,149.740,0.943,279.491,132.004,0.933,315.502,84.299,0.904
118.616,187.772,0.906,111.211,188.123,0.933,160.569,174.409,0.898,193.850,151.154,0.843,282.588,133.387,0.901,316.363,85.040,0.952
116.476,181.349,0.927,113.508,187.405,0.911,162.630,176.230,0.922,196.758,154.242,0.887,283.400,134.594,0.926,318.751,80.456,0.969
113.616,184.194,0.961,111.258,187.507,0.927,164.332,175.868,0.912,195.799,151.814,0.954,286.277,129.768,0.898,311.634,82.703,0.885
109.221,175.853,0.921,115.540,191.106,0.984,170.371,179.042,0.935,200.637,152.049,0.945,286.971,128.996,0.941,311.425,81.776,0.941
106.432,182.283,0.918,116.837,190.195,0.981,167.208,179.255,0.914,198.857,157.419,0.991,286.957,132.225,0.965,311.672,79.479,0.923
104.425,180.290,0.912,117.165,194.990,0.926,173.070,179.927,0.978,202.730,158.475,0.918,285.896,128.723,0.902,307.019,81.152,0.902
98.260,176.981,0.905,119.219,193.527,0.900,176.651,178.790,0.894,206.434,155.124,0.922,287.039,126.760,0.843,308.141,81.677,0.920
95.809,177.486,0.873,123.654,196.960,0.937,174.558,180.305,0.880,205.606,157.736,0.945,287.254,123.745,0.928,305.265,79.517,0.981
94.226,179.800,0.930,122.517,197.211,1.000,177.149,177.996,0.935,209.728,153.468,0.935,287.742,126.648,0.972,302.875,81.549,0.916
93.552,182.502,0.935,128.065,198.688,0.892,179.619,181.001,0.910,208.447,155.639,0.913,290.824,120.781,0.908,302.681,80.500,0.967
88.748,183.196,0.904,132.608,198.614,0.878,184.677,178.247,0.957,211.624,160.402,0.948,289.603,123.207,0.905,299.545,77.753,0.885
84.645,182.513,0.890,132.762,197.139,0.902,185.666,178.313,0.822,215.658,160.380,0.942,290.531,120.592,0.910,298.759,80.964,0.924
81.094,185.768,0.950,134.467,202.622,0.929,189.312,182.273,0.940,213.996,163.462,0.928,288.292,117.747,0.898,296.835,80.666,0.953
79.943,184.237,0.914,142.392,198.025,0.925,191.383,178.040,0.915,216.679,158.970,0.905,290.505,116.609,0.858,291.396,78.779,0.907
71.982,185.055,0.940,142.271,202.071,0.912,196.232,179.470,0.872,217.339,154.099,0.915,293.582,116.604,0.891,292.364,82.528,0.958
76.917,188.435,0.954,143.847,203.063,0.894,195.907,175.356,0.955,222.812,159.527,0.908,287.465,114.578,0.877,291.971,82.936,0.934
74.760,191.898,0.967,146.717,200.546,0.951,198.912,174.513,0.917,223.508,158.901,0.891,287.362,116.356,0.917,288.335,80.475,0.920
70.667,191.372,0.934,149.105,201.015,0.945,196.351,174.670,0.936,223.759,160.074,0.885,285.231,110.887,0.926,287.761,81.486,0.967
71.932,193.306,0.896,152.422,201.412,0.881,198.853,175.067,0.946,229.186,160.601,1.000,284.042,111.999,0.937,289.703,81.952,0.935
70.582,195.017,0.936,153.505,200.026,0.888,203.393,172.711,0.917,236.129,156.826,0.960,286.031,110.951,0.889,284.771,81.928,0.910
67.917,198.227,0.929,157.926,194.558,0.975,202.398,174.153,0.861,233.900,154.756,0.871,285.623,111.270,0.931,280.957,83.647,0.890
72.566,196.302,0.893,157.893,193.056,0.882,204.272,171.328,0.929,239.329,155.929,0.945,284.468,107.774,0.896,281.570,85.222,0.877
70.350,205.505,0.942,165.834,194.810,0.886,206.388,167.632,0.907,236.578,159.566,0.897,280.962,106.961,0.889,280.661,80.822,0.931
68.421,204.695,0.948,161.126,193.318,0.982,206.306,166.345,0.924,237.026,155.017,0.969,282.791,104.776,0.923,278.318,85.198,0.904
75.669,207.050,0.913,162.726,192.357,0.989,210.785,165.039,0.882,242.108,158.076,0.933,283.091,108.354,0.916,276.422,86.957,0.908
72.375,211.693,0.944,165.724,189.697,0.913,211.532,164.797,0.874,242.586,152.365,0.870,280.575,100.158,0.945,275.852,85.968,0.950
72.559,212.286,0.937,163.565,189.227,0.921,209.654,165.403,0.960,244.667,151.295,0.904,274.952,102.560,0.920,275.089,86.113,0.878
77.120,215.116,0.920,165.919,185.280,0.916,213.233,160.597,0.938,241.414,149.538,0.917,279.098,100.269,0.948,274.515,91.131,0.981
79.395,213.136,0.957,169.610,185.549,0.926,207.039,159.796,0.905,242.710,146.837,0.923,274.023,103.796,0.896,271.591,92.335,0.867
80.474,214.729,0.832,167.434,183.852,0.881,215.161,157.471,0.951,249.223,149.223,0.903,270.871,100.470,0.935,271.980,93.907,0.954
76.482,217.002,0.898,173.836,182.652,0.943,208.470,157.603,0.911,248.316,147.501,0.899,273.874,98.742,0.916,271.827,97.013,0.927
84.832,214.265,0.914,168.913,179.758,0.931,209.672,155.372,0.890,248.086,148.543,0.965,265.589,102.317,0.904,271.253,96.265,0.934
87.603,216.329,0.920,167.568,180.089,0.952,207.401,151.781,0.885,248.620,146.598,0.908,265.889,102.163,0.937,270.634,94.042,0.941
90.481,218.411,0.881,169.352,176.039,0.908,203.583,150.257,0.950,251.205,143.103,0.885,261.863,99.709,0.905,271.561,96.417,0.888
94.985,217.540,0.917,167.960,175.966,0.882,207.818,151.828,0.897,252.866,140.926,0.919,263.876,100.212,0.950,269.410,94.817,0.881
97.351,221.704,0.905,166.797,169.644,0.919,205.714,150.344,0.929,250.437,142.688,0.969,263.409,100.310,0.908,269.945,100.189,0.895
